epoch,loss,accuracy,runtime,samples_per_second,steps_per_second
1.0,0.7206370234489441,0.4729241877256318,0.4444,623.246,11.25
2.0,0.6773412823677063,0.5270758122743683,0.4476,618.879,11.171
3.0,0.5067193508148193,0.7653429602888087,0.4433,624.852,11.279
4.0,0.40073585510253906,0.8194945848375451,0.4505,614.937,11.1
5.0,0.4261936545372009,0.8194945848375451,0.4441,623.675,11.258
