epoch,loss,accuracy,f1,runtime,samples_per_second,steps_per_second
1.0,0.42200028896331787,0.7769607843137255,0.8562401263823065,0.7024,580.88,9.966
2.0,0.5337554216384888,0.875,0.914572864321608,0.6978,584.695,10.032
3.0,0.287617027759552,0.8823529411764706,0.9120879120879121,0.6849,595.722,10.221
4.0,0.3193058371543884,0.8995098039215687,0.928695652173913,0.6851,595.552,10.218
5.0,0.3055129945278168,0.8946078431372549,0.9244288224956063,0.6861,594.68,10.203
