epoch,loss,accuracy,runtime,samples_per_second,steps_per_second
1.0,0.7192716002464294,0.5053999633900788,12.2089,447.462,7.044
2.0,0.7114953398704529,0.4946000366099213,23.6243,231.245,3.64
3.0,0.7056843638420105,0.5053999633900788,23.8247,229.3,3.61
4.0,0.7020523548126221,0.5053999633900788,8.4797,644.243,10.142
5.0,0.6931178569793701,0.4946000366099213,42.0816,129.819,2.044
