epoch,loss,accuracy,f1,runtime,samples_per_second,steps_per_second
1.0,0.42884811758995056,0.8063725490196079,0.8621291448516579,0.3307,1233.653,21.166
2.0,0.4025666415691376,0.8382352941176471,0.88,0.3305,1234.382,21.178
3.0,0.34314239025115967,0.8455882352941176,0.8795411089866156,0.3361,1213.907,20.827
4.0,0.5059040188789368,0.8553921568627451,0.8944543828264758,0.3335,1223.491,20.991
5.0,0.5708248019218445,0.8602941176470589,0.8991150442477877,0.332,1228.736,21.081
