epoch,loss,accuracy,runtime,samples_per_second,steps_per_second
1.0,0.6930766105651855,0.5091743119266054,0.4897,1780.648,28.588
2.0,0.6930345892906189,0.5091743119266054,0.4887,1784.498,28.65
3.0,0.6959530711174011,0.5091743119266054,0.4892,1782.601,28.62
4.0,0.6954222321510315,0.5091743119266054,0.4893,1782.113,28.612
5.0,0.6970097422599792,0.5091743119266054,0.4862,1793.335,28.792
