epoch,loss,accuracy,runtime,samples_per_second,steps_per_second
1.0,0.6971774697303772,0.5270758122743683,0.1915,1446.321,26.107
2.0,0.7004931569099426,0.4729241877256318,0.1788,1549.375,27.967
3.0,0.7001706957817078,0.5270758122743683,0.1793,1544.615,27.881
4.0,0.6933928728103638,0.4729241877256318,0.1785,1551.421,28.004
5.0,0.6932342052459717,0.4729241877256318,0.1782,1554.593,28.061
