epoch,loss,matthews_correlation,runtime,samples_per_second,steps_per_second
1.0,0.6357328295707703,0.0,1.709,610.303,9.947
2.0,0.6465929746627808,0.0,1.7158,607.879,9.908
3.0,0.6183360815048218,0.0,1.7229,605.376,9.867
4.0,0.6331773996353149,0.0,1.7153,608.047,9.911
5.0,0.6189013719558716,0.0,1.7143,608.396,9.916
