epoch,loss,accuracy,runtime,samples_per_second,steps_per_second
1.0,0.6917499899864197,0.5270758122743683,1.3071,211.917,3.825
2.0,0.7014309763908386,0.4729241877256318,0.9806,282.472,5.099
3.0,0.7221574187278748,0.4729241877256318,1.4899,185.924,3.356
4.0,0.7012987732887268,0.4729241877256318,1.367,202.632,3.658
5.0,0.6936837434768677,0.4729241877256318,1.3079,211.791,3.823
