epoch,loss,accuracy,runtime,samples_per_second,steps_per_second
1.0,0.9880897402763367,0.5091743119266054,1.3595,641.398,10.298
2.0,0.703501284122467,0.4908256880733945,1.3429,649.343,10.425
3.0,0.7419187426567078,0.5091743119266054,1.3408,650.352,10.441
4.0,0.7037566304206848,0.4908256880733945,1.3335,653.912,10.499
5.0,0.6965914368629456,0.5091743119266054,1.3432,649.178,10.423
