epoch,loss,accuracy,runtime,samples_per_second,steps_per_second
1.0,0.22900336980819702,0.9093904448105437,3.1118,1755.552,27.636
2.0,0.2451230138540268,0.9146988833974007,3.1179,1752.157,27.583
3.0,0.20781604945659637,0.9220208676551346,3.0361,1799.372,28.326
4.0,0.24697312712669373,0.9218378180486912,3.0409,1796.504,28.281
5.0,0.26040610671043396,0.9220208676551346,3.0387,1797.83,28.302
