epoch,loss,accuracy,f1,runtime,samples_per_second,steps_per_second
1.0,0.7044040560722351,0.6838235294117647,0.8122270742358079,0.2411,1692.503,29.038
2.0,0.6240754723548889,0.6838235294117647,0.8122270742358079,0.2401,1699.475,29.158
3.0,0.6240617632865906,0.6838235294117647,0.8122270742358079,0.2414,1689.964,28.994
4.0,0.7133393883705139,0.3161764705882353,0.0,0.2588,1576.356,27.045
5.0,0.6245135068893433,0.6838235294117647,0.8122270742358079,0.2399,1700.534,29.176
