epoch,loss,matthews_correlation,runtime,samples_per_second,steps_per_second
1.0,0.4890952408313751,0.515219709004514,1.6779,621.62,10.132
2.0,0.3666219711303711,0.6477132175158729,1.6732,623.35,10.16
3.0,0.39567703008651733,0.6415962846581377,1.6825,619.91,10.104
4.0,0.43683716654777527,0.6482821804104875,1.6751,622.637,10.148
5.0,0.43850913643836975,0.6651597656677375,1.6901,617.123,10.059
