epoch,loss,matthews_correlation,runtime,samples_per_second,steps_per_second
1.0,0.6186764240264893,0.0,1.5387,677.83,11.048
2.0,0.6205633282661438,0.0,1.7474,596.894,9.729
3.0,0.6187906861305237,0.0,2.5446,409.893,6.681
4.0,0.6206433773040771,0.0,2.2819,457.071,7.45
5.0,0.6194655299186707,0.0,2.2991,453.651,7.394
