epoch,loss,accuracy,runtime,samples_per_second,steps_per_second
1.0,0.8389597535133362,0.4729241877256318,0.2087,1327.125,23.955
2.0,0.7231903672218323,0.5270758122743683,0.2093,1323.617,23.892
3.0,0.6948171854019165,0.4729241877256318,0.2082,1330.502,24.016
4.0,0.6978632211685181,0.4729241877256318,0.2082,1330.639,24.019
5.0,0.6915807723999023,0.5270758122743683,0.2075,1335.145,24.1
