epoch,loss,accuracy,f1,runtime,samples_per_second,steps_per_second
1.0,0.8109639286994934,0.3161764705882353,0.0,0.6428,634.757,10.89
2.0,0.6271511912345886,0.6838235294117647,0.8122270742358079,0.6423,635.174,10.898
3.0,0.6389016509056091,0.6838235294117647,0.8122270742358079,0.6429,634.613,10.888
4.0,0.7692967057228088,0.3161764705882353,0.0,0.6392,638.339,10.952
5.0,0.624061107635498,0.6838235294117647,0.8122270742358079,0.6581,619.979,10.637
