epoch,loss,matthews_correlation,runtime,samples_per_second,steps_per_second
1.0,0.6196460127830505,0.0,0.584,1785.842,29.108
2.0,0.6181673407554626,0.0,0.5929,1759.216,28.674
3.0,0.6183415055274963,0.0,0.5841,1785.687,29.105
4.0,0.6213521957397461,0.0,0.5862,1779.206,29.0
5.0,0.6188522577285767,0.0,0.588,1773.886,28.913
