epoch,loss,accuracy,f1,runtime,samples_per_second,steps_per_second
1.0,0.6403844356536865,0.6838235294117647,0.8122270742358079,0.6725,606.687,10.409
2.0,0.7133645415306091,0.3161764705882353,0.0,0.65,627.73,10.77
3.0,0.6310741901397705,0.6838235294117647,0.8122270742358079,0.6502,627.528,10.766
4.0,0.644012451171875,0.6838235294117647,0.8122270742358079,0.6644,614.1,10.536
5.0,0.6264217495918274,0.6838235294117647,0.8122270742358079,0.6454,632.132,10.845
