epoch,loss,accuracy,f1,runtime,samples_per_second,steps_per_second
1.0,0.627932071685791,0.6838235294117647,0.8122270742358079,0.2403,1697.765,29.128
2.0,0.6264469027519226,0.6838235294117647,0.8122270742358079,0.2443,1669.832,28.649
3.0,0.6248210668563843,0.6838235294117647,0.8122270742358079,0.2441,1671.713,28.681
4.0,0.6239539980888367,0.6838235294117647,0.8122270742358079,0.2438,1673.566,28.713
5.0,0.6245135068893433,0.6838235294117647,0.8122270742358079,0.2511,1624.608,27.873
