epoch,loss,matthews_correlation,runtime,samples_per_second,steps_per_second
1.0,0.6212224960327148,0.0,1.7904,582.552,9.495
2.0,0.6239899396896362,0.0,1.7921,581.992,9.486
3.0,0.6183059215545654,0.0,1.7936,581.51,9.478
4.0,0.6229387521743774,0.0,1.7918,582.092,9.488
5.0,0.619051456451416,0.0,1.793,581.714,9.481
