epoch,loss,accuracy,runtime,samples_per_second,steps_per_second
1.0,0.24757473170757294,0.8982244188174996,11.6431,469.206,7.386
2.0,0.24253608286380768,0.9033498077979132,11.1501,489.949,7.713
3.0,0.21534553170204163,0.9163463298553908,15.3547,355.786,5.601
4.0,0.21196997165679932,0.9170785282811642,15.7683,346.454,5.454
5.0,0.21147197484970093,0.9168954786747209,16.0272,340.858,5.366
