epoch,loss,accuracy,runtime,samples_per_second,steps_per_second
1.0,0.7096744775772095,0.4729241877256318,0.4817,575.092,10.381
2.0,0.4330419898033142,0.8050541516245487,0.4812,575.7,10.392
3.0,0.3965368866920471,0.8303249097472925,0.506,547.462,9.882
4.0,0.4563356339931488,0.8375451263537906,0.4828,573.706,10.356
5.0,0.47614461183547974,0.8447653429602888,0.4831,573.35,10.349
