epoch,loss,accuracy,runtime,samples_per_second,steps_per_second
1.0,0.6971849799156189,0.5091743119266054,0.6427,1356.714,21.782
2.0,0.6924639940261841,0.5286697247706422,0.6434,1355.234,21.758
3.0,0.7081354856491089,0.5091743119266054,0.6399,1362.798,21.88
4.0,0.7013773918151855,0.5091743119266054,0.6412,1359.958,21.834
5.0,0.7054745554924011,0.5091743119266054,0.6398,1362.908,21.882
