epoch,loss,matthews_correlation,runtime,samples_per_second,steps_per_second
1.0,0.7216501832008362,0.0,1.6346,638.08,10.4
2.0,0.6333548426628113,0.0,1.6303,639.745,10.427
3.0,0.7912352085113525,0.0,1.6309,639.505,10.423
4.0,0.6630646586418152,0.0,1.6333,638.594,10.409
5.0,0.6239169239997864,0.0,1.6381,636.732,10.378
