epoch,loss,accuracy,runtime,samples_per_second,steps_per_second
1.0,0.6921765804290771,0.5270758122743683,0.174,1591.956,28.736
2.0,0.6918257474899292,0.5270758122743683,0.1719,1611.625,29.091
3.0,0.6910836696624756,0.6028880866425993,0.1722,1608.702,29.038
4.0,0.6891887187957764,0.6353790613718412,0.1721,1609.703,29.056
5.0,0.6880006194114685,0.6353790613718412,0.1736,1596.05,28.81
