epoch,loss,accuracy,runtime,samples_per_second,steps_per_second
1.0,0.19050870835781097,0.9243119266055045,0.4821,1808.768,29.04
2.0,0.19796448945999146,0.9426605504587156,0.4914,1774.531,28.49
3.0,0.18775558471679688,0.9346330275229358,0.5035,1731.864,27.805
4.0,0.19724051654338837,0.9403669724770642,0.4787,1821.424,29.243
5.0,0.21919754147529602,0.9357798165137615,0.4807,1814.089,29.125
