epoch,loss,matthews_correlation,runtime,samples_per_second,steps_per_second
1.0,0.6515551209449768,0.0,2.654,392.987,6.405
2.0,0.6967576742172241,0.0,2.6712,390.459,6.364
3.0,0.6513737440109253,0.0,2.6725,390.27,6.361
4.0,0.618304967880249,0.0,2.659,392.247,6.393
5.0,0.6183938980102539,0.0,2.6637,391.567,6.382
