epoch,loss,accuracy,runtime,samples_per_second,steps_per_second
1.0,0.18787474930286407,0.9323394495412844,0.5264,1656.602,26.597
2.0,0.20251430571079254,0.9392201834862385,0.5285,1650.072,26.492
3.0,0.18870042264461517,0.9461009174311926,0.5463,1596.067,25.625
4.0,0.20940688252449036,0.9403669724770642,0.5304,1644.118,26.396
5.0,0.24507910013198853,0.9403669724770642,0.5348,1630.501,26.178
