epoch,loss,accuracy,f1,runtime,samples_per_second,steps_per_second
1.0,0.6266886591911316,0.6838235294117647,0.8122270742358079,0.6574,620.614,10.648
2.0,0.6357098817825317,0.6838235294117647,0.8122270742358079,0.6553,622.612,10.682
3.0,0.6564055681228638,0.6838235294117647,0.8122270742358079,0.652,625.741,10.736
4.0,0.6303297877311707,0.6838235294117647,0.8122270742358079,0.6532,624.64,10.717
5.0,0.625765323638916,0.6838235294117647,0.8122270742358079,0.6519,625.859,10.738
