epoch,loss,accuracy,f1,runtime,samples_per_second,steps_per_second
1.0,1.608647108078003,0.6838235294117647,0.8122270742358079,0.2435,1675.493,28.746
2.0,2.963942766189575,0.3161764705882353,0.0,0.2455,1662.054,28.516
3.0,0.6582590937614441,0.6838235294117647,0.8122270742358079,0.2416,1688.438,28.968
4.0,0.6763592958450317,0.6838235294117647,0.8122270742358079,0.2418,1687.225,28.947
5.0,0.6243094801902771,0.6838235294117647,0.8122270742358079,0.241,1692.945,29.046
