epoch,loss,accuracy,runtime,samples_per_second,steps_per_second
1.0,0.6921765804290771,0.5631768953068592,0.494,560.771,10.122
2.0,0.6891252398490906,0.49458483754512633,0.5102,542.938,9.8
3.0,0.6311612725257874,0.6462093862815884,0.5231,529.569,9.559
4.0,0.6098119616508484,0.6859205776173285,0.5174,535.365,9.664
5.0,0.5975123643875122,0.6859205776173285,0.5179,534.851,9.654
