epoch,loss,matthews_correlation,runtime,samples_per_second,steps_per_second
1.0,0.4673987329006195,0.49409441005371,1.6694,624.759,10.183
2.0,0.41992923617362976,0.6331818186325034,1.6719,623.853,10.168
3.0,0.38277876377105713,0.6502349883361604,1.6966,614.763,10.02
4.0,0.4537249207496643,0.6802414503064382,1.6774,621.808,10.135
5.0,0.41559791564941406,0.6725078316083254,1.7009,613.218,9.995
