epoch,loss,matthews_correlation,runtime,samples_per_second,steps_per_second
1.0,0.6200361847877502,0.0,0.7358,1417.409,23.103
2.0,0.6311082243919373,0.0,0.7111,1466.667,23.905
3.0,0.6198959946632385,0.0,0.7034,1482.901,24.17
4.0,0.6305698156356812,0.0,0.704,1481.549,24.148
5.0,0.619817316532135,0.0,0.7062,1476.957,24.073
