epoch,loss,accuracy,runtime,samples_per_second,steps_per_second
1.0,0.21140602231025696,0.9254988101775581,8.5326,640.251,10.079
2.0,0.22967062890529633,0.9154310818231741,8.5804,636.684,10.023
3.0,0.1738508939743042,0.9395936298736958,8.5763,636.989,10.028
4.0,0.1630496233701706,0.9408749771187992,8.603,635.014,9.997
5.0,0.17813579738140106,0.9419732747574593,8.5798,636.727,10.024
