epoch,loss,accuracy,runtime,samples_per_second,steps_per_second
1.0,0.7495204210281372,0.4908256880733945,0.622,1401.891,22.507
