epoch,loss,accuracy,runtime,samples_per_second,steps_per_second
1.0,0.7077627778053284,0.4729241877256318,0.1684,1644.42,29.683
2.0,1.889316201210022,0.4729241877256318,0.1695,1634.443,29.503
3.0,0.8836674094200134,0.4729241877256318,0.1672,1657.18,29.913
4.0,0.6971387267112732,0.4729241877256318,0.1682,1646.559,29.721
5.0,0.6983708739280701,0.5270758122743683,0.1698,1631.521,29.45
