epoch,loss,matthews_correlation,runtime,samples_per_second,steps_per_second
1.0,0.5277267694473267,0.3883727168442722,0.6482,1609.17,26.228
2.0,0.3783596158027649,0.5888581687805281,0.647,1611.969,26.274
3.0,0.44656768441200256,0.5650871771295588,0.6529,1597.423,26.037
4.0,0.5097181797027588,0.5624066288493853,0.6506,1603.217,26.131
5.0,0.4998091757297516,0.5882977917441249,0.6479,1609.722,26.237
