epoch,loss,accuracy,f1,runtime,samples_per_second,steps_per_second
1.0,0.6289690732955933,0.6838235294117647,0.8122270742358079,0.2512,1624.477,27.871
2.0,0.6291108727455139,0.6838235294117647,0.8122270742358079,0.2441,1671.545,28.678
3.0,0.6880179047584534,0.6838235294117647,0.8122270742358079,0.2485,1641.8,28.168
4.0,0.6489712595939636,0.6838235294117647,0.8122270742358079,0.237,1721.187,29.53
5.0,0.6248043179512024,0.6838235294117647,0.8122270742358079,0.2399,1701.036,29.184
