epoch,loss,accuracy,runtime,samples_per_second,steps_per_second
1.0,0.18464046716690063,0.9254587155963303,0.4849,1798.251,28.871
2.0,0.2091454267501831,0.9323394495412844,0.4852,1797.216,28.854
3.0,0.19650112092494965,0.9415137614678899,0.4876,1788.246,28.71
4.0,0.2029138207435608,0.9403669724770642,0.5184,1682.172,27.007
5.0,0.21704667806625366,0.9380733944954128,0.5057,1724.472,27.686
