epoch,loss,accuracy,runtime,samples_per_second,steps_per_second
1.0,2.685655117034912,0.4729241877256318,0.4416,627.262,11.322
2.0,2.190007448196411,0.4729241877256318,0.4336,638.807,11.531
3.0,0.9271172881126404,0.5270758122743683,0.4352,636.487,11.489
4.0,0.738215982913971,0.5270758122743683,0.4333,639.307,11.54
5.0,0.6979354619979858,0.5270758122743683,0.4326,640.387,11.559
