epoch,loss,accuracy,runtime,samples_per_second,steps_per_second
1.0,0.19689542055130005,0.9231651376146789,0.4639,1879.839,30.181
2.0,0.21614734828472137,0.9323394495412844,0.4614,1889.73,30.34
3.0,0.19236885011196136,0.9346330275229358,0.4608,1892.181,30.379
4.0,0.19619540870189667,0.9380733944954128,0.4607,1892.8,30.389
5.0,0.19461263716220856,0.9392201834862385,0.4622,1886.692,30.291
