epoch,loss,accuracy,runtime,samples_per_second,steps_per_second
1.0,0.6917711496353149,0.5270758122743683,0.1706,1623.693,29.309
2.0,0.7021202445030212,0.4729241877256318,0.1801,1538.46,27.77
3.0,0.6087474822998047,0.703971119133574,0.1707,1622.657,29.29
4.0,0.5953996181488037,0.6967509025270758,0.1716,1614.519,29.143
5.0,0.5882181525230408,0.6931407942238267,0.1702,1627.129,29.371
