epoch,loss,accuracy,runtime,samples_per_second,steps_per_second
1.0,0.1911005675792694,0.9277522935779816,0.4904,1778.012,28.546
2.0,0.21921372413635254,0.9346330275229358,0.5021,1736.83,27.885
3.0,0.19727779924869537,0.9392201834862385,0.4913,1775.027,28.498
4.0,0.21143712103366852,0.9369266055045872,0.4909,1776.4,28.52
5.0,0.2203034907579422,0.9334862385321101,0.49,1779.463,28.569
