epoch,loss,accuracy,f1,runtime,samples_per_second,steps_per_second
1.0,0.6180886626243591,0.6838235294117647,0.8122270742358079,0.2344,1740.765,29.866
2.0,0.566925048828125,0.7034313725490197,0.8202080237741456,0.2371,1720.676,29.521
3.0,0.5064135789871216,0.7377450980392157,0.8325508607198748,0.2337,1745.813,29.953
4.0,0.46513831615448,0.7769607843137255,0.8520325203252033,0.2385,1710.819,29.352
5.0,0.4597964584827423,0.7794117647058824,0.8543689320388349,0.2367,1723.897,29.577
