epoch,loss,accuracy,f1,runtime,samples_per_second,steps_per_second
1.0,0.43094402551651,0.7794117647058824,0.8562300319488818,0.2437,1674.399,28.727
2.0,0.31847548484802246,0.8700980392156863,0.9055258467023173,0.2441,1671.113,28.671
3.0,0.29186612367630005,0.8774509803921569,0.9100719424460432,0.2446,1667.785,28.614
4.0,0.30657264590263367,0.8823529411764706,0.9151943462897526,0.2439,1673.031,28.704
5.0,0.31377238035202026,0.8872549019607843,0.9172661870503597,0.2423,1683.932,28.891
