epoch,loss,accuracy,f1,runtime,samples_per_second,steps_per_second
1.0,0.6226202249526978,0.6838235294117647,0.8122270742358079,0.2513,1623.68,27.857
2.0,0.5910324454307556,0.6838235294117647,0.8122270742358079,0.2411,1692.443,29.037
3.0,0.5544990301132202,0.6838235294117647,0.8122270742358079,0.2427,1681.128,28.843
4.0,0.5366010665893555,0.6936274509803921,0.8169838945827232,0.2421,1685.417,28.916
5.0,0.5357894897460938,0.6936274509803921,0.8164464023494861,0.2433,1676.599,28.765
