epoch,loss,matthews_correlation,runtime,samples_per_second,steps_per_second
1.0,1.0058003664016724,0.0,1.6229,642.674,10.475
2.0,0.7359741926193237,0.0,1.6212,643.35,10.486
3.0,1.3489048480987549,0.0,1.6229,642.684,10.475
4.0,0.6197845935821533,0.0,1.6263,641.33,10.453
5.0,0.6278772354125977,0.0,1.6267,641.174,10.451
