epoch,loss,matthews_correlation,runtime,samples_per_second,steps_per_second
1.0,2.707899570465088,0.0,0.5941,1755.511,28.613
2.0,2.067172050476074,0.0,0.5856,1780.964,29.028
3.0,0.6210020184516907,0.0,0.5869,1777.046,28.964
4.0,0.8358981609344482,0.0,0.6062,1720.485,28.042
5.0,0.6303399801254272,0.0,0.5944,1754.764,28.601
