epoch,loss,accuracy,runtime,samples_per_second,steps_per_second
1.0,0.7076746821403503,0.4729241877256318,1.0142,273.132,4.93
2.0,0.6939234137535095,0.4729241877256318,1.0348,267.675,4.832
3.0,0.6922858357429504,0.5270758122743683,1.0421,265.802,4.798
4.0,0.6931584477424622,0.5270758122743683,1.0058,275.411,4.971
5.0,0.6938458681106567,0.4729241877256318,1.0039,275.934,4.981
