epoch,loss,accuracy,runtime,samples_per_second,steps_per_second
1.0,0.6961148977279663,0.4908256880733945,0.6894,1264.946,20.309
2.0,0.6949222087860107,0.5091743119266054,0.691,1261.969,20.261
