epoch,loss,accuracy,f1,runtime,samples_per_second,steps_per_second
1.0,0.6366409659385681,0.6838235294117647,0.8122270742358079,0.2597,1570.808,26.95
2.0,0.624260425567627,0.6838235294117647,0.8122270742358079,0.2589,1576.174,27.042
3.0,0.6240748763084412,0.6838235294117647,0.8122270742358079,0.2601,1568.566,26.912
4.0,0.6241425275802612,0.6838235294117647,0.8122270742358079,0.2618,1558.637,26.741
5.0,0.624387264251709,0.6838235294117647,0.8122270742358079,0.2683,1520.785,26.092
