epoch,loss,matthews_correlation,runtime,samples_per_second,steps_per_second
1.0,0.6186310648918152,0.0,2.5695,405.922,6.616
2.0,0.6213613152503967,0.0,2.5702,405.798,6.614
3.0,0.6180496215820312,0.0,2.542,410.306,6.688
4.0,0.6220639944076538,0.0,2.6462,394.156,6.424
5.0,0.6193487048149109,0.0,2.6399,395.089,6.44
