epoch,loss,matthews_correlation,runtime,samples_per_second,steps_per_second
1.0,0.8464603424072266,0.0,0.5886,1771.941,28.881
2.0,0.631686806678772,0.0,0.5973,1746.214,28.462
3.0,1.3617641925811768,0.0,0.5902,1767.343,28.806
4.0,0.6184393167495728,0.0,0.6109,1707.455,27.83
5.0,0.6301711797714233,0.0,0.5829,1789.377,29.165
