epoch,loss,accuracy,runtime,samples_per_second,steps_per_second
1.0,0.874078094959259,0.5270758122743683,0.4313,642.307,11.594
2.0,1.2523666620254517,0.4729241877256318,0.4288,645.974,11.66
3.0,0.8128930926322937,0.4729241877256318,0.4301,644.01,11.625
4.0,0.8985987901687622,0.4729241877256318,0.4288,645.951,11.66
5.0,0.7030192613601685,0.5270758122743683,0.4334,639.095,11.536
