epoch,loss,accuracy,f1,runtime,samples_per_second,steps_per_second
1.0,0.500159740447998,0.7352941176470589,0.8317757009345794,0.2434,1676.059,28.756
2.0,0.32177305221557617,0.8602941176470589,0.8961748633879781,0.2434,1675.911,28.753
3.0,0.3043825030326843,0.8774509803921569,0.9074074074074074,0.2415,1689.37,28.984
4.0,0.28984734416007996,0.8774509803921569,0.9113475177304965,0.2517,1620.669,27.806
5.0,0.2908642590045929,0.8725490196078431,0.9064748201438849,0.2422,1684.347,28.898
