epoch,loss,accuracy,runtime,samples_per_second,steps_per_second
1.0,0.23490867018699646,0.909573494416987,3.3169,1647.001,25.928
2.0,0.21932139992713928,0.919092073952041,3.3266,1642.197,25.852
3.0,0.2043006718158722,0.9242174629324547,3.3243,1643.369,25.87
4.0,0.24982455372810364,0.9240344133260113,3.3194,1645.801,25.909
5.0,0.2805778980255127,0.9271462566355483,3.3259,1642.563,25.858
