epoch,loss,accuracy,runtime,samples_per_second,steps_per_second
1.0,0.7090072631835938,0.4729241877256318,0.6028,459.548,8.295
2.0,0.7024075388908386,0.4729241877256318,0.6022,459.968,8.303
3.0,0.6970276832580566,0.5270758122743683,0.6004,461.371,8.328
4.0,0.6946020722389221,0.4729241877256318,0.6024,459.815,8.3
5.0,0.6941754817962646,0.4729241877256318,0.6026,459.689,8.298
