epoch,loss,accuracy,f1,runtime,samples_per_second,steps_per_second
1.0,1.1132053136825562,0.6838235294117647,0.8122270742358079,0.6449,632.679,10.855
2.0,0.642519474029541,0.6838235294117647,0.8122270742358079,0.6545,623.413,10.696
3.0,0.6241096258163452,0.6838235294117647,0.8122270742358079,0.6452,632.325,10.849
4.0,0.628410816192627,0.6838235294117647,0.8122270742358079,0.6509,626.854,10.755
5.0,0.6260872483253479,0.6838235294117647,0.8122270742358079,0.646,631.622,10.837
