epoch,loss,accuracy,runtime,samples_per_second,steps_per_second
1.0,0.2299472540616989,0.9059633027522935,0.4635,1881.389,30.206
2.0,0.21842795610427856,0.9139908256880734,0.4645,1877.205,30.139
3.0,0.2025786191225052,0.9208715596330275,0.4642,1878.477,30.159
4.0,0.2040719836950302,0.9231651376146789,0.4651,1874.784,30.1
5.0,0.20392374694347382,0.9243119266055045,0.4635,1881.323,30.205
