epoch,loss,matthews_correlation,runtime,samples_per_second,steps_per_second
1.0,0.4862982928752899,0.5548237186354423,2.6861,388.302,6.329
2.0,0.33662721514701843,0.647324136668434,2.6828,388.77,6.337
3.0,0.41503337025642395,0.6469422820602744,2.6868,388.201,6.327
4.0,0.495848685503006,0.6469422820602744,2.7035,385.799,6.288
5.0,0.4408870041370392,0.6822600148907826,2.7051,385.574,6.285
