epoch,loss,accuracy,runtime,samples_per_second,steps_per_second
1.0,0.6983761787414551,0.4729241877256318,0.4456,621.595,11.22
2.0,0.5230152606964111,0.7545126353790613,0.4451,622.323,11.233
3.0,0.4701501131057739,0.8014440433212996,0.4466,620.3,11.197
4.0,0.4520755112171173,0.7978339350180506,0.4454,621.926,11.226
5.0,0.4858812689781189,0.8122743682310469,0.4433,624.836,11.279
