epoch,loss,accuracy,runtime,samples_per_second,steps_per_second
1.0,0.69648277759552,0.4908256880733945,0.6278,1389.043,22.301
2.0,0.6953774690628052,0.5091743119266054,0.6279,1388.667,22.295
3.0,0.6967784762382507,0.5091743119266054,0.6293,1385.67,22.247
4.0,0.6953864097595215,0.5091743119266054,0.6291,1386.156,22.255
5.0,0.6978322863578796,0.5091743119266054,0.5843,1492.419,23.961
