epoch,loss,accuracy,runtime,samples_per_second,steps_per_second
1.0,0.6987727284431458,0.4729241877256318,0.8371,330.903,5.973
2.0,0.6976075768470764,0.4729241877256318,0.6294,440.131,7.945
3.0,0.6924462914466858,0.5270758122743683,0.7356,376.562,6.797
4.0,0.6928305625915527,0.5270758122743683,0.8143,340.16,6.14
5.0,0.6930756568908691,0.5270758122743683,0.8404,329.615,5.95
