epoch,loss,accuracy,runtime,samples_per_second,steps_per_second
1.0,0.6948876976966858,0.4729241877256318,0.217,1276.394,23.04
2.0,0.6968725323677063,0.4729241877256318,0.2213,1251.715,22.594
3.0,0.6924727559089661,0.5270758122743683,0.2171,1275.948,23.032
4.0,0.6929979920387268,0.5270758122743683,0.2187,1266.583,22.863
5.0,0.6928905248641968,0.5270758122743683,0.2156,1284.93,23.194
