epoch,loss,accuracy,runtime,samples_per_second,steps_per_second
1.0,0.6917182803153992,0.5270758122743683,0.165,1678.446,30.297
2.0,0.7031778693199158,0.4729241877256318,0.165,1678.349,30.295
3.0,0.6921501159667969,0.5270758122743683,0.179,1547.207,27.928
4.0,0.6970329284667969,0.4729241877256318,0.1678,1650.414,29.791
5.0,0.6940274834632874,0.4729241877256318,0.1791,1546.749,27.92
