epoch,loss,accuracy,f1,runtime,samples_per_second,steps_per_second
1.0,0.6360790729522705,0.6838235294117647,0.8122270742358079,0.3084,1322.768,22.695
2.0,0.6299899220466614,0.6838235294117647,0.8122270742358079,0.3101,1315.704,22.573
3.0,0.6240270137786865,0.6838235294117647,0.8122270742358079,0.3095,1318.299,22.618
4.0,0.6246451735496521,0.6838235294117647,0.8122270742358079,0.3091,1320.062,22.648
5.0,0.624476432800293,0.6838235294117647,0.8122270742358079,0.3092,1319.391,22.637
