epoch,loss,accuracy,runtime,samples_per_second,steps_per_second
1.0,0.731479287147522,0.5053999633900788,3.0937,1765.837,27.798
2.0,0.7111717462539673,0.4946000366099213,3.0941,1765.644,27.795
3.0,0.6932380795478821,0.5053999633900788,3.0866,1769.929,27.863
4.0,0.6950045228004456,0.5053999633900788,3.1159,1753.249,27.6
5.0,0.6931284070014954,0.4946000366099213,3.0852,1770.718,27.875
