epoch,loss,accuracy,f1,runtime,samples_per_second,steps_per_second
1.0,0.43309342861175537,0.7965686274509803,0.8654781199351702,0.2346,1739.487,29.844
2.0,0.29711565375328064,0.875,0.9097345132743363,0.2353,1734.285,29.755
3.0,0.29858845472335815,0.8848039215686274,0.9128014842300557,0.2366,1724.785,29.592
4.0,0.3195245862007141,0.8799019607843137,0.9126559714795008,0.2347,1738.533,29.828
5.0,0.3170582950115204,0.875,0.9077757685352622,0.2365,1725.421,29.603
