epoch,loss,accuracy,runtime,samples_per_second,steps_per_second
1.0,0.6906976103782654,0.555956678700361,0.1694,1635.031,29.513
2.0,0.706123411655426,0.4729241877256318,0.1676,1652.915,29.836
3.0,0.6395602822303772,0.6425992779783394,0.167,1658.204,29.931
4.0,0.5574293732643127,0.703971119133574,0.1665,1663.641,30.03
5.0,0.5993475317955017,0.7184115523465704,0.1751,1582.39,28.563
