epoch,loss,accuracy,runtime,samples_per_second,steps_per_second
1.0,0.7418137788772583,0.4729241877256318,0.5318,520.908,9.403
2.0,0.6997687220573425,0.4729241877256318,0.5255,527.132,9.515
3.0,0.7176235914230347,0.5270758122743683,0.5288,523.866,9.456
4.0,0.7135269641876221,0.4729241877256318,0.5315,521.203,9.408
5.0,0.6945492029190063,0.4729241877256318,0.5276,525.06,9.478
