epoch,loss,accuracy,runtime,samples_per_second,steps_per_second
1.0,0.7185331583023071,0.4729241877256318,0.1617,1713.359,30.927
2.0,0.7049097418785095,0.4729241877256318,0.1672,1657.175,29.913
3.0,0.6068234443664551,0.6750902527075813,0.1624,1706.086,30.796
4.0,0.5625187158584595,0.7111913357400722,0.1651,1677.634,30.282
5.0,0.5709967613220215,0.7148014440433214,0.1621,1709.329,30.854
