epoch,loss,accuracy,f1,runtime,samples_per_second,steps_per_second
1.0,0.5974211096763611,0.6838235294117647,0.8122270742358079,0.2482,1644.155,28.209
2.0,0.416840523481369,0.8112745098039216,0.8607594936708861,0.2515,1622.506,27.837
3.0,0.34363868832588196,0.8406862745098039,0.8841354723707665,0.2564,1591.242,27.301
4.0,0.33168119192123413,0.8504901960784313,0.8908765652951699,0.2414,1690.072,28.996
5.0,0.3314763903617859,0.8480392156862745,0.8888888888888888,0.2438,1673.399,28.71
