epoch,loss,accuracy,f1,runtime,samples_per_second,steps_per_second
1.0,0.5285505652427673,0.7279411764705882,0.8315629742033384,0.2625,1554.404,26.669
2.0,0.3380913734436035,0.8553921568627451,0.8987993138936535,0.2628,1552.419,26.635
3.0,0.30501967668533325,0.875,0.9064220183486239,0.2666,1530.209,26.254
4.0,0.30850502848625183,0.8774509803921569,0.910394265232975,0.2647,1541.25,26.443
5.0,0.2998034954071045,0.8848039215686274,0.9153153153153153,0.2664,1531.694,26.279
