epoch,loss,accuracy,runtime,samples_per_second,steps_per_second
1.0,0.18725496530532837,0.9357495881383855,8.8812,615.117,9.683
2.0,0.16889002919197083,0.9399597290865824,8.9188,612.528,9.643
3.0,0.14258341491222382,0.9487461101958631,8.8663,616.153,9.7
4.0,0.1543726921081543,0.9469156141314297,8.8789,615.278,9.686
5.0,0.15368208289146423,0.9494783086216365,8.8713,615.806,9.694
