epoch,loss,accuracy,f1,runtime,samples_per_second,steps_per_second
1.0,0.626467227935791,0.6838235294117647,0.8122270742358079,1.6909,241.291,4.14
2.0,0.6167446970939636,0.6838235294117647,0.8122270742358079,1.6418,248.514,4.264
3.0,0.6087155938148499,0.6936274509803921,0.8164464023494861,1.6831,242.414,4.159
4.0,0.5865804553031921,0.7107843137254902,0.8233532934131736,1.6788,243.036,4.17
5.0,0.5806879997253418,0.7107843137254902,0.8233532934131736,1.707,239.012,4.101
