epoch,loss,matthews_correlation,runtime,samples_per_second,steps_per_second
1.0,0.6190523505210876,0.0,0.6577,1585.774,25.847
2.0,0.6294975280761719,0.0,0.638,1634.817,26.646
3.0,0.619094729423523,0.0,0.6601,1580.075,25.754
4.0,0.6207037568092346,0.0,0.6361,1639.783,26.727
5.0,0.6188899278640747,0.0,0.6371,1637.204,26.685
