epoch,loss,accuracy,runtime,samples_per_second,steps_per_second
1.0,0.15861032903194427,0.9541284403669725,1.675,520.584,8.358
2.0,0.16231977939605713,0.9552752293577982,1.6792,519.29,8.337
3.0,0.16030846536159515,0.9552752293577982,1.6579,525.968,8.444
4.0,0.15188907086849213,0.9621559633027523,1.6507,528.273,8.481
5.0,0.15657232701778412,0.9621559633027523,1.6551,526.866,8.459
