epoch,loss,accuracy,runtime,samples_per_second,steps_per_second
1.0,0.8264918327331543,0.4729241877256318,0.1635,1693.917,30.576
2.0,1.01756751537323,0.5270758122743683,0.1765,1569.351,28.328
3.0,0.7037155032157898,0.4729241877256318,0.1644,1684.562,30.407
4.0,0.8434415459632874,0.5270758122743683,0.1647,1682.011,30.361
5.0,0.6939217448234558,0.5270758122743683,0.1635,1694.097,30.579
