epoch,loss,accuracy,runtime,samples_per_second,steps_per_second
1.0,0.6992663145065308,0.4729241877256318,0.7357,376.527,6.797
2.0,0.6954147815704346,0.4729241877256318,0.6666,415.541,7.501
3.0,0.6915984153747559,0.5270758122743683,0.7585,365.204,6.592
4.0,0.6927089095115662,0.5270758122743683,0.7412,373.713,6.746
5.0,0.6929433941841125,0.5270758122743683,0.7366,376.067,6.788
