epoch,loss,matthews_correlation,runtime,samples_per_second,steps_per_second
1.0,0.6233614683151245,0.0,0.5887,1771.576,28.875
2.0,0.6193307042121887,0.0,0.6148,1696.566,27.653
3.0,0.6182836890220642,0.0,0.5885,1772.388,28.888
4.0,0.6211265325546265,0.0,0.5923,1760.972,28.702
5.0,0.6185982823371887,0.0,0.5873,1776.042,28.948
