epoch,loss,accuracy,runtime,samples_per_second,steps_per_second
1.0,0.8094733357429504,0.5270758122743683,0.1698,1630.953,29.44
2.0,0.6917781829833984,0.5270758122743683,0.1672,1657.128,29.912
3.0,0.7072938680648804,0.4729241877256318,0.1652,1676.661,30.265
4.0,0.6933135390281677,0.4729241877256318,0.1701,1628.146,29.389
5.0,0.6946443915367126,0.4729241877256318,0.1646,1682.549,30.371
