epoch,loss,accuracy,runtime,samples_per_second,steps_per_second
1.0,0.2911328077316284,0.8722313747025444,2.9389,1858.852,29.263
2.0,0.2694735527038574,0.8943803770821893,2.996,1823.443,28.705
3.0,0.25396761298179626,0.9028006589785832,3.001,1820.393,28.657
4.0,0.22176915407180786,0.9167124290682775,2.9435,1855.927,29.216
5.0,0.21264956891536713,0.9207395204100312,2.9673,1841.078,28.983
