epoch,loss,matthews_correlation,runtime,samples_per_second,steps_per_second
1.0,0.5433229207992554,0.42394124237403846,0.8183,1274.548,20.774
2.0,0.42155882716178894,0.5586744996129839,0.8219,1269.071,20.685
3.0,0.49033302068710327,0.5578770438298012,0.8209,1270.544,20.709
4.0,0.526892900466919,0.5520922661403441,0.8352,1248.773,20.354
5.0,0.49970659613609314,0.5779953180551635,0.8207,1270.878,20.714
