epoch,loss,accuracy,runtime,samples_per_second,steps_per_second
1.0,0.1987673044204712,0.9254587155963303,0.6365,1369.885,21.994
2.0,0.2410305142402649,0.9288990825688074,0.6367,1369.637,21.99
3.0,0.2161930501461029,0.9357798165137615,0.6189,1408.927,22.62
4.0,0.20515590906143188,0.9357798165137615,0.6247,1395.817,22.41
5.0,0.23890799283981323,0.9392201834862385,0.6225,1400.858,22.491
