epoch,loss,accuracy,f1,runtime,samples_per_second,steps_per_second
1.0,0.43244513869285583,0.8137254901960784,0.8628158844765343,0.2557,1595.868,27.38
2.0,0.3530747592449188,0.8725490196078431,0.9078014184397163,0.2546,1602.209,27.489
3.0,0.3395427167415619,0.8578431372549019,0.8897338403041825,0.2719,1500.317,25.741
4.0,0.4188459813594818,0.8725490196078431,0.9087719298245615,0.25,1632.181,28.003
5.0,0.513395369052887,0.8774509803921569,0.9097472924187726,0.2445,1668.683,28.629
