epoch,loss,accuracy,f1,runtime,samples_per_second,steps_per_second
1.0,0.6266587376594543,0.6838235294117647,0.8122270742358079,0.3188,1279.891,21.959
2.0,0.6241969466209412,0.6838235294117647,0.8122270742358079,0.3251,1255.16,21.535
3.0,0.624422550201416,0.6838235294117647,0.8122270742358079,0.3168,1287.999,22.098
4.0,0.6252256035804749,0.6838235294117647,0.8122270742358079,0.3204,1273.587,21.851
5.0,0.6256857514381409,0.6838235294117647,0.8122270742358079,0.3177,1284.034,22.03
