epoch,loss,matthews_correlation,runtime,samples_per_second,steps_per_second
1.0,0.5556793808937073,0.4325361404942557,0.6005,1736.783,28.308
2.0,0.4036850333213806,0.5808084856635753,0.6003,1737.453,28.319
3.0,0.44341203570365906,0.6010821430476319,0.6273,1662.564,27.098
4.0,0.5372113585472107,0.6210462057873648,0.6022,1732.079,28.231
5.0,0.6075171828269958,0.6580702636158169,0.606,1721.027,28.051
