epoch,loss,accuracy,runtime,samples_per_second,steps_per_second
1.0,0.145992249250412,0.9495412844036697,1.3264,657.413,10.555
2.0,0.15596336126327515,0.9541284403669725,1.3376,651.923,10.467
3.0,0.1363222301006317,0.9552752293577982,1.3359,652.746,10.48
4.0,0.14622575044631958,0.9541284403669725,1.336,652.717,10.479
5.0,0.1552809625864029,0.9472477064220184,1.3415,650.015,10.436
