epoch,loss,accuracy,f1,runtime,samples_per_second,steps_per_second
1.0,0.6275449395179749,0.6838235294117647,0.8122270742358079,0.9643,423.12,7.259
2.0,0.6348966956138611,0.6838235294117647,0.8122270742358079,0.9639,423.3,7.263
3.0,0.6243998408317566,0.6838235294117647,0.8122270742358079,0.9595,425.22,7.295
4.0,0.624051570892334,0.6838235294117647,0.8122270742358079,0.9587,425.594,7.302
5.0,0.6242681741714478,0.6838235294117647,0.8122270742358079,0.9542,427.594,7.336
