epoch,loss,accuracy,f1,runtime,samples_per_second,steps_per_second
1.0,0.6233071684837341,0.6838235294117647,0.8122270742358079,9.8957,41.23,0.101
2.0,0.5742307305335999,0.7132352941176471,0.8235294117647058,9.7906,41.673,0.102
3.0,0.49357086420059204,0.7745098039215687,0.8461538461538461,9.8713,41.332,0.101
4.0,0.4356379806995392,0.8112745098039216,0.8627450980392157,9.8078,41.599,0.102
5.0,0.3698599338531494,0.8431372549019608,0.8865248226950354,8.1548,50.032,0.123
