epoch,loss,matthews_correlation,runtime,samples_per_second,steps_per_second
1.0,0.6252127885818481,0.0,1.646,633.656,10.328
2.0,0.6480994820594788,0.0,1.6468,633.363,10.323
3.0,0.6480071544647217,0.0,1.645,634.053,10.335
4.0,0.6268094182014465,0.0,1.6464,633.503,10.326
5.0,0.6186811327934265,0.0,1.6456,633.816,10.331
