epoch,loss,accuracy,runtime,samples_per_second,steps_per_second
1.0,0.7280731201171875,0.5270758122743683,0.4659,594.601,10.733
2.0,0.7303656935691833,0.4729241877256318,0.4674,592.586,10.697
3.0,0.7073714733123779,0.5270758122743683,0.467,593.186,10.707
4.0,0.7012353539466858,0.4729241877256318,0.4661,594.323,10.728
5.0,0.692328155040741,0.5270758122743683,0.4753,582.73,10.519
