epoch,loss,accuracy,runtime,samples_per_second,steps_per_second
1.0,0.6959118247032166,0.5270758122743683,0.1598,1733.067,31.283
2.0,0.6926701664924622,0.5270758122743683,0.1601,1729.952,31.227
3.0,0.7722176909446716,0.5270758122743683,0.1596,1735.117,31.32
4.0,0.7299055457115173,0.5270758122743683,0.1611,1719.957,31.046
5.0,0.6937754154205322,0.5270758122743683,0.1609,1721.43,31.073
