epoch,loss,accuracy,f1,runtime,samples_per_second,steps_per_second
1.0,0.6267245411872864,0.6838235294117647,0.8122270742358079,0.6725,606.667,10.409
2.0,0.6238870024681091,0.6838235294117647,0.8122270742358079,0.6759,603.642,10.357
3.0,0.6241801977157593,0.6838235294117647,0.8122270742358079,0.6708,608.192,10.435
4.0,0.62860107421875,0.6838235294117647,0.8122270742358079,0.6723,606.883,10.412
5.0,0.6253087520599365,0.6838235294117647,0.8122270742358079,0.6878,593.159,10.177
