epoch,loss,accuracy,f1,runtime,samples_per_second,steps_per_second
1.0,0.745560884475708,0.6838235294117647,0.8122270742358079,0.6432,634.33,10.883
2.0,2.155937910079956,0.6838235294117647,0.8122270742358079,0.6396,637.912,10.945
3.0,0.7000014185905457,0.3161764705882353,0.0,0.6404,637.083,10.93
4.0,0.6548342108726501,0.6838235294117647,0.8122270742358079,0.6381,639.381,10.97
5.0,0.6357475519180298,0.6838235294117647,0.8122270742358079,0.6411,636.365,10.918
