epoch,loss,matthews_correlation,runtime,samples_per_second,steps_per_second
1.0,0.6200991868972778,0.0,0.5905,1766.175,28.787
2.0,0.6344121694564819,0.0,0.5896,1769.048,28.834
3.0,0.6181305646896362,0.0,0.5812,1794.684,29.252
4.0,0.6205464601516724,0.0,0.6344,1644.172,26.799
5.0,0.6186240315437317,0.0,0.5793,1800.557,29.348
