epoch,loss,accuracy,f1,runtime,samples_per_second,steps_per_second
1.0,0.446665495634079,0.7965686274509803,0.8667736757624398,0.6478,629.78,10.805
2.0,0.37859001755714417,0.8333333333333334,0.8877887788778878,0.6518,625.978,10.74
3.0,0.2677890956401825,0.8946078431372549,0.9208103130755064,0.6468,630.818,10.823
4.0,0.2637999951839447,0.9093137254901961,0.9340463458110517,0.6584,619.646,10.631
5.0,0.31838691234588623,0.9019607843137255,0.9285714285714286,0.6471,630.481,10.817
