epoch,loss,accuracy,runtime,samples_per_second,steps_per_second
1.0,0.15507039427757263,0.944954128440367,1.3723,635.436,10.202
2.0,0.1552324891090393,0.9506880733944955,1.3677,637.577,10.236
3.0,0.14344674348831177,0.9552752293577982,1.3713,635.885,10.209
4.0,0.14594808220863342,0.9575688073394495,1.3666,638.068,10.244
5.0,0.14484046399593353,0.9575688073394495,1.3658,638.461,10.251
