epoch,loss,accuracy,f1,runtime,samples_per_second,steps_per_second
1.0,0.6210368871688843,0.6838235294117647,0.8122270742358079,1.7413,234.31,4.02
2.0,0.6045035719871521,0.7083333333333334,0.8215892053973014,1.7151,237.888,4.081
3.0,0.55973881483078,0.7132352941176471,0.8213740458015267,1.7262,236.36,4.055
4.0,0.4985945522785187,0.7573529411764706,0.8440944881889764,1.7393,234.576,4.025
5.0,0.47430768609046936,0.7769607843137255,0.8515497553017944,1.7656,231.087,3.965
