epoch,loss,accuracy,runtime,samples_per_second,steps_per_second
1.0,0.6868001818656921,0.5270758122743683,0.16,1731.027,31.246
2.0,0.5837856531143188,0.6750902527075813,0.1599,1732.279,31.269
3.0,0.5643175840377808,0.7364620938628159,0.161,1720.064,31.048
4.0,0.5586614012718201,0.7581227436823105,0.1618,1711.648,30.896
5.0,0.6689475774765015,0.740072202166065,0.1607,1723.866,31.117
