epoch,loss,matthews_correlation,runtime,samples_per_second,steps_per_second
1.0,0.6182976961135864,0.0,2.6211,397.929,6.486
2.0,0.6194547414779663,0.0,2.6259,397.191,6.474
3.0,0.6226267218589783,0.0,2.6203,398.04,6.488
4.0,0.6347213983535767,0.0,2.6151,398.83,6.501
5.0,0.619077205657959,0.0,2.6336,396.032,6.455
