epoch,loss,matthews_correlation,runtime,samples_per_second,steps_per_second
1.0,1.295062780380249,0.0,0.5794,1800.29,29.343
2.0,0.6631187200546265,0.0,0.5776,1805.829,29.433
3.0,1.1304545402526855,0.0,0.5777,1805.46,29.427
4.0,0.8096116781234741,0.0,0.6064,1719.854,28.032
5.0,0.6261994242668152,0.0,0.5786,1802.65,29.382
