epoch,loss,accuracy,f1,runtime,samples_per_second,steps_per_second
1.0,0.6306397914886475,0.6838235294117647,0.8122270742358079,0.2844,1434.581,24.613
2.0,0.6312549114227295,0.6838235294117647,0.8122270742358079,0.2844,1434.722,24.615
3.0,0.6239606142044067,0.6838235294117647,0.8122270742358079,0.2842,1435.404,24.627
4.0,0.6247678399085999,0.6838235294117647,0.8122270742358079,0.2851,1430.835,24.549
5.0,0.624535083770752,0.6838235294117647,0.8122270742358079,0.2818,1447.765,24.839
