epoch,loss,accuracy,runtime,samples_per_second,steps_per_second
1.0,0.20273855328559875,0.9415137614678899,2.1627,403.206,6.473
2.0,0.20436501502990723,0.9426605504587156,2.1751,400.895,6.436
3.0,0.2041972279548645,0.9472477064220184,2.1642,402.925,6.469
4.0,0.17070402204990387,0.9552752293577982,2.1521,405.183,6.505
5.0,0.16345860064029694,0.9552752293577982,2.1646,402.854,6.468
