epoch,loss,accuracy,runtime,samples_per_second,steps_per_second
1.0,0.22924304008483887,0.9132344865458539,3.1153,1753.575,27.605
2.0,0.22346866130828857,0.9163463298553908,3.1266,1747.263,27.506
3.0,0.20284749567508698,0.9251327109646714,3.1146,1754.01,27.612
4.0,0.2214026153087616,0.9306241991579718,3.1169,1752.692,27.591
5.0,0.24307213723659515,0.9276954054548783,3.0895,1768.222,27.836
