epoch,loss,accuracy,runtime,samples_per_second,steps_per_second
1.0,0.701324462890625,0.5298165137614679,0.5887,1481.285,23.782
2.0,0.6602839231491089,0.5091743119266054,0.5858,1488.48,23.898
3.0,0.707249641418457,0.5091743119266054,0.5849,1490.92,23.937
4.0,0.7076830267906189,0.5091743119266054,0.5838,1493.745,23.982
5.0,0.7140189409255981,0.5091743119266054,0.5813,1500.031,24.083
