epoch,loss,matthews_correlation,runtime,samples_per_second,steps_per_second
1.0,0.6536309123039246,0.0,2.6308,396.462,6.462
2.0,0.6427386999130249,0.0,2.6308,396.453,6.462
3.0,0.6529685854911804,0.0,2.6426,394.694,6.433
4.0,0.6181837320327759,0.0,2.63,396.584,6.464
5.0,0.6182459592819214,0.0,2.6343,395.931,6.453
