epoch,loss,accuracy,runtime,samples_per_second,steps_per_second
1.0,0.7107453346252441,0.4729241877256318,0.239,1159.002,20.921
2.0,0.710918128490448,0.4729241877256318,0.2392,1158.056,20.904
3.0,0.6963419318199158,0.5270758122743683,0.2388,1160.125,20.941
4.0,0.695702075958252,0.4729241877256318,0.2373,1167.382,21.072
5.0,0.6930756568908691,0.5270758122743683,0.2376,1165.619,21.04
