epoch,loss,accuracy,f1,runtime,samples_per_second,steps_per_second
1.0,0.636962890625,0.6838235294117647,0.8122270742358079,0.6463,631.268,10.831
2.0,0.6363674998283386,0.6838235294117647,0.8122270742358079,0.6656,613.013,10.517
3.0,0.624229907989502,0.6838235294117647,0.8122270742358079,0.6406,636.945,10.928
4.0,0.6258999705314636,0.6838235294117647,0.8122270742358079,0.6465,631.048,10.827
5.0,0.624936580657959,0.6838235294117647,0.8122270742358079,0.6482,629.457,10.8
