epoch,loss,matthews_correlation,runtime,samples_per_second,steps_per_second
1.0,0.6408655047416687,0.0,1.6278,640.726,10.443
2.0,0.435396671295166,0.5689445008605172,1.631,639.499,10.423
3.0,0.41519027948379517,0.5753593483598531,1.6262,641.377,10.454
4.0,0.48334693908691406,0.5729828121767637,1.6298,639.953,10.431
5.0,0.45284605026245117,0.5907413763612096,1.6578,629.157,10.255
