epoch,loss,accuracy,runtime,samples_per_second,steps_per_second
1.0,0.6962016820907593,0.5091743119266054,0.6456,1350.685,21.685
2.0,0.6954558491706848,0.5091743119266054,0.6445,1353.023,21.723
3.0,0.6934758424758911,0.5091743119266054,0.6454,1351.198,21.694
4.0,0.6944389939308167,0.5091743119266054,0.6469,1347.993,21.642
5.0,0.6975836753845215,0.5091743119266054,0.6479,1345.819,21.607
