epoch,loss,accuracy,f1,runtime,samples_per_second,steps_per_second
1.0,1.473323106765747,0.3161764705882353,0.0,0.3279,1244.363,21.349
2.0,0.830329418182373,0.3161764705882353,0.0,0.3135,1301.428,22.328
3.0,1.4658498764038086,0.3161764705882353,0.0,0.3177,1284.185,22.033
4.0,0.6891775727272034,0.6838235294117647,0.8122270742358079,0.3185,1281.013,21.978
5.0,0.6244794130325317,0.6838235294117647,0.8122270742358079,0.3197,1276.158,21.895
