epoch,loss,accuracy,runtime,samples_per_second,steps_per_second
1.0,0.6927318572998047,0.5270758122743683,1.1683,237.093,4.28
2.0,0.7126227021217346,0.4729241877256318,1.1472,241.447,4.358
3.0,0.6918839812278748,0.5270758122743683,1.1488,241.123,4.352
4.0,0.7055011987686157,0.4729241877256318,1.1511,240.644,4.344
5.0,0.6930578947067261,0.5270758122743683,1.1239,246.461,4.449
