epoch,loss,matthews_correlation,runtime,samples_per_second,steps_per_second
1.0,0.7469236850738525,0.0,0.7564,1378.966,22.476
2.0,0.7469236850738525,0.0,0.7127,1463.517,23.854
3.0,0.7469236850738525,0.0,0.704,1481.621,24.149
4.0,0.7469236850738525,0.0,0.7429,1403.97,22.883
5.0,0.7469236850738525,0.0,0.7072,1474.919,24.04
