epoch,loss,matthews_correlation,runtime,samples_per_second,steps_per_second
1.0,0.5488982200622559,0.0,1.651,631.748,10.297
2.0,0.6202941536903381,0.0,1.6746,622.849,10.152
3.0,0.6180814504623413,0.0,1.6669,625.705,10.198
4.0,0.6224300861358643,0.0,1.6506,631.881,10.299
5.0,0.6188873648643494,0.0,1.6563,629.709,10.264
