epoch,loss,accuracy,runtime,samples_per_second,steps_per_second
1.0,0.6935392022132874,0.5270758122743683,1.2746,217.331,3.923
2.0,0.7224111557006836,0.4729241877256318,1.3494,205.269,3.705
3.0,0.6999714374542236,0.5270758122743683,1.2992,213.202,3.848
4.0,0.6940203905105591,0.4729241877256318,1.0986,252.135,4.551
5.0,0.6930491328239441,0.5270758122743683,0.9865,280.778,5.068
