epoch,loss,accuracy,f1,runtime,samples_per_second,steps_per_second
1.0,0.5447973608970642,0.6911764705882353,0.8147058823529412,0.2517,1620.686,27.806
2.0,0.3836371898651123,0.8235294117647058,0.8779661016949153,0.2426,1681.728,28.853
3.0,0.31702086329460144,0.8578431372549019,0.89568345323741,0.2485,1641.868,28.169
4.0,0.32456740736961365,0.8651960784313726,0.9043478260869565,0.2669,1528.831,26.23
5.0,0.31658926606178284,0.8725490196078431,0.9087719298245615,0.243,1679.24,28.81
