epoch,loss,accuracy,runtime,samples_per_second,steps_per_second
1.0,0.21843759715557098,0.9130514369394106,1.6032,3407.637,53.644
2.0,0.21618489921092987,0.9214717188358045,1.6091,3395.137,53.447
3.0,0.25492772459983826,0.9183598755262676,1.6095,3394.285,53.434
4.0,0.3150809407234192,0.9234852645066813,1.612,3388.897,53.349
5.0,0.35711732506752014,0.9240344133260113,1.6143,3384.078,53.273
