epoch,loss,accuracy,runtime,samples_per_second,steps_per_second
1.0,0.9840841293334961,0.4729241877256318,0.4364,634.683,11.456
2.0,0.7025116086006165,0.5270758122743683,0.4441,623.707,11.258
3.0,1.2125561237335205,0.5270758122743683,0.4454,621.914,11.226
4.0,0.8907915949821472,0.4729241877256318,0.4395,630.31,11.377
5.0,0.7156087160110474,0.5270758122743683,0.4438,624.151,11.266
