epoch,loss,accuracy,runtime,samples_per_second,steps_per_second
1.0,0.2087542861700058,0.9208715596330275,0.4853,1796.665,28.846
2.0,0.22142638266086578,0.9311926605504587,0.4831,1805.032,28.98
3.0,0.19472551345825195,0.9288990825688074,0.4861,1793.997,28.803
4.0,0.2060851752758026,0.930045871559633,0.4828,1806.186,28.998
5.0,0.2007729709148407,0.9288990825688074,0.4904,1778.226,28.55
