epoch,loss,accuracy,f1,runtime,samples_per_second,steps_per_second
1.0,0.6716416478157043,0.6838235294117647,0.8122270742358079,0.6365,640.973,10.997
2.0,0.625359058380127,0.6838235294117647,0.8122270742358079,0.6501,627.612,10.768
3.0,0.6320154666900635,0.6838235294117647,0.8122270742358079,0.6453,632.293,10.848
4.0,0.8500168919563293,0.3161764705882353,0.0,0.6403,637.204,10.932
5.0,0.6272744536399841,0.6838235294117647,0.8122270742358079,0.6365,641.015,10.998
