epoch,loss,matthews_correlation,runtime,samples_per_second,steps_per_second
1.0,0.5499345064163208,0.0463559874942472,0.5651,1845.679,30.083
2.0,0.4736037254333496,0.43606975606006876,0.5809,1795.455,29.264
3.0,0.46670278906822205,0.49702553536108757,0.5656,1844.092,30.057
4.0,0.5021352767944336,0.458212452857688,0.566,1842.75,30.035
5.0,0.47335344552993774,0.47854164992705517,0.5692,1832.395,29.866
