epoch,loss,accuracy,runtime,samples_per_second,steps_per_second
1.0,0.8644693493843079,0.4729241877256318,0.1749,1583.58,28.584
2.0,0.7170577049255371,0.4729241877256318,0.1635,1694.053,30.579
3.0,1.2746487855911255,0.4729241877256318,0.1647,1681.894,30.359
4.0,0.708436131477356,0.4729241877256318,0.1672,1656.313,29.897
5.0,0.6916107535362244,0.5270758122743683,0.1689,1640.503,29.612
