epoch,loss,accuracy,runtime,samples_per_second,steps_per_second
1.0,0.7162857055664062,0.4729241877256318,0.5971,463.884,8.373
2.0,0.6955522298812866,0.4729241877256318,0.6107,453.575,8.187
3.0,0.6924691796302795,0.5270758122743683,0.6024,459.854,8.301
4.0,0.6931020021438599,0.5270758122743683,0.6019,460.191,8.307
5.0,0.6939992308616638,0.4729241877256318,0.6067,456.572,8.241
