epoch,loss,matthews_correlation,runtime,samples_per_second,steps_per_second
1.0,0.5859858393669128,0.0463559874942472,3.2516,320.762,0.923
2.0,0.4356710612773895,0.5782372513816034,5.4328,191.981,0.552
3.0,0.3767426311969757,0.6366782083554468,5.3882,193.57,0.557
4.0,0.4714524745941162,0.5913553018113701,5.4415,191.674,0.551
5.0,0.4363589286804199,0.625700128214775,5.3963,193.28,0.556
