epoch,loss,accuracy,runtime,samples_per_second,steps_per_second
1.0,0.6918980479240417,0.5270758122743683,0.1683,1645.946,29.71
2.0,0.6922224164009094,0.5270758122743683,0.1692,1636.84,29.546
3.0,0.6924163103103638,0.5342960288808665,0.1727,1603.577,28.945
4.0,0.6920303106307983,0.5306859205776173,0.1687,1641.657,29.633
5.0,0.6920285224914551,0.5234657039711191,0.1747,1585.761,28.624
