epoch,loss,accuracy,runtime,samples_per_second,steps_per_second
1.0,0.20072823762893677,0.9311926605504587,1.4065,619.957,9.953
2.0,0.22017337381839752,0.9323394495412844,1.4159,615.87,9.888
3.0,0.20177112519741058,0.9334862385321101,1.4244,612.17,9.828
4.0,0.19841240346431732,0.9392201834862385,1.4161,615.76,9.886
5.0,0.2173612415790558,0.9415137614678899,1.4154,616.101,9.892
