epoch,loss,accuracy,runtime,samples_per_second,steps_per_second
1.0,0.6931253671646118,0.47653429602888087,9.285,29.833,0.108
2.0,0.6859664916992188,0.6028880866425993,10.0672,27.515,0.099
3.0,0.6525840759277344,0.6498194945848376,11.3105,24.491,0.088
4.0,0.6044345498085022,0.6462093862815884,13.1558,21.055,0.076
5.0,0.5671430230140686,0.7111913357400722,12.9768,21.346,0.077
