epoch,loss,accuracy,f1,runtime,samples_per_second,steps_per_second
1.0,0.6281020045280457,0.6838235294117647,0.8122270742358079,0.2844,1434.657,24.614
2.0,0.6293957233428955,0.6838235294117647,0.8122270742358079,0.2852,1430.533,24.543
3.0,0.624119758605957,0.6838235294117647,0.8122270742358079,0.2835,1438.975,24.688
4.0,0.6248115301132202,0.6838235294117647,0.8122270742358079,0.287,1421.467,24.388
5.0,0.5896256566047668,0.6838235294117647,0.8122270742358079,0.2867,1423.328,24.42
