epoch,loss,accuracy,runtime,samples_per_second,steps_per_second
1.0,0.7003892064094543,0.4729241877256318,0.2466,1123.226,20.275
2.0,0.7023141384124756,0.4729241877256318,0.2418,1145.78,20.682
3.0,0.6848814487457275,0.5523465703971119,0.2453,1129.008,20.379
4.0,0.671812891960144,0.628158844765343,0.2433,1138.338,20.548
5.0,0.6849297881126404,0.6570397111913358,0.2439,1135.693,20.5
