epoch,loss,accuracy,runtime,samples_per_second,steps_per_second
1.0,0.7115209698677063,0.4729241877256318,0.5408,512.178,9.245
2.0,0.6854569911956787,0.6101083032490975,0.5401,512.851,9.257
3.0,0.5674521327018738,0.7111913357400722,0.549,504.558,9.108
4.0,0.44658905267715454,0.7906137184115524,0.5499,503.728,9.093
5.0,0.45069533586502075,0.7942238267148014,0.5418,511.248,9.228
