epoch,loss,accuracy,f1,runtime,samples_per_second,steps_per_second
1.0,0.6259502172470093,0.6838235294117647,0.8122270742358079,0.2527,1614.32,27.697
2.0,0.6253781914710999,0.6838235294117647,0.8122270742358079,0.2468,1653.252,28.365
3.0,0.6270111799240112,0.6838235294117647,0.8122270742358079,0.2443,1669.766,28.648
4.0,0.6246984004974365,0.6838235294117647,0.8122270742358079,0.2438,1673.22,28.707
5.0,0.625267505645752,0.6838235294117647,0.8122270742358079,0.2468,1653.346,28.366
