epoch,loss,matthews_correlation,runtime,samples_per_second,steps_per_second
1.0,0.6521995663642883,0.0,0.7127,1463.503,23.854
2.0,0.6636315584182739,0.0,0.7065,1476.298,24.062
3.0,0.6490499377250671,0.0,0.7015,1486.789,24.233
4.0,0.6335629224777222,0.0,0.7249,1438.91,23.453
5.0,0.6200385093688965,0.0,0.7016,1486.638,24.231
