epoch,loss,accuracy,runtime,samples_per_second,steps_per_second
1.0,0.6966116428375244,0.4729241877256318,0.1781,1555.161,28.072
2.0,0.6973696351051331,0.4693140794223827,0.1687,1642.04,29.64
3.0,0.5984706282615662,0.6823104693140795,0.168,1648.389,29.754
4.0,0.5593967437744141,0.6931407942238267,0.1685,1643.799,29.671
5.0,0.5729802250862122,0.6931407942238267,0.1705,1624.908,29.33
