epoch,loss,matthews_correlation,runtime,samples_per_second,steps_per_second
1.0,0.9620079398155212,0.0,0.6291,1658.004,27.024
2.0,0.6262961030006409,0.0,0.6321,1650.053,26.894
3.0,0.6499981880187988,0.0,0.6479,1609.712,26.237
4.0,0.6683783531188965,0.0,0.6406,1628.132,26.537
5.0,0.6310281157493591,0.0,0.6303,1654.833,26.972
