epoch,loss,accuracy,runtime,samples_per_second,steps_per_second
1.0,0.2051987648010254,0.9220183486238532,0.488,1786.743,28.686
2.0,0.22919172048568726,0.9323394495412844,0.4893,1782.208,28.613
3.0,0.21335269510746002,0.9277522935779816,0.4889,1783.501,28.634
4.0,0.19670307636260986,0.9369266055045872,0.4922,1771.781,28.446
5.0,0.2148626148700714,0.9403669724770642,0.4922,1771.614,28.443
