epoch,loss,accuracy,f1,runtime,samples_per_second,steps_per_second
1.0,0.6058813333511353,0.6838235294117647,0.8122270742358079,1.9302,211.378,3.627
2.0,0.40005168318748474,0.7745098039215687,0.8553459119496856,1.8933,215.502,3.697
3.0,0.3224934935569763,0.8872549019607843,0.9175627240143369,0.6739,605.436,10.387
4.0,0.3009432256221771,0.8823529411764706,0.9172413793103448,1.9232,212.148,3.64
5.0,0.2947979271411896,0.8848039215686274,0.9171075837742504,1.9349,210.863,3.618
