epoch,loss,accuracy,runtime,samples_per_second,steps_per_second
1.0,0.6928808093070984,0.5270758122743683,0.1731,1600.099,28.883
2.0,0.610344648361206,0.703971119133574,0.1743,1588.901,28.681
3.0,0.5512049198150635,0.7436823104693141,0.1707,1623.099,29.298
4.0,0.6585749387741089,0.776173285198556,0.1675,1653.778,29.852
5.0,0.7792990803718567,0.7653429602888087,0.1658,1670.872,30.16
