epoch,loss,accuracy,f1,runtime,samples_per_second,steps_per_second
1.0,0.5319037437438965,0.7598039215686274,0.8487654320987654,0.2428,1680.095,28.825
2.0,0.5791903734207153,0.7769607843137255,0.8449744463373083,0.2435,1675.52,28.747
3.0,0.4617204964160919,0.8235294117647058,0.8686131386861314,0.2464,1655.534,28.404
4.0,0.388289213180542,0.8578431372549019,0.9013605442176871,0.2444,1669.074,28.636
5.0,0.4474502205848694,0.8406862745098039,0.888507718696398,0.2475,1648.406,28.281
