epoch,loss,accuracy,f1,runtime,samples_per_second,steps_per_second
1.0,0.6611076593399048,0.6838235294117647,0.8122270742358079,0.6405,637.036,10.93
2.0,0.6614667177200317,0.6838235294117647,0.8122270742358079,0.658,620.043,10.638
3.0,1.1329238414764404,0.3161764705882353,0.0,0.6409,636.559,10.921
4.0,0.8327102661132812,0.6838235294117647,0.8122270742358079,0.6412,636.318,10.917
5.0,0.6323206424713135,0.6838235294117647,0.8122270742358079,0.6424,635.071,10.896
