epoch,loss,matthews_correlation,runtime,samples_per_second,steps_per_second
1.0,0.4247852563858032,0.5317184461524506,0.5817,1792.982,29.224
2.0,0.43903103470802307,0.5126109268227362,0.5809,1795.642,29.267
3.0,0.4514915347099304,0.534406644277161,0.5802,1797.68,29.301
4.0,0.4678416848182678,0.5547002704668513,0.5793,1800.578,29.348
5.0,0.46813005208969116,0.5657894359264041,0.5805,1796.589,29.283
