epoch,loss,accuracy,runtime,samples_per_second,steps_per_second
1.0,0.7613080143928528,0.4729241877256318,0.1764,1570.609,28.35
2.0,0.6920197010040283,0.5270758122743683,0.1786,1551.098,27.998
3.0,0.7719444632530212,0.4729241877256318,0.1781,1555.328,28.075
4.0,0.7007964253425598,0.4729241877256318,0.1771,1564.2,28.235
5.0,0.6931901574134827,0.4729241877256318,0.1769,1565.598,28.26
