epoch,loss,accuracy,runtime,samples_per_second,steps_per_second
1.0,0.41126540303230286,0.8422822210901681,5.2718,1861.786,29.212
2.0,0.3677573800086975,0.8604177279673968,5.2689,1862.82,29.228
3.0,0.39696744084358215,0.8516556291390729,5.2874,1856.303,29.126
4.0,0.34681236743927,0.8703005603667855,5.3481,1835.229,28.795
5.0,0.3500116765499115,0.8716250636780438,5.4688,1794.743,28.16
