epoch,loss,accuracy,f1,runtime,samples_per_second,steps_per_second
1.0,0.593984842300415,0.7107843137254902,0.8228228228228228,1.9303,211.361,3.626
2.0,0.39154306054115295,0.7745098039215687,0.853035143769968,1.9368,210.661,3.614
3.0,0.28418660163879395,0.8946078431372549,0.9225225225225225,1.9531,208.894,3.584
4.0,0.28549081087112427,0.8848039215686274,0.9173989455184535,1.8872,216.193,3.709
5.0,0.27958014607429504,0.8872549019607843,0.9181494661921709,1.696,240.572,4.127
