epoch,loss,accuracy,runtime,samples_per_second,steps_per_second
1.0,0.211543470621109,0.9208715596330275,0.4982,1750.378,28.102
2.0,0.23535631597042084,0.9311926605504587,0.4918,1773.034,28.466
3.0,0.2041371613740921,0.9311926605504587,0.4893,1782.017,28.61
4.0,0.21795716881752014,0.9311926605504587,0.4852,1797.332,28.856
5.0,0.21599914133548737,0.9311926605504587,0.5145,1695.014,27.214
