epoch,loss,accuracy,runtime,samples_per_second,steps_per_second
1.0,0.18280163407325745,0.9369266055045872,0.4962,1757.257,28.213
2.0,0.20538213849067688,0.9369266055045872,0.5002,1743.377,27.99
3.0,0.2194211483001709,0.926605504587156,0.4938,1765.739,28.349
4.0,0.20047739148139954,0.9415137614678899,0.5211,1673.235,26.864
5.0,0.24767452478408813,0.9415137614678899,0.4959,1758.312,28.23
