epoch,loss,matthews_correlation,runtime,samples_per_second,steps_per_second
1.0,0.4483950734138489,0.501912506520387,0.6125,1702.955,27.757
2.0,0.3865536153316498,0.6007668059925829,0.6077,1716.308,27.974
3.0,0.4523068964481354,0.6156883886202732,0.6062,1720.58,28.044
4.0,0.5572044253349304,0.6064078475627732,0.6067,1719.276,28.023
5.0,0.5516451001167297,0.6232164195970928,0.6191,1684.784,27.461
