epoch,loss,accuracy,runtime,samples_per_second,steps_per_second
1.0,0.7502282857894897,0.4729241877256318,0.4433,624.909,11.28
2.0,0.6976569294929504,0.48014440433212996,0.4617,599.985,10.83
3.0,0.6975864171981812,0.5270758122743683,0.4451,622.368,11.234
4.0,0.601836621761322,0.6859205776173285,0.4454,621.947,11.226
5.0,0.5772050619125366,0.6931407942238267,0.4494,616.407,11.126
