epoch,loss,matthews_correlation,runtime,samples_per_second,steps_per_second
1.0,0.6182635426521301,0.0,1.9694,529.601,8.632
2.0,0.6221569180488586,0.0,2.535,411.438,6.706
3.0,0.618122398853302,0.0,2.464,423.289,6.899
4.0,0.6221114993095398,0.0,2.6692,390.755,6.369
5.0,0.6190863251686096,0.0,2.4727,421.813,6.875
