epoch,loss,accuracy,f1,runtime,samples_per_second,steps_per_second
1.0,0.6206042766571045,0.6838235294117647,0.8122270742358079,0.6375,640.029,10.981
2.0,0.6095048785209656,0.7009803921568627,0.8195266272189349,0.6357,641.829,11.012
3.0,0.5636475682258606,0.7083333333333334,0.8194233687405159,0.6306,647.019,11.101
4.0,0.5290479063987732,0.7401960784313726,0.832807570977918,0.6328,644.756,11.062
5.0,0.5183724761009216,0.7622549019607843,0.8452950558213717,0.6324,645.206,11.07
