epoch,loss,accuracy,f1,runtime,samples_per_second,steps_per_second
1.0,0.5701957941055298,0.7279411764705882,0.7653276955602537,0.244,1671.875,28.684
2.0,0.31372886896133423,0.8848039215686274,0.918825561312608,0.2569,1587.985,27.245
3.0,0.2908737361431122,0.8700980392156863,0.9020332717190388,0.2438,1673.418,28.711
4.0,0.3722873628139496,0.8799019607843137,0.9153713298791019,0.2456,1660.925,28.496
5.0,0.37888625264167786,0.8970588235294118,0.9257950530035336,0.256,1593.483,27.339
