epoch,loss,accuracy,runtime,samples_per_second,steps_per_second
1.0,0.6985894441604614,0.4729241877256318,1.3566,204.188,3.686
2.0,0.7264338135719299,0.4729241877256318,1.3466,205.696,3.713
3.0,0.7024357914924622,0.5270758122743683,1.3672,202.611,3.657
4.0,0.7027777433395386,0.4729241877256318,1.3588,203.855,3.68
5.0,0.6917623281478882,0.5270758122743683,1.3572,204.091,3.684
