epoch,loss,accuracy,runtime,samples_per_second,steps_per_second
1.0,0.21172088384628296,0.9334862385321101,0.4974,1752.972,28.144
2.0,0.22586752474308014,0.9346330275229358,0.5019,1737.39,27.894
3.0,0.2031499594449997,0.926605504587156,0.4907,1776.914,28.528
4.0,0.1831860989332199,0.9380733944954128,0.5116,1704.431,27.365
5.0,0.21134072542190552,0.9403669724770642,0.4928,1769.425,28.408
