epoch,loss,accuracy,runtime,samples_per_second,steps_per_second
1.0,0.7059303522109985,0.5091743119266054,0.6402,1362.173,21.87
2.0,0.6957061290740967,0.5091743119266054,0.6395,1363.508,21.891
3.0,0.7039761543273926,0.5091743119266054,0.6427,1356.865,21.785
4.0,0.7044016718864441,0.5091743119266054,0.6431,1355.915,21.769
5.0,0.7102694511413574,0.5091743119266054,0.6592,1322.744,21.237
