epoch,loss,accuracy,f1,runtime,samples_per_second,steps_per_second
1.0,0.6972871422767639,0.6838235294117647,0.8122270742358079,0.2445,1668.447,28.625
2.0,0.7921151518821716,0.6838235294117647,0.8122270742358079,0.2541,1605.862,27.552
3.0,1.553648591041565,0.3161764705882353,0.0,0.2448,1666.895,28.599
4.0,0.6896864771842957,0.6838235294117647,0.8122270742358079,0.2492,1637.029,28.086
5.0,0.6250035762786865,0.6838235294117647,0.8122270742358079,0.2786,1464.498,25.126
