epoch,loss,accuracy,runtime,samples_per_second,steps_per_second
1.0,0.1749061793088913,0.944954128440367,1.6726,521.33,8.37
2.0,0.1927742063999176,0.9495412844036697,1.6705,521.985,8.38
3.0,0.1769450455904007,0.9518348623853211,1.6798,519.114,8.334
4.0,0.15982359647750854,0.9575688073394495,1.6718,521.59,8.374
5.0,0.17380033433437347,0.9598623853211009,1.6972,513.785,8.249
