epoch,loss,accuracy,runtime,samples_per_second,steps_per_second
1.0,0.6990371346473694,0.4729241877256318,1.0402,266.292,4.807
2.0,0.6970065236091614,0.4729241877256318,1.013,273.456,4.936
3.0,0.6917376518249512,0.5270758122743683,1.006,275.337,4.97
4.0,0.69374018907547,0.4729241877256318,1.0002,276.944,4.999
5.0,0.6941526532173157,0.4729241877256318,1.0451,265.039,4.784
