epoch,loss,accuracy,runtime,samples_per_second,steps_per_second
1.0,0.1580527275800705,0.9410580267252425,14.1144,387.051,6.093
2.0,0.17489808797836304,0.9373970345963756,23.4629,232.836,3.665
3.0,0.14132605493068695,0.9467325645249862,8.6145,634.165,9.983
4.0,0.15955841541290283,0.947098663737873,8.6242,633.453,9.972
5.0,0.16141292452812195,0.9474647629507597,8.615,634.13,9.983
