epoch,loss,accuracy,f1,runtime,samples_per_second,steps_per_second
1.0,0.6275670528411865,0.6838235294117647,0.8122270742358079,0.6651,613.446,10.525
2.0,0.6281020045280457,0.6838235294117647,0.8122270742358079,0.6523,625.487,10.731
3.0,0.867241382598877,0.3161764705882353,0.0,0.6593,618.857,10.618
4.0,0.6262961030006409,0.6838235294117647,0.8122270742358079,0.68,600.04,10.295
5.0,0.6330710053443909,0.6838235294117647,0.8122270742358079,0.6725,606.716,10.409
