epoch,loss,matthews_correlation,runtime,samples_per_second,steps_per_second
1.0,0.4067330062389374,0.5607990478394429,0.5827,1789.949,29.175
2.0,0.3866123557090759,0.5968909376844669,0.582,1792.067,29.209
3.0,0.44560664892196655,0.5804530426643317,0.5855,1781.254,29.033
4.0,0.560908854007721,0.5965876022846417,0.5825,1790.587,29.185
5.0,0.5626095533370972,0.6158197390467447,0.5828,1789.733,29.171
