epoch,loss,accuracy,runtime,samples_per_second,steps_per_second
1.0,0.7185331583023071,0.4729241877256318,0.1718,1612.108,29.099
2.0,0.7049097418785095,0.4729241877256318,0.1603,1727.696,31.186
3.0,0.6068234443664551,0.6750902527075813,0.1609,1721.767,31.079
4.0,0.5625187158584595,0.7111913357400722,0.164,1689.265,30.492
5.0,0.5709967613220215,0.7148014440433214,0.1607,1724.107,31.121
