epoch,loss,matthews_correlation,runtime,samples_per_second,steps_per_second
1.0,0.513925313949585,0.4679085048548991,0.5867,1777.613,28.974
2.0,0.3834318220615387,0.6149810239171254,0.5906,1765.939,28.783
3.0,0.4893018901348114,0.5626727648075698,0.5896,1769.041,28.834
4.0,0.5730482339859009,0.5664220425772281,0.5909,1765.221,28.772
5.0,0.5279285907745361,0.5981008799238268,1.4058,741.951,12.093
