epoch,loss,accuracy,runtime,samples_per_second,steps_per_second
1.0,0.7394957542419434,0.5270758122743683,0.1666,1662.584,30.011
2.0,1.2200006246566772,0.5270758122743683,0.1656,1672.543,30.19
3.0,0.7157374620437622,0.4729241877256318,0.1658,1670.655,30.156
4.0,0.726689338684082,0.5270758122743683,0.166,1669.057,30.127
5.0,0.698192834854126,0.5270758122743683,0.1666,1662.741,30.013
