epoch,loss,accuracy,runtime,samples_per_second,steps_per_second
1.0,0.2038966864347458,0.9231651376146789,0.5156,1691.344,27.155
2.0,0.22761501371860504,0.9288990825688074,0.5188,1680.875,26.987
3.0,0.19565841555595398,0.9323394495412844,0.4855,1795.938,28.834
4.0,0.20665712654590607,0.9357798165137615,0.5084,1715.154,27.537
5.0,0.21280838549137115,0.9334862385321101,0.485,1797.992,28.867
