epoch,loss,matthews_correlation,runtime,samples_per_second,steps_per_second
1.0,0.4700775146484375,0.4802035802321485,0.7518,1387.355,22.613
2.0,0.4020444452762604,0.6038843125984681,0.7381,1413.015,23.031
3.0,0.47018271684646606,0.5780903072486336,0.7376,1413.953,23.046
4.0,0.5772301554679871,0.5403330273255521,0.7381,1413.099,23.032
5.0,0.5415048003196716,0.5879880120258366,0.7388,1411.781,23.011
