epoch,loss,accuracy,runtime,samples_per_second,steps_per_second
1.0,0.2109995186328888,0.9197247706422018,0.4962,1757.405,28.215
2.0,0.23064826428890228,0.9231651376146789,0.4959,1758.267,28.229
3.0,0.19956062734127045,0.930045871559633,0.4949,1762.094,28.29
4.0,0.2183283120393753,0.9288990825688074,0.4951,1761.358,28.279
5.0,0.21277600526809692,0.930045871559633,0.5269,1654.881,26.569
