epoch,loss,matthews_correlation,runtime,samples_per_second,steps_per_second
1.0,0.8603089451789856,0.0,1.6979,614.301,10.013
2.0,0.6512410044670105,0.0,1.7026,612.587,9.985
3.0,0.6470299959182739,0.0,1.7201,606.344,9.883
4.0,0.674175500869751,0.0,1.7134,608.732,9.922
5.0,0.619469940662384,0.0,1.7168,607.511,9.902
