epoch,loss,matthews_correlation,runtime,samples_per_second,steps_per_second
1.0,0.43847253918647766,0.5859365260699386,1.6646,626.582,10.213
2.0,0.372148334980011,0.6301644553603973,1.6644,626.667,10.214
3.0,0.42036914825439453,0.609541267740498,1.6656,626.2,10.207
4.0,0.4645492732524872,0.6186974242041167,1.6675,625.488,10.195
5.0,0.44452863931655884,0.6331219341866674,1.6605,628.136,10.238
