epoch,loss,matthews_correlation,runtime,samples_per_second,steps_per_second
1.0,0.6884945631027222,0.0,0.6754,1544.347,25.172
2.0,0.6276118159294128,0.0,0.6354,1641.449,26.754
3.0,0.6364713311195374,0.0,0.6355,1641.304,26.752
4.0,0.6216459274291992,0.0,0.6337,1645.783,26.825
5.0,0.6203285455703735,0.0,0.6308,1653.365,26.948
