epoch,loss,accuracy,f1,runtime,samples_per_second,steps_per_second
1.0,0.631955623626709,0.6838235294117647,0.8122270742358079,0.3174,1285.363,22.053
2.0,0.6259334683418274,0.6838235294117647,0.8122270742358079,0.3201,1274.593,21.868
3.0,0.6258527040481567,0.6838235294117647,0.8122270742358079,0.3184,1281.44,21.985
4.0,0.625636100769043,0.6838235294117647,0.8122270742358079,0.3224,1265.674,21.715
5.0,0.6253386735916138,0.6838235294117647,0.8122270742358079,0.3211,1270.659,21.801
