epoch,loss,matthews_correlation,runtime,samples_per_second,steps_per_second
1.0,0.8504855632781982,0.0,1.637,637.154,10.385
2.0,0.672944962978363,0.0,1.6369,637.176,10.385
3.0,1.7737809419631958,0.0,1.6401,635.922,10.365
4.0,0.6215918660163879,0.0,1.6398,636.046,10.367
5.0,0.6272136569023132,0.0,1.6433,634.703,10.345
