epoch,loss,accuracy,f1,runtime,samples_per_second,steps_per_second
1.0,0.5546895265579224,0.6985294117647058,0.8161434977578476,0.353,1155.769,19.829
2.0,0.3508094251155853,0.8382352941176471,0.8885135135135135,0.3582,1139.152,19.544
3.0,0.2544519305229187,0.8946078431372549,0.9230769230769231,0.3616,1128.289,19.358
4.0,0.31645041704177856,0.8872549019607843,0.9187279151943463,0.3597,1134.38,19.462
5.0,0.36858224868774414,0.8897058823529411,0.9192100538599641,0.3614,1128.994,19.37
