epoch,loss,accuracy,runtime,samples_per_second,steps_per_second
1.0,0.24692097306251526,0.9071100917431193,0.4908,1776.736,28.526
2.0,0.3016839027404785,0.9048165137614679,0.4924,1770.788,28.43
3.0,0.2621971666812897,0.9048165137614679,0.4903,1778.606,28.556
4.0,0.22104264795780182,0.926605504587156,0.4887,1784.333,28.648
5.0,0.24414703249931335,0.9311926605504587,0.4923,1771.314,28.439
