epoch,loss,matthews_correlation,runtime,samples_per_second,steps_per_second
1.0,0.6238808631896973,0.0,0.7737,1348.145,21.974
2.0,0.618209719657898,0.0,0.7849,1328.809,21.658
3.0,0.6181430220603943,0.0,0.7758,1344.439,21.913
4.0,0.6204252243041992,0.0,0.7751,1345.554,21.931
5.0,0.6196876764297485,0.0,0.7815,1334.606,21.753
