epoch,loss,accuracy,f1,runtime,samples_per_second,steps_per_second
1.0,0.6287357211112976,0.6838235294117647,0.8122270742358079,0.6434,634.108,10.879
2.0,0.7941358685493469,0.6838235294117647,0.8122270742358079,0.6583,619.819,10.634
3.0,0.6250466704368591,0.6838235294117647,0.8122270742358079,0.6368,640.679,10.992
4.0,0.6270566582679749,0.6838235294117647,0.8122270742358079,0.6375,639.971,10.98
5.0,0.6241341233253479,0.6838235294117647,0.8122270742358079,0.6368,640.713,10.993
