epoch,loss,accuracy,runtime,samples_per_second,steps_per_second
1.0,0.7125469446182251,0.4729241877256318,0.9668,286.508,5.172
2.0,0.5175715088844299,0.7725631768953068,0.9858,281.0,5.072
3.0,0.4548162817955017,0.8086642599277978,0.9861,280.912,5.071
4.0,0.44737112522125244,0.8447653429602888,0.977,283.515,5.118
5.0,0.453702449798584,0.8483754512635379,0.9932,278.89,5.034
