epoch,loss,accuracy,f1,runtime,samples_per_second,steps_per_second
1.0,0.6314266324043274,0.6838235294117647,0.8122270742358079,0.8126,502.113,8.615
2.0,0.6248198747634888,0.6838235294117647,0.8122270742358079,0.8084,504.675,8.659
3.0,0.6260980367660522,0.6838235294117647,0.8122270742358079,0.8114,502.815,8.627
4.0,0.6268119215965271,0.6838235294117647,0.8122270742358079,0.8105,503.411,8.637
5.0,0.6245715618133545,0.6838235294117647,0.8122270742358079,0.8127,502.0,8.613
