epoch,loss,matthews_correlation,runtime,samples_per_second,steps_per_second
1.0,0.6351494789123535,0.0,1.8232,572.061,9.324
2.0,0.6298118829727173,0.0,1.825,571.5,9.315
3.0,0.6184065937995911,0.0,1.8305,569.793,9.287
4.0,0.6258379817008972,0.0,1.8267,570.976,9.306
5.0,0.6193229556083679,0.0,1.829,570.249,9.295
