epoch,loss,matthews_correlation,runtime,samples_per_second,steps_per_second
1.0,0.5496646165847778,0.0463559874942472,0.5753,1813.058,29.551
2.0,0.4754992127418518,0.45242182586361623,0.5763,1809.962,29.501
3.0,0.46687769889831543,0.4803905600654982,0.5654,1844.816,30.069
4.0,0.5007821917533875,0.4524393377050599,0.5785,1802.949,29.387
5.0,0.4716525375843048,0.48619808695768324,0.5685,1834.526,29.901
