epoch,loss,matthews_correlation,runtime,samples_per_second,steps_per_second
1.0,0.6354907751083374,0.0,0.6311,1652.611,26.936
2.0,0.6198452115058899,0.0,0.6422,1624.02,26.47
3.0,0.7169884443283081,0.0,0.6444,1618.591,26.382
4.0,0.6413329839706421,0.0,0.6301,1655.376,26.981
5.0,0.6205827593803406,0.0,0.6539,1595.096,25.999
