epoch,loss,accuracy,f1,runtime,samples_per_second,steps_per_second
1.0,0.780850887298584,0.45098039215686275,0.3879781420765027,0.2586,1577.92,27.072
2.0,0.6367630362510681,0.6838235294117647,0.8122270742358079,0.2593,1573.722,27.0
3.0,0.6245272755622864,0.6838235294117647,0.8122270742358079,0.2568,1588.856,27.26
4.0,0.624575138092041,0.6838235294117647,0.8122270742358079,0.2577,1583.134,27.162
5.0,0.6244722008705139,0.6838235294117647,0.8122270742358079,0.2565,1590.677,27.291
