epoch,loss,matthews_correlation,runtime,samples_per_second,steps_per_second
1.0,0.635612964630127,0.0,1.8243,571.739,9.319
2.0,0.6681555509567261,0.0,1.8265,571.026,9.307
3.0,0.6472440958023071,0.0,1.8268,570.95,9.306
4.0,0.6181895732879639,0.0,1.8237,571.926,9.322
5.0,0.6185168027877808,0.0,1.825,571.5,9.315
