epoch,loss,accuracy,f1,runtime,samples_per_second,steps_per_second
1.0,0.6238529086112976,0.6838235294117647,0.8122270742358079,0.6588,619.306,10.625
2.0,0.6241287589073181,0.6838235294117647,0.8122270742358079,0.6604,617.798,10.599
3.0,0.6570015549659729,0.6838235294117647,0.8122270742358079,0.6618,616.52,10.578
4.0,0.6260789036750793,0.6838235294117647,0.8122270742358079,0.6619,616.413,10.576
5.0,0.6258527040481567,0.6838235294117647,0.8122270742358079,0.6623,616.035,10.569
