epoch,loss,matthews_correlation,runtime,samples_per_second,steps_per_second
1.0,0.4829799234867096,0.4829189832085035,0.6509,1602.318,26.116
2.0,0.37816235423088074,0.6072688697600278,0.6837,1525.587,24.866
3.0,0.487225741147995,0.6082287537654698,0.6479,1609.849,26.239
4.0,0.6258385181427002,0.5791579814417055,0.6588,1583.099,25.803
5.0,0.6107200980186462,0.6107991646384716,0.6492,1606.704,26.188
