epoch,loss,accuracy,f1,runtime,samples_per_second,steps_per_second
1.0,0.6152762770652771,0.6838235294117647,0.8122270742358079,0.6405,636.955,10.928
2.0,0.4589971601963043,0.7745098039215687,0.8491803278688524,0.6427,634.867,10.892
3.0,0.3668968081474304,0.8480392156862745,0.8860294117647058,0.6448,632.774,10.856
4.0,0.30192670226097107,0.8676470588235294,0.9032258064516129,0.6411,636.416,10.919
5.0,0.2943742275238037,0.875,0.9081081081081082,0.6411,636.419,10.919
