epoch,loss,matthews_correlation,runtime,samples_per_second,steps_per_second
1.0,0.4799644351005554,0.4670237778782895,0.6457,1615.335,26.329
2.0,0.5000969171524048,0.5052340847713823,0.6639,1571.09,25.607
3.0,0.47753676772117615,0.5361146089547957,0.693,1504.991,24.53
4.0,0.5017025470733643,0.5417411324995559,0.6503,1603.942,26.143
5.0,0.47713369131088257,0.550090073200501,0.6486,1608.106,26.211
