epoch,loss,matthews_correlation,runtime,samples_per_second,steps_per_second
1.0,0.7853589653968811,0.0,1.6485,632.692,10.312
2.0,0.6328387260437012,0.0,1.6413,635.482,10.358
3.0,0.7340538501739502,0.0,1.6494,632.355,10.307
4.0,0.6493346095085144,0.0,1.6516,631.525,10.293
5.0,0.6217383742332458,0.0,1.673,623.427,10.161
