epoch,loss,accuracy,runtime,samples_per_second,steps_per_second
1.0,0.6930798888206482,0.5053999633900788,3.1193,1751.379,27.571
2.0,0.7006836533546448,0.4946000366099213,3.0031,1819.097,28.637
3.0,0.7500988245010376,0.5053999633900788,3.0934,1766.031,27.801
4.0,0.6945794820785522,0.5053999633900788,3.0012,1820.282,28.655
5.0,0.6935828924179077,0.5053999633900788,3.0006,1820.639,28.661
