epoch,loss,accuracy,runtime,samples_per_second,steps_per_second
1.0,0.7531905770301819,0.5270758122743683,0.5289,523.744,9.454
2.0,0.7013252377510071,0.4729241877256318,0.5297,522.907,9.439
3.0,0.6940256953239441,0.4729241877256318,0.528,524.664,9.47
4.0,0.699262797832489,0.4729241877256318,0.538,514.913,9.294
5.0,0.6918540000915527,0.5270758122743683,0.5295,523.167,9.443
