epoch,loss,accuracy,runtime,samples_per_second,steps_per_second
1.0,0.6917535066604614,0.5270758122743683,0.1785,1551.869,28.012
2.0,0.6985559463500977,0.4729241877256318,0.1795,1543.261,27.857
3.0,0.6929469108581543,0.5270758122743683,0.1786,1550.856,27.994
4.0,0.6984925270080566,0.4729241877256318,0.1782,1554.381,28.057
5.0,0.6942318677902222,0.4729241877256318,0.1788,1549.379,27.967
