epoch,loss,accuracy,runtime,samples_per_second,steps_per_second
1.0,0.7047097086906433,0.4729241877256318,0.1654,1674.815,30.231
2.0,0.6936167478561401,0.4729241877256318,0.1664,1664.399,30.043
3.0,0.6917517781257629,0.5270758122743683,0.1666,1662.737,30.013
4.0,0.692911684513092,0.5270758122743683,0.1774,1561.215,28.181
5.0,0.6931743025779724,0.47653429602888087,0.1675,1654.148,29.858
