epoch,loss,accuracy,f1,runtime,samples_per_second,steps_per_second
1.0,0.5802145600318909,0.6936274509803921,0.8169838945827232,0.6622,616.165,10.571
2.0,0.4063098728656769,0.8504901960784313,0.8964346349745331,0.6625,615.818,10.565
3.0,0.26366356015205383,0.8897058823529411,0.9192100538599641,0.7094,575.137,9.868
4.0,0.3392093777656555,0.8823529411764706,0.9178082191780822,0.6698,609.122,10.451
5.0,0.3092603385448456,0.8995098039215687,0.9274336283185841,0.6844,596.14,10.228
