epoch,loss,matthews_correlation,runtime,samples_per_second,steps_per_second
1.0,1.0916444063186646,0.0,1.6427,634.944,10.349
2.0,0.8054084777832031,0.0,1.6395,636.164,10.369
3.0,1.7905453443527222,0.0,1.643,634.829,10.347
4.0,0.639245331287384,0.0,1.6399,636.025,10.367
5.0,0.6237841844558716,0.0,1.6379,636.773,10.379
