epoch,loss,accuracy,runtime,samples_per_second,steps_per_second
1.0,0.7065781950950623,0.4729241877256318,0.1825,1517.454,27.391
2.0,0.695229709148407,0.4729241877256318,0.1817,1524.361,27.516
3.0,0.6917023658752441,0.5270758122743683,0.1888,1466.962,26.479
4.0,0.6931813955307007,0.5270758122743683,0.1809,1531.545,27.645
5.0,0.6929962635040283,0.5270758122743683,0.1817,1524.763,27.523
