epoch,loss,matthews_correlation,runtime,samples_per_second,steps_per_second
1.0,0.6271659135818481,0.0,0.7725,1350.23,22.008
2.0,0.6208425760269165,0.0,0.7872,1324.912,21.595
3.0,0.6184049248695374,0.0,0.7738,1347.814,21.968
4.0,0.6207758784294128,0.0,0.7726,1349.906,22.002
5.0,0.6194339394569397,0.0,0.7735,1348.438,21.978
