epoch,loss,matthews_correlation,runtime,samples_per_second,steps_per_second
1.0,0.625883162021637,0.0,1.6297,640.014,10.432
2.0,0.6202564835548401,0.0,1.6299,639.905,10.43
3.0,0.6880460977554321,0.0,1.6311,639.436,10.422
4.0,0.6313902735710144,0.0,1.6329,638.746,10.411
5.0,0.6199121475219727,0.0,1.6548,630.278,10.273
