epoch,loss,accuracy,runtime,samples_per_second,steps_per_second
1.0,0.14725422859191895,0.9518348623853211,1.3681,637.361,10.233
2.0,0.16167369484901428,0.9529816513761468,1.3649,638.877,10.257
3.0,0.14052057266235352,0.9529816513761468,1.3633,639.621,10.269
4.0,0.15050369501113892,0.9541284403669725,1.3628,639.876,10.273
5.0,0.147968590259552,0.9552752293577982,1.3649,638.876,10.257
