epoch,loss,accuracy,f1,runtime,samples_per_second,steps_per_second
1.0,0.7385313510894775,0.3161764705882353,0.0,0.2395,1703.513,29.227
2.0,0.7063206434249878,0.6838235294117647,0.8122270742358079,0.2433,1677.121,28.774
3.0,0.7049775719642639,0.3161764705882353,0.0,0.2411,1692.404,29.036
4.0,0.6953098177909851,0.6838235294117647,0.8122270742358079,0.2402,1698.731,29.145
5.0,0.626044750213623,0.6838235294117647,0.8122270742358079,0.2421,1685.359,28.915
