epoch,loss,matthews_correlation,runtime,samples_per_second,steps_per_second
1.0,0.5972478985786438,0.24316892062216255,1.587,657.216,10.712
2.0,0.553009569644928,0.43363279903062896,1.5989,652.33,10.632
3.0,0.41271838545799255,0.5521390429003941,1.6173,644.901,10.511
4.0,0.5222248435020447,0.5004077836235508,1.621,643.442,10.488
5.0,0.4750535786151886,0.5475140727239077,1.6223,642.926,10.479
