epoch,loss,accuracy,f1,runtime,samples_per_second,steps_per_second
1.0,0.6252531409263611,0.6838235294117647,0.8122270742358079,0.9038,451.431,7.745
2.0,0.6240647435188293,0.6838235294117647,0.8122270742358079,0.9082,449.219,7.707
3.0,0.6244291663169861,0.6838235294117647,0.8122270742358079,0.9055,450.602,7.731
4.0,0.8506074547767639,0.3161764705882353,0.0,0.9151,445.843,7.649
5.0,0.6266892552375793,0.6838235294117647,0.8122270742358079,0.9082,449.234,7.707
