epoch,loss,accuracy,f1,runtime,samples_per_second,steps_per_second
1.0,0.44418394565582275,0.7843137254901961,0.8571428571428571,0.2559,1594.556,27.358
2.0,0.34712401032447815,0.8725490196078431,0.9106529209621993,0.2482,1643.817,28.203
3.0,0.2947610914707184,0.8872549019607843,0.9157509157509157,0.2584,1578.849,27.088
4.0,0.3011886477470398,0.875,0.9087656529516994,0.2483,1643.197,28.192
5.0,0.3018158972263336,0.8799019607843137,0.911070780399274,0.2473,1650.129,28.311
