epoch,loss,accuracy,runtime,samples_per_second,steps_per_second
1.0,0.7167455554008484,0.5053999633900788,3.0049,1818.032,28.62
2.0,0.7147848606109619,0.4946000366099213,3.114,1754.345,27.617
3.0,0.6931020617485046,0.5053999633900788,3.079,1774.253,27.931
4.0,0.695020318031311,0.5053999633900788,3.1069,1758.322,27.68
5.0,0.6931178569793701,0.4946000366099213,3.0166,1810.99,28.509
