epoch,loss,accuracy,f1,runtime,samples_per_second,steps_per_second
1.0,0.45518171787261963,0.8112745098039216,0.8705882352941177,0.3342,1220.897,20.947
2.0,0.32587170600891113,0.875,0.906764168190128,0.3365,1212.505,20.803
3.0,0.36794188618659973,0.8382352941176471,0.872093023255814,0.3347,1219.017,20.915
4.0,0.3273201882839203,0.8651960784313726,0.9023090586145648,0.3341,1221.277,20.953
5.0,0.3566948473453522,0.8676470588235294,0.9025270758122743,0.3351,1217.451,20.888
