epoch,loss,matthews_correlation,runtime,samples_per_second,steps_per_second
1.0,0.6202234625816345,0.0,1.7947,581.168,9.473
2.0,0.6218367218971252,0.0,1.7956,580.871,9.468
3.0,0.6181100010871887,0.0,1.7958,580.785,9.466
4.0,0.6214423179626465,0.0,1.8331,568.967,9.274
5.0,0.6187722086906433,0.0,1.7951,581.012,9.47
