epoch,loss,matthews_correlation,runtime,samples_per_second,steps_per_second
1.0,0.6189618110656738,0.0,0.589,1770.784,28.862
2.0,0.7054812908172607,0.0,0.5633,1851.694,30.181
3.0,0.6250964403152466,0.0,0.5642,1848.507,30.129
4.0,0.7529144883155823,0.0,0.5699,1830.127,29.829
5.0,0.6251245141029358,0.0,0.5683,1835.358,29.915
