epoch,loss,accuracy,f1,runtime,samples_per_second,steps_per_second
1.0,0.6646411418914795,0.6838235294117647,0.8122270742358079,0.3254,1253.711,21.51
2.0,0.6321536898612976,0.6838235294117647,0.8122270742358079,0.3251,1255.072,21.533
3.0,0.6303614974021912,0.6838235294117647,0.8122270742358079,0.3252,1254.577,21.525
4.0,0.624664306640625,0.6838235294117647,0.8122270742358079,0.3264,1250.068,21.447
5.0,0.6260651350021362,0.6838235294117647,0.8122270742358079,0.3265,1249.706,21.441
