epoch,loss,accuracy,f1,runtime,samples_per_second,steps_per_second
1.0,0.4450337886810303,0.7892156862745098,0.8576158940397351,0.2641,1544.688,26.502
2.0,0.3430893123149872,0.8529411764705882,0.8972602739726028,0.249,1638.337,28.109
3.0,0.37745919823646545,0.8284313725490197,0.8648648648648649,0.2445,1668.903,28.633
4.0,0.3437238335609436,0.8700980392156863,0.9055258467023173,0.2457,1660.803,28.494
5.0,0.36718645691871643,0.8725490196078431,0.9064748201438849,0.247,1652.106,28.345
