epoch,loss,accuracy,f1,runtime,samples_per_second,steps_per_second
1.0,0.614316463470459,0.6838235294117647,0.8122270742358079,0.6557,622.208,10.675
2.0,0.4345010817050934,0.7794117647058824,0.8534201954397395,0.6621,616.227,10.573
3.0,0.347453236579895,0.8480392156862745,0.8830188679245283,0.6683,610.542,10.475
4.0,0.3054918646812439,0.8725490196078431,0.9081272084805654,0.6762,603.387,10.352
5.0,0.29691553115844727,0.8872549019607843,0.9169675090252708,0.653,624.774,10.719
