epoch,loss,accuracy,f1,runtime,samples_per_second,steps_per_second
1.0,0.6189826726913452,0.6838235294117647,0.8122270742358079,0.6466,630.95,10.825
2.0,0.6240389943122864,0.6838235294117647,0.8122270742358079,0.6428,634.706,10.89
3.0,0.6348536014556885,0.6838235294117647,0.8122270742358079,0.6408,636.673,10.923
4.0,0.6264469027519226,0.6838235294117647,0.8122270742358079,0.6395,638.032,10.947
5.0,0.625359058380127,0.6838235294117647,0.8122270742358079,0.6428,634.688,10.889
