epoch,loss,accuracy,f1,runtime,samples_per_second,steps_per_second
1.0,1.1405245065689087,0.3161764705882353,0.0,0.245,1665.206,28.57
2.0,0.6354639530181885,0.6838235294117647,0.8122270742358079,0.2449,1665.698,28.578
3.0,0.6474573612213135,0.6838235294117647,0.8122270742358079,0.246,1658.507,28.455
4.0,0.6801587343215942,0.6838235294117647,0.8122270742358079,0.2451,1664.665,28.56
5.0,0.6249371767044067,0.6838235294117647,0.8122270742358079,0.2466,1654.559,28.387
