epoch,loss,accuracy,runtime,samples_per_second,steps_per_second
1.0,0.221214160323143,0.9176276771004942,1.5487,3527.417,55.53
2.0,0.21064791083335876,0.9192751235584844,1.6116,3389.779,53.363
3.0,0.19559261202812195,0.9280615046677649,1.6168,3378.817,53.19
4.0,0.22513195872306824,0.9289767526999817,1.5509,3522.422,55.451
5.0,0.25879496335983276,0.9282445542742083,1.599,3416.477,53.783
