epoch,loss,accuracy,runtime,samples_per_second,steps_per_second
1.0,0.6953848004341125,0.4729241877256318,0.1715,1615.224,29.156
2.0,0.705048143863678,0.4729241877256318,0.1706,1624.113,29.316
3.0,0.6235677599906921,0.6859205776173285,0.1706,1624.145,29.317
4.0,0.561687171459198,0.6859205776173285,0.1717,1612.885,29.113
5.0,0.5444287657737732,0.7220216606498195,0.1718,1612.162,29.1
