epoch,loss,accuracy,runtime,samples_per_second,steps_per_second
1.0,0.7010149359703064,0.4729241877256318,0.7435,372.583,6.725
2.0,0.6932607293128967,0.4729241877256318,0.753,367.868,6.64
3.0,0.6917570233345032,0.5270758122743683,0.7734,358.158,6.465
4.0,0.6924938559532166,0.5270758122743683,0.7661,361.579,6.527
5.0,0.6927582621574402,0.5270758122743683,0.761,363.987,6.57
