epoch,loss,accuracy,runtime,samples_per_second,steps_per_second
1.0,0.691450297832489,0.5270758122743683,0.1693,1636.383,29.538
2.0,0.707011878490448,0.4729241877256318,0.1697,1631.924,29.457
3.0,0.6983585357666016,0.5270758122743683,0.1679,1649.655,29.777
4.0,0.6949934363365173,0.4729241877256318,0.1692,1636.664,29.543
5.0,0.692772388458252,0.5270758122743683,0.1671,1658.038,29.928
