epoch,loss,accuracy,f1,runtime,samples_per_second,steps_per_second
1.0,0.6394222378730774,0.6838235294117647,0.8122270742358079,0.8559,476.719,8.179
2.0,0.6258784532546997,0.6838235294117647,0.8122270742358079,0.8706,468.649,8.041
3.0,0.6256605982780457,0.6838235294117647,0.8122270742358079,0.8748,466.402,8.002
4.0,0.6240312457084656,0.6838235294117647,0.8122270742358079,0.8758,465.84,7.992
5.0,0.624030590057373,0.6838235294117647,0.8122270742358079,0.8821,462.548,7.936
