epoch,loss,matthews_correlation,runtime,samples_per_second,steps_per_second
1.0,0.6208273768424988,0.0,1.8616,560.275,9.132
2.0,0.6349327564239502,0.0,1.8414,566.422,9.232
3.0,0.648719310760498,0.0,1.8478,564.457,9.2
4.0,0.6180509924888611,0.0,1.8256,571.311,9.312
5.0,0.618428111076355,0.0,1.8261,571.173,9.31
