epoch,loss,matthews_correlation,runtime,samples_per_second,steps_per_second
1.0,0.43253976106643677,0.5442570546927161,1.6476,633.025,10.318
2.0,0.36623015999794006,0.6210093223610296,1.6517,631.471,10.292
3.0,0.3526466190814972,0.6485480476122496,1.6505,631.933,10.3
4.0,0.4230331778526306,0.6358868443209523,1.6673,625.563,10.196
5.0,0.4000251293182373,0.6479544437772453,1.6511,631.701,10.296
