epoch,loss,matthews_correlation,runtime,samples_per_second,steps_per_second
1.0,0.4513193964958191,0.48363151084768286,0.8367,1246.537,20.317
2.0,0.3659061789512634,0.6169486919573096,0.8225,1268.112,20.669
3.0,0.4990282952785492,0.5755298089385917,0.8234,1266.669,20.646
4.0,0.6076924204826355,0.5476972834600634,0.8217,1269.266,20.688
5.0,0.58368980884552,0.5829211024374039,0.8236,1266.344,20.64
