epoch,loss,accuracy,f1,runtime,samples_per_second,steps_per_second
1.0,0.3599567115306854,0.8406862745098039,0.8877374784110535,0.2468,1653.46,28.368
2.0,0.3342735469341278,0.8700980392156863,0.9078260869565218,0.2466,1654.705,28.39
3.0,0.33543694019317627,0.8676470588235294,0.8973384030418251,0.2436,1674.769,28.734
4.0,0.3237092196941376,0.8921568627450981,0.9230769230769231,0.2445,1668.463,28.626
5.0,0.3419114947319031,0.8970588235294118,0.925531914893617,0.2477,1647.454,28.265
