epoch,loss,matthews_correlation,runtime,samples_per_second,steps_per_second
1.0,0.7779213190078735,0.0,0.5987,1742.156,28.396
2.0,0.6186949610710144,0.0,0.5984,1742.877,28.407
3.0,1.288246512413025,0.0,0.6315,1651.635,26.92
4.0,0.6215131878852844,0.0,0.6049,1724.156,28.102
5.0,0.6273823976516724,0.0,0.5994,1740.019,28.361
