epoch,loss,matthews_correlation,runtime,samples_per_second,steps_per_second
1.0,0.6297124028205872,0.0,1.6326,638.846,10.413
2.0,0.9941995143890381,0.0,1.6321,639.046,10.416
3.0,0.8025500178337097,0.0,1.6465,633.452,10.325
4.0,0.6182050108909607,0.0,1.6402,635.914,10.365
5.0,0.6292175650596619,0.0,1.6294,640.096,10.433
