epoch,loss,accuracy,f1,runtime,samples_per_second,steps_per_second
1.0,1.2330513000488281,0.6838235294117647,0.8122270742358079,0.6347,642.81,11.029
2.0,1.0093154907226562,0.6838235294117647,0.8122270742358079,0.6376,639.867,10.978
3.0,0.8739157319068909,0.3161764705882353,0.0,0.638,639.526,10.972
4.0,0.7329559326171875,0.6838235294117647,0.8122270742358079,0.6385,639.022,10.964
5.0,0.6279440522193909,0.6838235294117647,0.8122270742358079,0.6587,619.441,10.628
