epoch,loss,accuracy,runtime,samples_per_second,steps_per_second
1.0,0.6993526816368103,0.5270758122743683,0.4361,635.22,11.466
2.0,0.7930806279182434,0.4729241877256318,0.4394,630.356,11.378
3.0,0.6567479968070984,0.631768953068592,0.4395,630.33,11.378
4.0,0.5796398520469666,0.6967509025270758,0.4335,638.928,11.533
5.0,0.5573009848594666,0.7111913357400722,0.436,635.295,11.467
