epoch,loss,accuracy,runtime,samples_per_second,steps_per_second
1.0,1.1590228080749512,0.31818644931227713,5.2375,1873.978,29.403
2.0,1.1054131984710693,0.31818644931227713,5.1817,1894.173,29.72
3.0,1.1117275953292847,0.31818644931227713,5.1833,1893.564,29.711
4.0,1.0989429950714111,0.31818644931227713,5.1816,1894.192,29.72
5.0,1.0990240573883057,0.31818644931227713,5.1676,1899.329,29.801
