epoch,loss,accuracy,runtime,samples_per_second,steps_per_second
1.0,0.693828284740448,0.4693140794223827,0.1698,1631.34,29.447
2.0,0.6903098225593567,0.628158844765343,0.1718,1611.907,29.096
3.0,0.6762166619300842,0.5703971119133574,0.1692,1636.787,29.545
4.0,0.6017096638679504,0.6859205776173285,0.1721,1609.268,29.048
5.0,0.5970708131790161,0.6931407942238267,0.1706,1623.276,29.301
