epoch,loss,accuracy,runtime,samples_per_second,steps_per_second
1.0,0.7103399038314819,0.47653429602888087,0.9936,278.789,5.032
2.0,0.6865763068199158,0.5740072202166066,1.0015,276.593,4.993
3.0,0.595024049282074,0.703971119133574,0.9958,278.156,5.021
4.0,0.559090793132782,0.7148014440433214,0.9856,281.052,5.073
5.0,0.5537863969802856,0.7075812274368231,0.9819,282.094,5.092
