epoch,loss,accuracy,runtime,samples_per_second,steps_per_second
1.0,0.24405398964881897,0.9119531393007505,3.8705,1411.434,22.219
2.0,0.2513295114040375,0.90536335346879,3.8674,1412.561,22.237
3.0,0.2311941385269165,0.9200073219842577,3.8601,1415.248,22.279
4.0,0.2711874544620514,0.9231191652937946,3.8515,1418.401,22.329
5.0,0.3019971251487732,0.9231191652937946,3.8564,1416.604,22.301
