epoch,loss,accuracy,runtime,samples_per_second,steps_per_second
1.0,0.7211649417877197,0.4729241877256318,0.1684,1644.809,29.69
2.0,0.7084951996803284,0.48736462093862815,0.1676,1652.858,29.835
3.0,0.5711848139762878,0.6750902527075813,0.1683,1645.787,29.707
4.0,0.5474255681037903,0.7111913357400722,0.1664,1664.528,30.046
5.0,0.5715692043304443,0.7075812274368231,0.1683,1645.848,29.708
