epoch,loss,accuracy,runtime,samples_per_second,steps_per_second
1.0,0.6979989409446716,0.4729241877256318,0.4408,628.353,11.342
2.0,0.6938494443893433,0.4729241877256318,0.4574,605.633,10.932
3.0,0.6933752298355103,0.5270758122743683,0.4443,623.398,11.253
4.0,0.6942019462585449,0.4729241877256318,0.4394,630.371,11.379
5.0,0.6925396919250488,0.5270758122743683,0.4456,621.661,11.221
