epoch,loss,accuracy,f1,runtime,samples_per_second,steps_per_second
1.0,0.6270925402641296,0.6838235294117647,0.8122270742358079,0.9623,424.001,7.275
2.0,0.6253147721290588,0.6838235294117647,0.8122270742358079,0.9662,422.267,7.245
3.0,0.6241610646247864,0.6838235294117647,0.8122270742358079,0.9694,420.88,7.221
4.0,0.6244441270828247,0.6838235294117647,0.8122270742358079,0.9581,425.846,7.306
5.0,0.6239875555038452,0.6838235294117647,0.8122270742358079,0.9578,425.955,7.308
