epoch,loss,accuracy,runtime,samples_per_second,steps_per_second
1.0,0.6857998371124268,0.5306859205776173,0.1668,1660.65,29.976
2.0,0.5792574286460876,0.7220216606498195,0.1674,1654.975,29.873
3.0,0.49821212887763977,0.7581227436823105,0.1701,1628.653,29.398
4.0,0.5088161826133728,0.7689530685920578,0.1686,1643.262,29.662
5.0,0.6720657348632812,0.7545126353790613,0.1679,1649.826,29.78
