epoch,loss,accuracy,f1,runtime,samples_per_second,steps_per_second
1.0,0.6331403851509094,0.6838235294117647,0.8122270742358079,0.2833,1440.399,24.713
2.0,0.633537769317627,0.6838235294117647,0.8122270742358079,0.2871,1421.095,24.382
3.0,0.6239402890205383,0.6838235294117647,0.8122270742358079,0.2888,1412.621,24.236
4.0,0.6241114139556885,0.6838235294117647,0.8122270742358079,0.2859,1426.944,24.482
5.0,0.6243723034858704,0.6838235294117647,0.8122270742358079,0.2863,1425.072,24.45
