epoch,loss,accuracy,runtime,samples_per_second,steps_per_second
1.0,0.18232011795043945,0.9339190920739521,8.5919,635.835,10.009
2.0,0.1778266727924347,0.9341021416803954,8.5291,640.511,10.083
3.0,0.14499300718307495,0.9472817133443163,8.5874,636.165,10.015
4.0,0.15317349135875702,0.9492952590151931,8.5884,636.09,10.013
5.0,0.15345530211925507,0.9472817133443163,8.6017,635.107,9.998
