epoch,loss,matthews_correlation,runtime,samples_per_second,steps_per_second
1.0,0.506179690361023,0.44680434771969624,0.5971,1746.786,28.471
2.0,0.41241881251335144,0.5466136546902035,0.597,1747.159,28.477
3.0,0.42883992195129395,0.5586081818464569,0.5978,1744.848,28.44
4.0,0.48036399483680725,0.5829069963924198,0.6114,1706.042,27.807
5.0,0.48422014713287354,0.593197037544882,0.5966,1748.247,28.495
