epoch,loss,accuracy,runtime,samples_per_second,steps_per_second
1.0,0.6916012763977051,0.5270758122743683,13.0023,21.304,0.077
2.0,0.6929296851158142,0.5270758122743683,13.036,21.249,0.077
3.0,0.6952232718467712,0.4729241877256318,8.488,32.634,0.118
4.0,0.6926812529563904,0.5270758122743683,10.0204,27.644,0.1
5.0,0.6936018466949463,0.4729241877256318,10.3377,26.795,0.097
