epoch,loss,accuracy,runtime,samples_per_second,steps_per_second
1.0,0.696294367313385,0.5270758122743683,0.209,1325.537,23.927
2.0,0.7021836638450623,0.4729241877256318,0.2099,1319.948,23.826
3.0,0.6931443214416504,0.5270758122743683,0.2137,1296.043,23.394
4.0,0.6984131932258606,0.4729241877256318,0.211,1312.79,23.697
5.0,0.6941103339195251,0.4729241877256318,0.2097,1320.746,23.84
