epoch,loss,accuracy,runtime,samples_per_second,steps_per_second
1.0,0.7139376997947693,0.5270758122743683,0.1883,1471.145,26.555
2.0,0.740524411201477,0.4729241877256318,0.1691,1637.885,29.565
3.0,0.6941455602645874,0.4729241877256318,0.169,1639.491,29.594
4.0,0.7038036584854126,0.4729241877256318,0.1823,1519.787,27.433
5.0,0.6916406750679016,0.5270758122743683,0.1672,1656.32,29.897
