epoch,loss,matthews_correlation,runtime,samples_per_second,steps_per_second
1.0,0.4581809341907501,0.5338269593815457,0.2919,3573.037,58.237
2.0,0.38829028606414795,0.5957172355641407,0.2902,3594.522,58.588
3.0,0.4822819232940674,0.6133109050075183,0.2921,3570.824,58.201
4.0,0.6596497297286987,0.5783492880234216,0.2919,3572.854,58.234
5.0,0.6569840312004089,0.5804732682978748,0.2944,3542.616,57.742
