epoch,loss,accuracy,f1,runtime,samples_per_second,steps_per_second
1.0,0.6294764876365662,0.6838235294117647,0.8122270742358079,0.9078,449.427,7.711
2.0,0.62408447265625,0.6838235294117647,0.8122270742358079,0.9148,446.007,7.652
3.0,0.6524251103401184,0.6838235294117647,0.8122270742358079,0.917,444.951,7.634
4.0,0.6315301656723022,0.6838235294117647,0.8122270742358079,0.9134,446.678,7.664
5.0,0.6261537075042725,0.6838235294117647,0.8122270742358079,0.9161,445.367,7.641
