epoch,loss,accuracy,f1,runtime,samples_per_second,steps_per_second
1.0,0.6100990176200867,0.7058823529411765,0.8192771084337349,1.8567,219.741,3.77
2.0,0.34479328989982605,0.8774509803921569,0.9084249084249084,0.649,628.636,10.785
3.0,0.34761443734169006,0.8627450980392157,0.895910780669145,1.8604,219.306,3.763
4.0,0.3098175525665283,0.875,0.9113043478260869,1.7988,226.814,3.891
5.0,0.36539310216903687,0.875,0.9077757685352622,1.773,230.118,3.948
