epoch,loss,accuracy,runtime,samples_per_second,steps_per_second
1.0,0.1911211609840393,0.9346330275229358,0.5052,1725.973,27.711
2.0,0.20474551618099213,0.9369266055045872,0.5068,1720.548,27.623
3.0,0.19556094706058502,0.9438073394495413,0.505,1726.612,27.721
4.0,0.20781242847442627,0.9415137614678899,0.5027,1734.509,27.848
5.0,0.2375597506761551,0.9380733944954128,0.5019,1737.381,27.894
