epoch,loss,matthews_correlation,runtime,samples_per_second,steps_per_second
1.0,0.6349507570266724,0.0,0.6312,1652.285,26.931
2.0,0.6295190453529358,0.0,0.6357,1640.631,26.741
3.0,0.6308333873748779,0.0,0.6371,1636.984,26.681
4.0,0.6182459592819214,0.0,0.6314,1651.999,26.926
5.0,0.6182345151901245,0.0,0.6546,1593.283,25.969
