epoch,loss,accuracy,runtime,samples_per_second,steps_per_second
1.0,0.15227197110652924,0.9495412844036697,1.3487,646.541,10.38
2.0,0.14835752546787262,0.9541284403669725,1.3647,638.965,10.259
3.0,0.16694076359272003,0.948394495412844,1.3562,642.986,10.323
4.0,0.1716877967119217,0.9495412844036697,1.3402,650.629,10.446
5.0,0.1668819636106491,0.9552752293577982,1.3462,647.752,10.4
