epoch,loss,accuracy,runtime,samples_per_second,steps_per_second
1.0,0.19187837839126587,0.9277522935779816,0.483,1805.403,28.986
2.0,0.254447877407074,0.9323394495412844,0.4838,1802.218,28.935
3.0,0.21158868074417114,0.9323394495412844,0.4827,1806.339,29.001
4.0,0.2537540793418884,0.9380733944954128,0.4936,1766.658,28.364
5.0,0.28237077593803406,0.9357798165137615,0.4882,1786.007,28.674
