epoch,loss,matthews_correlation,runtime,samples_per_second,steps_per_second
1.0,0.6183950901031494,0.0,0.6206,1680.558,27.392
2.0,2.2270445823669434,0.0,0.5816,1793.29,29.229
3.0,1.3735071420669556,0.0,0.5818,1792.637,29.218
4.0,0.966304361820221,0.0,0.5826,1790.345,29.181
5.0,0.631788432598114,0.0,0.5876,1775.037,28.932
