epoch,loss,accuracy,runtime,samples_per_second,steps_per_second
1.0,0.7699217200279236,0.4729241877256318,0.4461,620.87,11.207
2.0,0.7364708781242371,0.4729241877256318,0.4515,613.575,11.075
3.0,0.7789495587348938,0.5270758122743683,0.4435,624.619,11.275
4.0,0.7091554403305054,0.5270758122743683,0.4515,613.561,11.075
5.0,0.6916582584381104,0.5270758122743683,0.4462,620.807,11.206
