epoch,loss,accuracy,runtime,samples_per_second,steps_per_second
1.0,0.696747362613678,0.4729241877256318,0.4861,569.85,10.286
2.0,0.7032995223999023,0.4729241877256318,0.4745,583.783,10.538
3.0,0.6933452486991882,0.5270758122743683,0.4768,580.976,10.487
4.0,0.6939657926559448,0.4729241877256318,0.475,583.103,10.525
5.0,0.6938300132751465,0.4729241877256318,0.489,566.46,10.225
