epoch,loss,accuracy,runtime,samples_per_second,steps_per_second
1.0,0.6915261149406433,0.5270758122743683,0.4347,637.274,11.503
2.0,0.7135128974914551,0.4729241877256318,0.4446,622.967,11.245
3.0,0.7090566754341125,0.4729241877256318,0.4369,633.954,11.443
4.0,0.8113586902618408,0.4729241877256318,0.4476,618.872,11.171
5.0,0.6921572089195251,0.5270758122743683,0.4536,610.634,11.022
