epoch,loss,accuracy,runtime,samples_per_second,steps_per_second
1.0,0.6966680288314819,0.4729241877256318,1.0452,265.021,4.784
2.0,0.6936008930206299,0.4729241877256318,1.0249,270.269,4.878
3.0,0.6927900314331055,0.5270758122743683,1.0072,275.027,4.964
4.0,0.6931126117706299,0.5270758122743683,1.0204,271.457,4.9
5.0,0.6934810280799866,0.4729241877256318,1.0105,274.124,4.948
