epoch,loss,accuracy,f1,runtime,samples_per_second,steps_per_second
1.0,0.5768259167671204,0.6862745098039216,0.8128654970760234,0.6527,625.092,10.725
2.0,0.37585240602493286,0.8308823529411765,0.8870703764320785,0.6525,625.284,10.728
3.0,0.28411978483200073,0.8897058823529411,0.918918918918919,0.658,620.089,10.639
4.0,0.34164008498191833,0.8921568627450981,0.9217081850533808,0.6586,619.501,10.629
5.0,0.3536699414253235,0.8872549019607843,0.9187279151943463,0.6594,618.74,10.616
