epoch,loss,matthews_correlation,runtime,samples_per_second,steps_per_second
1.0,0.6214156150817871,0.0,2.5365,411.204,6.702
2.0,0.624013364315033,0.0,2.549,409.187,6.669
3.0,0.6182244420051575,0.0,2.5598,407.453,6.641
4.0,0.6238689422607422,0.0,2.5524,408.642,6.661
5.0,0.6196272969245911,0.0,2.5542,408.354,6.656
