epoch,loss,accuracy,runtime,samples_per_second,steps_per_second
1.0,0.7168471217155457,0.5270758122743683,0.5813,476.48,8.601
2.0,0.706132173538208,0.4729241877256318,0.5842,474.149,8.559
3.0,0.7039446830749512,0.4729241877256318,0.584,474.325,8.562
4.0,0.6970258951187134,0.4729241877256318,0.5805,477.181,8.613
5.0,0.6917041540145874,0.5270758122743683,0.5863,472.494,8.529
