epoch,loss,accuracy,runtime,samples_per_second,steps_per_second
1.0,0.21469704806804657,0.9277522935779816,0.4806,1814.426,29.131
2.0,0.21608786284923553,0.9369266055045872,0.4829,1805.579,28.989
3.0,0.1992219239473343,0.9403669724770642,0.481,1812.995,29.108
4.0,0.21568860113620758,0.9392201834862385,0.4804,1815.147,29.142
5.0,0.23114429414272308,0.9415137614678899,0.5033,1732.428,27.814
