epoch,loss,matthews_correlation,runtime,samples_per_second,steps_per_second
1.0,0.627431333065033,0.0,1.6795,621.036,10.122
2.0,0.6320177912712097,0.0,1.6808,620.521,10.114
3.0,0.618165910243988,0.0,1.6758,622.404,10.145
4.0,0.6251198649406433,0.0,1.6696,624.704,10.182
5.0,0.6196879148483276,0.0,1.674,623.046,10.155
