epoch,loss,accuracy,f1,runtime,samples_per_second,steps_per_second
1.0,0.5894296765327454,0.7132352941176471,0.8235294117647058,1.8406,221.668,3.803
2.0,0.39349859952926636,0.8259803921568627,0.8782161234991424,1.8892,215.965,3.705
3.0,0.29637083411216736,0.8700980392156863,0.9034608378870674,1.9423,210.061,3.604
4.0,0.2916795611381531,0.8872549019607843,0.9190140845070423,1.903,214.395,3.678
5.0,0.2948640286922455,0.8823529411764706,0.9142857142857143,1.9013,214.586,3.682
