epoch,loss,accuracy,runtime,samples_per_second,steps_per_second
1.0,0.19439248740673065,0.9288990825688074,0.5016,1738.4,27.91
2.0,0.2318658083677292,0.9323394495412844,0.4822,1808.478,29.035
3.0,0.23264481127262115,0.9392201834862385,0.484,1801.541,28.924
4.0,0.23495103418827057,0.9369266055045872,0.4819,1809.435,29.051
5.0,0.24750736355781555,0.9357798165137615,0.4829,1805.619,28.989
