epoch,loss,matthews_correlation,runtime,samples_per_second,steps_per_second
1.0,0.6379656791687012,0.0,0.6321,1650.036,26.894
2.0,0.6251245141029358,0.0,0.6352,1641.966,26.763
3.0,0.621242880821228,0.0,0.6351,1642.168,26.766
4.0,0.6236974000930786,0.0,0.6317,1651.05,26.911
5.0,0.619406521320343,0.0,0.6459,1614.721,26.319
