epoch,loss,accuracy,f1,runtime,samples_per_second,steps_per_second
1.0,0.6244614720344543,0.6838235294117647,0.8122270742358079,0.6684,610.426,10.473
2.0,0.6269567012786865,0.6838235294117647,0.8122270742358079,0.669,609.836,10.463
3.0,0.6275933980941772,0.6838235294117647,0.8122270742358079,0.6713,607.775,10.428
4.0,0.625091552734375,0.6838235294117647,0.8122270742358079,0.6733,605.945,10.396
5.0,0.62481689453125,0.6838235294117647,0.8122270742358079,0.6696,609.334,10.454
