epoch,loss,accuracy,runtime,samples_per_second,steps_per_second
1.0,0.7314267754554749,0.4729241877256318,0.5215,531.155,9.588
2.0,0.7167440056800842,0.4729241877256318,0.5217,531.004,9.585
3.0,0.6919350624084473,0.5270758122743683,0.5211,531.611,9.596
4.0,0.7080007791519165,0.4729241877256318,0.5314,521.288,9.41
5.0,0.6921148896217346,0.5270758122743683,0.523,529.601,9.56
