epoch,loss,accuracy,runtime,samples_per_second,steps_per_second
1.0,0.9698206186294556,0.4946000366099213,3.0864,1770.019,27.864
2.0,0.6962795257568359,0.5053999633900788,3.0866,1769.887,27.862
