epoch,loss,matthews_correlation,runtime,samples_per_second,steps_per_second
1.0,0.45181405544281006,0.5016371780542241,0.7375,1414.316,23.052
2.0,0.3799266517162323,0.5988080737651607,0.7547,1382.028,22.526
3.0,0.4903164207935333,0.5650459791482846,0.7537,1383.88,22.556
4.0,0.5618497729301453,0.5497032501894998,0.7542,1382.956,22.541
5.0,0.5174742937088013,0.5957317644481708,0.7441,1401.716,22.847
