epoch,loss,accuracy,runtime,samples_per_second,steps_per_second
1.0,2.2948968410491943,0.5270758122743683,0.4427,625.654,11.293
2.0,0.7997562289237976,0.4729241877256318,0.4423,626.212,11.303
3.0,0.8687959909439087,0.5270758122743683,0.4399,629.746,11.367
4.0,0.8640700578689575,0.4729241877256318,0.4455,621.711,11.222
5.0,0.7097159028053284,0.5270758122743683,0.4452,622.164,11.23
