epoch,loss,matthews_correlation,runtime,samples_per_second,steps_per_second
1.0,0.7937514781951904,0.0,0.5848,1783.615,29.071
2.0,0.6182852983474731,0.0,0.5871,1776.477,28.955
3.0,0.644990861415863,0.0,0.5866,1778.171,28.983
4.0,0.6353129148483276,0.0,0.6101,1709.568,27.864
5.0,0.6205219030380249,0.0,0.5916,1763.033,28.736
