epoch,loss,accuracy,f1,runtime,samples_per_second,steps_per_second
1.0,0.624028205871582,0.6838235294117647,0.8122270742358079,2.7288,149.515,2.565
2.0,0.6286495327949524,0.6838235294117647,0.8122270742358079,2.7074,150.7,2.586
3.0,0.6238828301429749,0.6838235294117647,0.8122270742358079,2.7111,150.495,2.582
4.0,0.6244548559188843,0.6838235294117647,0.8122270742358079,2.6641,153.145,2.627
5.0,0.624239444732666,0.6838235294117647,0.8122270742358079,2.6454,154.231,2.646
