epoch,loss,accuracy,f1,runtime,samples_per_second,steps_per_second
1.0,0.4302903711795807,0.7647058823529411,0.8481012658227848,0.2481,1644.304,28.211
2.0,0.34673812985420227,0.8553921568627451,0.8991452991452992,0.2464,1656.146,28.414
3.0,0.30995240807533264,0.8602941176470589,0.8938547486033519,0.2486,1640.898,28.153
4.0,0.3064250648021698,0.8897058823529411,0.9194991055456172,0.249,1638.808,28.117
5.0,0.30942249298095703,0.8799019607843137,0.911070780399274,0.2426,1681.639,28.852
