epoch,loss,accuracy,runtime,samples_per_second,steps_per_second
1.0,1.1612857580184937,0.4729241877256318,0.4333,639.32,11.54
2.0,1.0631288290023804,0.4729241877256318,0.433,639.779,11.548
3.0,0.6926437020301819,0.5270758122743683,0.4367,634.369,11.451
4.0,0.694311261177063,0.4729241877256318,0.4337,638.72,11.529
5.0,0.6994584202766418,0.5270758122743683,0.432,641.26,11.575
