epoch,loss,matthews_correlation,runtime,samples_per_second,steps_per_second
1.0,0.8096882700920105,0.0,1.6562,629.765,10.265
2.0,0.6181870102882385,0.0,1.6631,627.139,10.222
3.0,0.7223899960517883,0.0,1.6507,631.855,10.299
4.0,0.7444027662277222,0.0,1.6541,630.551,10.277
5.0,0.6266942620277405,0.0,1.6501,632.101,10.303
