epoch,loss,matthews_correlation,runtime,samples_per_second,steps_per_second
1.0,0.6284830570220947,0.0,0.7726,1350.046,22.005
2.0,0.629253625869751,0.0,0.7763,1343.628,21.9
3.0,0.6199058294296265,0.0,0.7727,1349.827,22.001
4.0,0.6262961030006409,0.0,0.7724,1350.266,22.008
5.0,0.6205464601516724,0.0,0.775,1345.794,21.935
