epoch,loss,accuracy,f1,runtime,samples_per_second,steps_per_second
1.0,0.7672913670539856,0.6838235294117647,0.8122270742358079,0.655,622.941,10.688
2.0,0.7672913670539856,0.6838235294117647,0.8122270742358079,0.6564,621.57,10.664
3.0,0.7672913670539856,0.6838235294117647,0.8122270742358079,0.6543,623.592,10.699
4.0,0.7672913670539856,0.6838235294117647,0.8122270742358079,0.6563,621.707,10.667
5.0,0.7672913670539856,0.6838235294117647,0.8122270742358079,0.6554,622.496,10.68
