epoch,loss,matthews_correlation,runtime,samples_per_second,steps_per_second
1.0,0.6229045391082764,0.0,0.7689,1356.556,22.111
2.0,0.6487684845924377,0.0,0.7726,1350.072,22.005
3.0,0.6180034875869751,0.0,0.77,1354.618,22.079
4.0,0.620460569858551,0.0,0.7719,1351.211,22.024
5.0,0.6191067099571228,0.0,0.7735,1348.483,21.979
