epoch,loss,accuracy,runtime,samples_per_second,steps_per_second
1.0,1.4083613157272339,0.5270758122743683,0.2088,1326.383,23.942
2.0,0.8128393292427063,0.4729241877256318,0.2075,1335.219,24.101
3.0,0.7205232977867126,0.4729241877256318,0.2081,1331.107,24.027
4.0,0.7210698127746582,0.5270758122743683,0.2067,1339.954,24.187
5.0,0.6917252540588379,0.5270758122743683,0.2096,1321.558,23.855
