epoch,loss,accuracy,f1,runtime,samples_per_second,steps_per_second
1.0,0.6254583597183228,0.6838235294117647,0.8122270742358079,0.2606,1565.915,26.866
2.0,0.6282025575637817,0.6838235294117647,0.8122270742358079,0.2619,1557.631,26.724
3.0,0.6265887022018433,0.6838235294117647,0.8122270742358079,0.2628,1552.535,26.637
4.0,0.6257515549659729,0.6838235294117647,0.8122270742358079,0.2649,1540.322,26.427
5.0,0.6247738003730774,0.6838235294117647,0.8122270742358079,0.2635,1548.632,26.57
