epoch,loss,matthews_correlation,runtime,samples_per_second,steps_per_second
1.0,0.6212533712387085,0.0,2.5592,407.549,6.643
2.0,0.6341649889945984,0.0,2.5565,407.974,6.65
3.0,0.6197445392608643,0.0,2.557,407.898,6.648
4.0,0.6310274600982666,0.0,2.5643,406.746,6.63
5.0,0.6204935908317566,0.0,2.5591,407.564,6.643
