epoch,loss,accuracy,runtime,samples_per_second,steps_per_second
1.0,0.4238600730895996,0.8336220071319409,5.3836,1823.134,28.605
2.0,0.385570764541626,0.8519612837493632,5.3571,1832.137,28.747
3.0,0.377618670463562,0.8522669383596536,5.2873,1856.338,29.126
4.0,0.3685576021671295,0.8573611818644932,5.3845,1822.818,28.601
5.0,0.36962005496025085,0.8588894549159449,5.3195,1845.107,28.95
