epoch,loss,accuracy,runtime,samples_per_second,steps_per_second
1.0,0.7073503136634827,0.4729241877256318,0.4835,572.856,10.34
2.0,0.6898655891418457,0.5703971119133574,0.4859,570.02,10.289
3.0,0.6850197911262512,0.5776173285198556,0.4827,573.813,10.358
4.0,0.6728991270065308,0.5884476534296029,0.4811,575.721,10.392
5.0,0.6387124061584473,0.6389891696750902,0.4818,574.937,10.378
