epoch,loss,accuracy,f1,runtime,samples_per_second,steps_per_second
1.0,0.8225235342979431,0.3161764705882353,0.0,0.2508,1626.668,27.909
2.0,0.6387580633163452,0.6838235294117647,0.8122270742358079,0.2489,1639.12,28.122
3.0,0.6264612674713135,0.6838235294117647,0.8122270742358079,0.2401,1699.311,29.155
4.0,0.6420790553092957,0.6838235294117647,0.8122270742358079,0.2397,1701.931,29.2
5.0,0.62750244140625,0.6838235294117647,0.8122270742358079,0.2381,1713.299,29.395
