epoch,loss,matthews_correlation,runtime,samples_per_second,steps_per_second
1.0,0.6203727722167969,0.0,0.5828,1789.527,29.168
2.0,0.6193733215332031,0.0,0.5802,1797.652,29.3
3.0,0.6221293210983276,0.0,0.6099,1710.245,27.876
4.0,0.6256622076034546,0.0,0.5994,1739.951,28.36
5.0,0.6185982823371887,0.0,0.5768,1808.31,29.474
