epoch,loss,accuracy,runtime,samples_per_second,steps_per_second
1.0,0.696747362613678,0.4729241877256318,0.4807,576.245,10.402
2.0,0.7032995223999023,0.4729241877256318,0.4746,583.687,10.536
3.0,0.6933452486991882,0.5270758122743683,0.4748,583.389,10.53
4.0,0.6939657926559448,0.4729241877256318,0.4768,580.935,10.486
5.0,0.6938300132751465,0.4729241877256318,0.4777,579.842,10.466
