epoch,loss,accuracy,runtime,samples_per_second,steps_per_second
1.0,0.6961603760719299,0.4729241877256318,0.1675,1653.743,29.851
2.0,0.709393322467804,0.4729241877256318,0.1661,1667.648,30.102
3.0,0.6981170177459717,0.5270758122743683,0.1681,1647.673,29.741
4.0,0.6949705481529236,0.4729241877256318,0.1647,1681.894,30.359
5.0,0.6929098963737488,0.5270758122743683,0.1658,1670.699,30.157
