epoch,loss,matthews_correlation,runtime,samples_per_second,steps_per_second
1.0,0.6194847226142883,0.0,0.7737,1348.125,21.973
2.0,0.6307997107505798,0.0,0.7871,1325.042,21.597
3.0,0.6194660067558289,0.0,0.7801,1337.074,21.793
4.0,0.6273823976516724,0.0,0.7746,1346.566,21.948
5.0,0.619469940662384,0.0,0.7753,1345.333,21.928
