epoch,loss,accuracy,runtime,samples_per_second,steps_per_second
1.0,0.7024198770523071,0.4729241877256318,0.462,599.582,10.823
2.0,0.7206766605377197,0.4729241877256318,0.4496,616.076,11.121
3.0,0.7054165601730347,0.4729241877256318,0.4554,608.27,10.98
4.0,0.6999802589416504,0.4729241877256318,0.4486,617.543,11.147
5.0,0.6922752857208252,0.5270758122743683,0.4484,617.793,11.152
