epoch,loss,accuracy,runtime,samples_per_second,steps_per_second
1.0,0.691954493522644,0.5270758122743683,1.5799,175.323,3.165
2.0,0.6935709118843079,0.4729241877256318,1.6385,169.055,3.052
3.0,0.6928993463516235,0.5270758122743683,1.5998,173.142,3.125
4.0,0.7073203325271606,0.4729241877256318,1.7121,161.794,2.92
5.0,0.6920831799507141,0.5270758122743683,1.6173,171.269,3.092
