epoch,loss,accuracy,f1,runtime,samples_per_second,steps_per_second
1.0,3.051503896713257,0.3161764705882353,0.0,0.666,612.601,10.51
2.0,0.673309326171875,0.6838235294117647,0.8122270742358079,0.6387,638.845,10.961
3.0,0.9741967916488647,0.6838235294117647,0.8122270742358079,0.6432,634.355,10.884
4.0,0.6246481537818909,0.6838235294117647,0.8122270742358079,0.6581,620.012,10.637
5.0,0.6239228844642639,0.6838235294117647,0.8122270742358079,0.644,633.505,10.869
