epoch,loss,matthews_correlation,runtime,samples_per_second,steps_per_second
1.0,0.6564072966575623,0.0,1.6408,635.66,10.361
2.0,0.6322045922279358,0.0,1.6446,634.183,10.337
3.0,0.7254417538642883,0.0,1.644,634.446,10.341
4.0,0.679218053817749,0.0,1.6438,634.495,10.342
5.0,0.6192766427993774,0.0,1.6446,634.2,10.337
