epoch,loss,matthews_correlation,runtime,samples_per_second,steps_per_second
1.0,0.6338508725166321,0.0,1.6606,628.083,10.237
2.0,0.642105758190155,0.0,1.6631,627.152,10.222
3.0,0.6367360949516296,0.0,1.6813,620.367,10.111
4.0,0.618209958076477,0.0,3.674,283.89,4.627
5.0,0.6183918118476868,0.0,1.6653,626.326,10.209
