epoch,loss,matthews_correlation,runtime,samples_per_second,steps_per_second
1.0,0.6180439591407776,0.0,0.6109,1707.415,27.829
2.0,0.6315522193908691,0.0,0.6205,1680.997,27.399
3.0,0.6180984973907471,0.0,0.6137,1699.621,27.702
4.0,0.6204179525375366,0.0,0.5914,1763.71,28.747
5.0,0.6189435124397278,0.0,0.6001,1737.989,28.328
