epoch,loss,accuracy,runtime,samples_per_second,steps_per_second
1.0,0.23937804996967316,0.9049972542559034,3.0793,1774.094,27.928
2.0,0.23608115315437317,0.9097565440234303,2.9914,1826.231,28.749
3.0,0.21194612979888916,0.918542925132711,3.0042,1818.481,28.627
4.0,0.2096422165632248,0.920190371590701,3.026,1805.325,28.42
5.0,0.20436199009418488,0.9214717188358045,2.9377,1859.609,29.274
