epoch,loss,accuracy,runtime,samples_per_second,steps_per_second
1.0,0.777216911315918,0.4908256880733945,0.6164,1414.69,22.713
