epoch,loss,accuracy,runtime,samples_per_second,steps_per_second
1.0,0.22810125350952148,0.9114039904814205,2.9245,1867.995,29.406
2.0,0.23835016787052155,0.9081090975654402,2.9252,1867.578,29.4
3.0,0.19993816316127777,0.9236683141131247,2.9176,1872.435,29.476
4.0,0.2077188640832901,0.9282445542742083,2.9306,1864.119,29.345
5.0,0.20715738832950592,0.9251327109646714,2.9444,1855.356,29.208
