epoch,loss,matthews_correlation,runtime,samples_per_second,steps_per_second
1.0,0.5705001354217529,0.389348462321728,0.8318,1253.904,20.438
2.0,0.40328601002693176,0.5833319430911075,0.8204,1271.254,20.72
3.0,0.48818936944007874,0.5683668297227801,0.8196,1272.618,20.743
4.0,0.5636622905731201,0.5522963379760243,0.8536,1221.833,19.915
5.0,0.5250465273857117,0.5803715696880752,0.825,1264.313,20.607
