epoch,loss,accuracy,f1,runtime,samples_per_second,steps_per_second
1.0,0.6308683753013611,0.6838235294117647,0.8122270742358079,0.3194,1277.46,21.917
2.0,0.6240180730819702,0.6838235294117647,0.8122270742358079,0.3223,1266.015,21.721
3.0,0.6654989123344421,0.6838235294117647,0.8122270742358079,0.3227,1264.193,21.69
4.0,0.7214570641517639,0.3161764705882353,0.0,0.325,1255.438,21.539
5.0,0.6239606142044067,0.6838235294117647,0.8122270742358079,0.3295,1238.06,21.241
