epoch,loss,matthews_correlation,runtime,samples_per_second,steps_per_second
1.0,0.43481069803237915,0.5520922661403441,1.6556,629.998,10.268
2.0,0.35195067524909973,0.637015528905614,1.6576,629.237,10.256
3.0,0.36221715807914734,0.6381004342223774,1.659,628.692,10.247
4.0,0.44353950023651123,0.6408106685693261,1.6575,629.265,10.256
5.0,0.42452436685562134,0.6504099683042353,1.6369,637.188,10.386
