epoch,loss,accuracy,runtime,samples_per_second,steps_per_second
1.0,0.6927053928375244,0.48014440433212996,0.2063,1342.934,24.241
2.0,0.6925995945930481,0.5270758122743683,0.2011,1377.51,24.865
3.0,0.6912581920623779,0.5270758122743683,0.2012,1376.942,24.855
4.0,0.6380267143249512,0.6606498194945848,0.2014,1375.364,24.826
5.0,0.6216159462928772,0.6570397111913358,0.2042,1356.747,24.49
