epoch,loss,accuracy,runtime,samples_per_second,steps_per_second
1.0,0.6992478966712952,0.5091743119266054,0.5833,1494.983,24.002
2.0,0.6988598108291626,0.5091743119266054,0.5816,1499.352,24.072
3.0,0.7083393335342407,0.5091743119266054,0.5883,1482.231,23.797
4.0,0.7024356722831726,0.5091743119266054,0.5849,1490.759,23.934
5.0,0.6982349157333374,0.5091743119266054,0.5834,1494.75,23.998
