epoch,loss,accuracy,runtime,samples_per_second,steps_per_second
1.0,0.26476749777793884,0.893348623853211,0.4643,1878.252,30.155
2.0,0.23165582120418549,0.9094036697247706,0.4629,1883.966,30.247
3.0,0.21811039745807648,0.9128440366972477,0.4627,1884.503,30.256
4.0,0.2162761092185974,0.9139908256880734,0.4635,1881.53,30.208
5.0,0.21568536758422852,0.9139908256880734,0.4641,1878.749,30.163
