epoch,loss,accuracy,f1,runtime,samples_per_second,steps_per_second
1.0,1.5721330642700195,0.6838235294117647,0.8122270742358079,0.2425,1682.537,28.867
2.0,1.1564735174179077,0.6838235294117647,0.8122270742358079,0.2399,1700.819,29.181
3.0,0.8896780610084534,0.6838235294117647,0.8122270742358079,0.2396,1702.959,29.217
4.0,0.6824089288711548,0.6838235294117647,0.8122270742358079,0.2387,1709.225,29.325
5.0,0.6241239905357361,0.6838235294117647,0.8122270742358079,0.2381,1713.886,29.405
