epoch,loss,accuracy,runtime,samples_per_second,steps_per_second
1.0,0.6929438710212708,0.5091743119266054,0.621,1404.178,22.544
2.0,0.6946427822113037,0.5091743119266054,0.6245,1396.416,22.42
3.0,0.6955835223197937,0.5091743119266054,0.6101,1429.208,22.946
4.0,0.6944389939308167,0.5091743119266054,0.6164,1414.655,22.712
5.0,0.6973714828491211,0.5091743119266054,0.6198,1406.942,22.589
