epoch,loss,accuracy,f1,runtime,samples_per_second,steps_per_second
1.0,0.6247995495796204,0.6838235294117647,0.8122270742358079,0.6661,612.495,10.508
2.0,0.6411396265029907,0.6838235294117647,0.8122270742358079,0.6655,613.075,10.518
3.0,0.6238822340965271,0.6838235294117647,0.8122270742358079,0.6657,612.902,10.515
4.0,0.6251944899559021,0.6838235294117647,0.8122270742358079,0.6641,614.339,10.54
5.0,0.6241012215614319,0.6838235294117647,0.8122270742358079,0.6666,612.066,10.501
