epoch,loss,accuracy,f1,runtime,samples_per_second,steps_per_second
1.0,0.4702863395214081,0.7867647058823529,0.8492201039861352,0.2996,1361.838,23.365
2.0,0.32006219029426575,0.8602941176470589,0.8980322003577818,0.3097,1317.25,22.6
3.0,0.32457658648490906,0.8455882352941176,0.8790786948176583,0.3099,1316.734,22.591
4.0,0.3474400043487549,0.8774509803921569,0.9107142857142857,0.3298,1237.069,21.224
5.0,0.3406980037689209,0.8725490196078431,0.9061371841155235,0.317,1287.163,22.084
