epoch,loss,accuracy,runtime,samples_per_second,steps_per_second
1.0,0.14273478090763092,0.9529816513761468,2.9085,299.807,4.813
2.0,0.16584430634975433,0.9518348623853211,2.9301,297.601,4.778
3.0,0.15333674848079681,0.9575688073394495,2.9185,298.784,4.797
4.0,0.15176503360271454,0.9575688073394495,1.4035,621.295,9.975
5.0,0.15268833935260773,0.9587155963302753,1.41,618.436,9.929
