epoch,loss,accuracy,runtime,samples_per_second,steps_per_second
1.0,0.6990830302238464,0.4729241877256318,0.5317,520.965,9.404
2.0,0.6959365606307983,0.4729241877256318,0.5299,522.757,9.436
3.0,0.6922858357429504,0.5270758122743683,0.534,518.703,9.363
4.0,0.6931954622268677,0.5270758122743683,0.5293,523.307,9.446
5.0,0.6936044096946716,0.4729241877256318,0.5286,524.043,9.459
