epoch,loss,accuracy,f1,runtime,samples_per_second,steps_per_second
1.0,0.6242364645004272,0.6838235294117647,0.8122270742358079,0.2416,1688.965,28.977
2.0,0.624786376953125,0.6838235294117647,0.8122270742358079,0.2415,1689.707,28.99
3.0,0.6257611513137817,0.6838235294117647,0.8122270742358079,0.2439,1672.782,28.7
4.0,0.6244040131568909,0.6838235294117647,0.8122270742358079,0.2437,1673.931,28.719
5.0,0.6244219541549683,0.6838235294117647,0.8122270742358079,0.2413,1690.749,29.008
