epoch,loss,accuracy,runtime,samples_per_second,steps_per_second
1.0,0.6992775201797485,0.5091743119266054,0.6903,1263.155,20.28
2.0,0.6961871385574341,0.5091743119266054,0.6892,1265.173,20.312
3.0,0.6952111721038818,0.5091743119266054,0.687,1269.316,20.379
4.0,0.69503253698349,0.5091743119266054,0.688,1267.371,20.348
5.0,0.697616696357727,0.5091743119266054,0.6871,1269.094,20.375
