epoch,loss,matthews_correlation,runtime,samples_per_second,steps_per_second
1.0,1.5145272016525269,0.0,0.5788,1802.01,29.371
2.0,1.081052541732788,0.0,0.6067,1719.237,28.022
3.0,0.8067532777786255,0.0,0.5834,1787.752,29.139
4.0,0.623977541923523,0.0,0.5782,1803.84,29.401
5.0,0.6292896866798401,0.0,0.5789,1801.55,29.364
