epoch,loss,accuracy,runtime,samples_per_second,steps_per_second
1.0,0.6971228718757629,0.5270758122743683,0.1676,1652.821,29.834
2.0,0.6921095848083496,0.5270758122743683,0.1652,1677.16,30.274
3.0,0.7668685913085938,0.4729241877256318,0.1641,1687.503,30.46
4.0,0.6996893882751465,0.5270758122743683,0.1643,1685.84,30.43
5.0,0.6917605400085449,0.5270758122743683,0.1644,1684.689,30.41
