epoch,loss,accuracy,runtime,samples_per_second,steps_per_second
1.0,0.16296428442001343,0.9518348623853211,1.3932,625.9,10.049
2.0,0.1630040854215622,0.9506880733944955,1.3913,626.77,10.063
3.0,0.13013291358947754,0.9552752293577982,1.4005,622.643,9.997
4.0,0.14396433532238007,0.9529816513761468,1.3937,625.658,10.045
5.0,0.1592317521572113,0.9552752293577982,1.3934,625.796,10.047
