epoch,loss,accuracy,f1,runtime,samples_per_second,steps_per_second
1.0,0.6266000866889954,0.6838235294117647,0.8122270742358079,3.4566,118.035,2.025
2.0,0.6270063519477844,0.6838235294117647,0.8122270742358079,2.5914,157.442,2.701
3.0,0.625579833984375,0.6838235294117647,0.8122270742358079,3.3571,121.532,2.085
4.0,0.6245847344398499,0.6838235294117647,0.8122270742358079,3.4245,119.141,2.044
5.0,0.6244710087776184,0.6838235294117647,0.8122270742358079,3.322,122.816,2.107
