epoch,loss,accuracy,f1,runtime,samples_per_second,steps_per_second
1.0,0.6241592764854431,0.6838235294117647,0.8122270742358079,0.6563,621.704,10.666
2.0,0.6304261684417725,0.6838235294117647,0.8122270742358079,0.6603,617.905,10.601
3.0,0.6259915232658386,0.6838235294117647,0.8122270742358079,0.6583,619.811,10.634
4.0,0.6249988079071045,0.6838235294117647,0.8122270742358079,0.6592,618.939,10.619
5.0,0.6249066591262817,0.6838235294117647,0.8122270742358079,0.6592,618.905,10.618
