epoch,loss,accuracy,runtime,samples_per_second,steps_per_second
1.0,0.6912039518356323,0.5667870036101083,7.6536,36.192,0.131
2.0,0.6934446096420288,0.4981949458483754,13.2698,20.874,0.075
3.0,0.6891889572143555,0.5342960288808665,13.1467,21.07,0.076
4.0,0.6892483234405518,0.5379061371841155,12.5937,21.995,0.079
5.0,0.6905297040939331,0.5703971119133574,12.948,21.393,0.077
