epoch,loss,accuracy,f1,runtime,samples_per_second,steps_per_second
1.0,0.6240521669387817,0.6838235294117647,0.8122270742358079,2.8788,141.724,2.432
2.0,0.6272738575935364,0.6838235294117647,0.8122270742358079,2.8261,144.369,2.477
3.0,0.6239216923713684,0.6838235294117647,0.8122270742358079,2.9015,140.615,2.413
4.0,0.6243758797645569,0.6838235294117647,0.8122270742358079,2.3182,175.999,3.02
5.0,0.6243537664413452,0.6838235294117647,0.8122270742358079,2.8053,145.441,2.495
