epoch,loss,accuracy,runtime,samples_per_second,steps_per_second
1.0,0.6936643123626709,0.4729241877256318,0.7236,382.797,6.91
2.0,0.6153004765510559,0.6642599277978339,0.546,507.318,9.157
3.0,0.5958723425865173,0.6967509025270758,0.7226,383.343,6.92
4.0,0.5801564455032349,0.7184115523465704,0.6533,423.982,7.653
5.0,0.5911951065063477,0.7184115523465704,0.6991,396.201,7.152
