epoch,loss,matthews_correlation,runtime,samples_per_second,steps_per_second
1.0,0.42286011576652527,0.5600900419522739,1.6058,649.519,10.587
2.0,0.35212135314941406,0.6358835820536083,1.6251,641.814,10.461
3.0,0.3476407527923584,0.6437317767243795,1.6338,638.373,10.405
4.0,0.43993520736694336,0.6357890639823466,1.6428,634.873,10.348
5.0,0.4208143949508667,0.6602431665465701,1.6416,635.362,10.356
