epoch,loss,accuracy,runtime,samples_per_second,steps_per_second
1.0,0.6960669755935669,0.4729241877256318,0.1695,1633.946,29.494
2.0,0.6416002511978149,0.6064981949458483,0.1691,1638.472,29.575
3.0,0.5092073082923889,0.7256317689530686,0.1776,1559.392,28.148
4.0,0.48447635769844055,0.779783393501805,0.1678,1650.846,29.799
5.0,0.5589584112167358,0.779783393501805,0.1852,1495.471,26.994
