epoch,loss,accuracy,runtime,samples_per_second,steps_per_second
1.0,0.8053238391876221,0.5270758122743683,0.4365,634.544,11.454
2.0,0.7656144499778748,0.5270758122743683,0.4338,638.562,11.526
3.0,0.6918028593063354,0.5270758122743683,0.4336,638.889,11.532
4.0,0.9545338749885559,0.4729241877256318,0.4349,636.955,11.497
5.0,0.6917552947998047,0.5270758122743683,0.4361,635.122,11.464
