epoch,loss,accuracy,runtime,samples_per_second,steps_per_second
1.0,0.7057091593742371,0.4729241877256318,0.1688,1640.839,29.618
2.0,0.6940467953681946,0.4729241877256318,0.1672,1657.118,29.912
3.0,0.6915860772132874,0.5270758122743683,0.1668,1660.98,29.982
4.0,0.6929697394371033,0.5270758122743683,0.1697,1632.222,29.462
5.0,0.6929962635040283,0.5270758122743683,0.1669,1660.161,29.967
