epoch,loss,accuracy,runtime,samples_per_second,steps_per_second
1.0,0.7046234607696533,0.5091743119266054,0.5204,1675.52,26.901
2.0,0.6956333518028259,0.5091743119266054,0.5219,1670.736,26.824
3.0,0.6982214450836182,0.5091743119266054,0.5208,1674.239,26.88
4.0,0.6957772374153137,0.5091743119266054,0.5215,1672.128,26.846
5.0,0.6978317499160767,0.5091743119266054,0.5261,1657.43,26.61
