epoch,loss,accuracy,f1,runtime,samples_per_second,steps_per_second
1.0,0.6382158994674683,0.6838235294117647,0.8122270742358079,0.284,1436.443,24.645
2.0,0.6351701617240906,0.6838235294117647,0.8122270742358079,0.2825,1444.084,24.776
3.0,0.6241215467453003,0.6838235294117647,0.8122270742358079,0.2837,1438.014,24.672
4.0,0.6245853304862976,0.6838235294117647,0.8122270742358079,0.283,1441.69,24.735
5.0,0.624659538269043,0.6838235294117647,0.8122270742358079,0.283,1441.778,24.736
