epoch,loss,accuracy,runtime,samples_per_second,steps_per_second
1.0,0.1596536487340927,0.948394495412844,1.4779,590.028,9.473
2.0,0.1482568383216858,0.9564220183486238,1.4797,589.327,9.462
3.0,0.13338755071163177,0.9564220183486238,1.4774,590.245,9.476
4.0,0.13381895422935486,0.9552752293577982,1.4759,590.816,9.486
5.0,0.15998300909996033,0.9598623853211009,1.493,584.043,9.377
