epoch,loss,accuracy,runtime,samples_per_second,steps_per_second
1.0,0.6995625495910645,0.4729241877256318,0.4606,601.349,10.855
2.0,0.6903380155563354,0.5487364620938628,0.4591,603.346,10.891
3.0,0.6905248761177063,0.5523465703971119,0.4553,608.362,10.981
4.0,0.6894866228103638,0.5379061371841155,0.4666,593.663,10.716
5.0,0.6887162923812866,0.555956678700361,0.4767,581.025,10.488
