epoch,loss,accuracy,runtime,samples_per_second,steps_per_second
1.0,0.22755096852779388,0.911697247706422,0.5269,1654.989,26.571
2.0,0.25046053528785706,0.926605504587156,0.5239,1664.566,26.725
3.0,0.2482975572347641,0.9220183486238532,0.5266,1656.028,26.588
4.0,0.31136903166770935,0.9311926605504587,0.5241,1663.673,26.71
5.0,0.3422407805919647,0.9346330275229358,0.5303,1644.461,26.402
