epoch,loss,accuracy,runtime,samples_per_second,steps_per_second
1.0,0.6980263590812683,0.5053999633900788,3.023,1807.135,28.448
2.0,0.6945953965187073,0.4946000366099213,3.0225,1807.432,28.453
3.0,0.69329833984375,0.4946000366099213,3.0365,1799.102,28.322
4.0,0.6933490037918091,0.5053999633900788,3.0393,1797.44,28.296
5.0,0.6931126117706299,0.5053999633900788,3.0438,1794.819,28.255
