epoch,loss,accuracy,runtime,samples_per_second,steps_per_second
1.0,0.6974257826805115,0.4908256880733945,0.4877,1788.156,28.709
2.0,0.6932541131973267,0.4908256880733945,0.5347,1630.84,26.183
3.0,0.751022458076477,0.5091743119266054,0.4891,1782.958,28.625
4.0,0.6931107640266418,0.5091743119266054,0.4966,1756.088,28.194
5.0,0.6954491138458252,0.5091743119266054,0.502,1737.129,27.89
