epoch,loss,accuracy,runtime,samples_per_second,steps_per_second
1.0,0.7112547755241394,0.4729241877256318,0.1654,1674.988,30.234
2.0,0.6942090392112732,0.4729241877256318,0.1668,1661.091,29.984
3.0,0.7669734358787537,0.4729241877256318,0.1845,1501.555,27.104
4.0,0.7080466151237488,0.4729241877256318,0.1676,1653.225,29.842
5.0,0.6932607293128967,0.4729241877256318,0.1677,1652.127,29.822
