epoch,loss,accuracy,runtime,samples_per_second,steps_per_second
1.0,0.6990580558776855,0.5091743119266054,0.5873,1484.739,23.838
2.0,0.6960790753364563,0.5091743119266054,0.5825,1496.936,24.033
3.0,0.6980003118515015,0.5091743119266054,0.5801,1503.308,24.136
4.0,0.6950336694717407,0.5091743119266054,0.5805,1502.242,24.119
5.0,0.6977964639663696,0.5091743119266054,0.5819,1498.599,24.06
