epoch,loss,accuracy,f1,runtime,samples_per_second,steps_per_second
1.0,0.5919958353042603,0.6838235294117647,0.8122270742358079,0.2425,1682.515,28.867
2.0,0.39251986145973206,0.8406862745098039,0.8841354723707665,0.2447,1667.398,28.607
3.0,0.3387041389942169,0.8504901960784313,0.8892921960072595,0.2439,1672.9,28.702
4.0,0.32914647459983826,0.8578431372549019,0.8971631205673759,0.2452,1663.717,28.544
5.0,0.327744722366333,0.8602941176470589,0.8983957219251337,0.241,1693.017,29.047
