epoch,loss,accuracy,runtime,samples_per_second,steps_per_second
1.0,0.1473822295665741,0.9506880733944955,1.4897,585.339,9.398
2.0,0.17696695029735565,0.9529816513761468,1.4805,589.008,9.457
3.0,0.14153558015823364,0.9529816513761468,1.4818,588.478,9.448
4.0,0.14593206346035004,0.9575688073394495,1.4864,586.634,9.418
5.0,0.16163375973701477,0.9587155963302753,1.5,581.338,9.333
