epoch,loss,accuracy,runtime,samples_per_second,steps_per_second
1.0,0.6737108826637268,0.5776173285198556,0.0862,3211.725,57.973
2.0,0.5987440943717957,0.7075812274368231,0.085,3260.102,58.847
3.0,0.6329588890075684,0.7256317689530686,0.0848,3268.31,58.995
4.0,0.7442903518676758,0.7472924187725631,0.0853,3247.327,58.616
5.0,1.0752441883087158,0.7581227436823105,0.0856,3236.607,58.423
