epoch,loss,accuracy,runtime,samples_per_second,steps_per_second
1.0,0.735022783279419,0.5270758122743683,0.6599,419.787,7.577
2.0,0.6948559880256653,0.5270758122743683,0.6606,419.33,7.569
3.0,0.6966962218284607,0.5270758122743683,0.6627,418.001,7.545
4.0,0.7004315257072449,0.4729241877256318,0.6603,419.533,7.573
5.0,0.6921289563179016,0.5270758122743683,0.662,418.403,7.552
