epoch,loss,accuracy,runtime,samples_per_second,steps_per_second
1.0,0.24597753584384918,0.909024345597657,3.0258,1805.485,28.422
2.0,0.21288137137889862,0.9194581731649277,3.0546,1788.473,28.155
3.0,0.19161276519298553,0.9247666117517848,3.0656,1782.043,28.053
4.0,0.19518804550170898,0.9282445542742083,3.0564,1787.378,28.137
5.0,0.19407936930656433,0.9306241991579718,3.0451,1794.012,28.242
