epoch,loss,accuracy,runtime,samples_per_second,steps_per_second
1.0,0.23881962895393372,0.9101226432363171,3.0696,1779.723,28.017
2.0,0.2166801244020462,0.9172615778876075,2.9877,1828.475,28.784
3.0,0.19158165156841278,0.9249496613582281,3.0421,1795.779,28.27
4.0,0.19232255220413208,0.9295259015193117,3.1971,1708.735,26.899
5.0,0.19287924468517303,0.9300750503386418,3.0227,1807.296,28.451
