epoch,loss,accuracy,f1,runtime,samples_per_second,steps_per_second
1.0,0.5698177218437195,0.6838235294117647,0.8122270742358079,0.9941,410.417,7.041
2.0,0.2919152081012726,0.875,0.9090909090909091,1.0026,406.939,6.982
3.0,0.2934875786304474,0.8872549019607843,0.9128787878787878,1.0,407.997,7.0
4.0,0.26203593611717224,0.8921568627450981,0.9228070175438596,1.0073,405.057,6.95
5.0,0.28384754061698914,0.9019607843137255,0.9283154121863799,1.0083,404.641,6.942
