epoch,loss,accuracy,f1,runtime,samples_per_second,steps_per_second
1.0,0.6264217495918274,0.6838235294117647,0.8122270742358079,0.2488,1640.192,28.141
2.0,0.6239941120147705,0.6838235294117647,0.8122270742358079,0.2452,1663.879,28.547
3.0,0.6265007257461548,0.6838235294117647,0.8122270742358079,0.2448,1666.874,28.598
4.0,0.6242657899856567,0.6838235294117647,0.8122270742358079,0.2476,1648.142,28.277
5.0,0.6245135068893433,0.6838235294117647,0.8122270742358079,0.2448,1666.591,28.593
