epoch,loss,accuracy,runtime,samples_per_second,steps_per_second
1.0,0.18788035213947296,0.9334862385321101,0.4954,1760.115,28.259
2.0,0.2002774178981781,0.9357798165137615,0.4937,1766.4,28.36
3.0,0.2125975638628006,0.9415137614678899,0.4942,1764.343,28.327
4.0,0.2161240577697754,0.9392201834862385,0.4968,1755.347,28.182
5.0,0.24385854601860046,0.9369266055045872,0.497,1754.584,28.17
