epoch,loss,matthews_correlation,runtime,samples_per_second,steps_per_second
1.0,0.634985089302063,0.02175331339030655,5.7434,181.6,0.522
2.0,0.6086069941520691,0.0,8.45,123.432,0.355
3.0,0.6079539060592651,0.0,7.4086,140.783,0.405
4.0,0.5898063778877258,0.0,6.6068,157.867,0.454
5.0,0.5769086480140686,0.0,9.1224,114.334,0.329
