epoch,loss,matthews_correlation,runtime,samples_per_second,steps_per_second
1.0,0.6186474561691284,0.0,0.5863,1779.062,28.997
2.0,0.6264276504516602,0.0,0.6087,1713.352,27.926
3.0,0.6182940006256104,0.0,0.5829,1789.315,29.164
4.0,0.6217067837715149,0.0,0.5865,1778.315,28.985
5.0,0.6185415983200073,0.0,0.5897,1768.817,28.83
