epoch,loss,accuracy,runtime,samples_per_second,steps_per_second
1.0,0.14512646198272705,0.9541284403669725,2.1722,401.438,6.445
2.0,0.18849977850914001,0.9506880733944955,2.097,415.841,6.676
3.0,0.15173065662384033,0.9506880733944955,2.1006,415.117,6.665
4.0,0.1444605141878128,0.9610091743119266,2.1045,414.346,6.652
5.0,0.17907655239105225,0.9564220183486238,2.195,397.262,6.378
