epoch,loss,accuracy,runtime,samples_per_second,steps_per_second
1.0,0.6936250925064087,0.5053999633900788,3.3083,1651.287,25.995
2.0,0.6930440664291382,0.5053999633900788,3.2841,1663.484,26.187
3.0,0.6932855248451233,0.5053999633900788,3.2943,1658.32,26.106
4.0,0.6934890747070312,0.5053999633900788,3.2771,1667.032,26.243
5.0,0.6932976841926575,0.5053999633900788,3.2815,1664.8,26.208
