epoch,loss,accuracy,f1,runtime,samples_per_second,steps_per_second
1.0,0.5461941957473755,0.7009803921568627,0.8200589970501475,0.3305,1234.552,21.181
2.0,0.3378002643585205,0.8578431372549019,0.8937728937728938,0.3343,1220.312,20.937
3.0,0.3086654245853424,0.8725490196078431,0.9061371841155235,0.3484,1171.083,20.092
4.0,0.28736838698387146,0.8700980392156863,0.9058614564831261,0.3339,1221.782,20.962
5.0,0.2810039818286896,0.8774509803921569,0.910394265232975,0.3351,1217.458,20.888
