epoch,loss,accuracy,runtime,samples_per_second,steps_per_second
1.0,0.6925908327102661,0.5270758122743683,1.6232,170.648,3.08
2.0,0.7528626918792725,0.4729241877256318,1.5755,175.818,3.174
3.0,0.6920038461685181,0.5270758122743683,1.6274,170.208,3.072
4.0,0.6980817914009094,0.4729241877256318,1.6029,172.814,3.119
5.0,0.6916424632072449,0.5270758122743683,1.6478,168.102,3.034
