epoch,loss,accuracy,f1,runtime,samples_per_second,steps_per_second
1.0,0.8038671016693115,0.3161764705882353,0.0,0.6472,630.434,10.816
2.0,0.982374906539917,0.6838235294117647,0.8122270742358079,0.6542,623.628,10.7
3.0,0.6765555739402771,0.6838235294117647,0.8122270742358079,0.6339,643.681,11.044
4.0,1.1218535900115967,0.6838235294117647,0.8122270742358079,0.6604,617.833,10.6
5.0,0.6311699151992798,0.6838235294117647,0.8122270742358079,0.6467,630.852,10.823
