epoch,loss,accuracy,f1,runtime,samples_per_second,steps_per_second
1.0,0.6367965340614319,0.6838235294117647,0.8122270742358079,0.2603,1567.242,26.889
2.0,0.634852409362793,0.6838235294117647,0.8122270742358079,0.2567,1589.475,27.27
3.0,0.6240174770355225,0.6838235294117647,0.8122270742358079,0.258,1581.203,27.128
4.0,0.6240366101264954,0.6838235294117647,0.8122270742358079,0.2597,1570.955,26.953
5.0,0.6242101192474365,0.6838235294117647,0.8122270742358079,0.2621,1556.482,26.704
