epoch,loss,accuracy,f1,runtime,samples_per_second,steps_per_second
1.0,0.3951176702976227,0.7965686274509803,0.8362919132149902,0.265,1539.472,26.413
2.0,0.35789889097213745,0.8651960784313726,0.9063032367972743,0.2594,1572.646,26.982
3.0,0.31109321117401123,0.8700980392156863,0.900562851782364,0.2615,1560.526,26.774
4.0,0.29671457409858704,0.8848039215686274,0.9173989455184535,0.2597,1570.909,26.952
5.0,0.34368130564689636,0.8774509803921569,0.9110320284697508,0.2592,1573.869,27.003
