epoch,loss,matthews_correlation,runtime,samples_per_second,steps_per_second
1.0,0.5605047345161438,0.20447582675295944,0.8214,1269.735,20.696
2.0,0.4382217228412628,0.5398085142164725,0.8202,1271.642,20.727
3.0,0.48781803250312805,0.5444111532535151,0.8221,1268.7,20.679
4.0,0.5755873918533325,0.5424945551700884,0.8211,1270.268,20.704
5.0,0.6529179811477661,0.5530217811194,0.8203,1271.473,20.724
