epoch,loss,accuracy,f1,runtime,samples_per_second,steps_per_second
1.0,0.7355759739875793,0.6838235294117647,0.8122270742358079,0.2903,1405.404,24.112
2.0,0.8635680079460144,0.6838235294117647,0.8122270742358079,0.2894,1409.815,24.188
3.0,0.624213695526123,0.6838235294117647,0.8122270742358079,0.2938,1388.633,23.825
4.0,0.7343077063560486,0.6838235294117647,0.8122270742358079,0.2897,1408.37,24.163
5.0,0.625145435333252,0.6838235294117647,0.8122270742358079,0.2857,1427.94,24.499
