epoch,loss,accuracy,f1,runtime,samples_per_second,steps_per_second
1.0,0.3999979496002197,0.8308823529411765,0.8778761061946903,0.2446,1668.304,28.623
2.0,0.33021873235702515,0.8676470588235294,0.9003690036900369,0.2425,1682.351,28.864
3.0,0.3154900074005127,0.8627450980392157,0.8962962962962963,0.2421,1685.259,28.914
4.0,0.3926805853843689,0.8504901960784313,0.892416225749559,0.2454,1662.3,28.52
5.0,0.41628339886665344,0.8700980392156863,0.9061946902654867,0.2437,1673.993,28.72
