epoch,loss,matthews_correlation,runtime,samples_per_second,steps_per_second
1.0,0.6532023549079895,0.0,1.6399,636.024,10.367
2.0,0.6858876943588257,0.0,1.6292,640.204,10.435
3.0,0.6690846085548401,0.0,1.6328,638.792,10.412
4.0,0.7172515392303467,0.0,1.6272,640.986,10.448
5.0,0.6220687031745911,0.0,1.6256,641.624,10.458
