epoch,loss,matthews_correlation,runtime,samples_per_second,steps_per_second
1.0,1.040497899055481,0.0,1.8925,551.108,8.983
2.0,0.7041932940483093,0.0,1.9259,541.563,8.827
3.0,0.6277609467506409,0.0,1.9438,536.579,8.746
4.0,0.6246296763420105,0.0,1.92,543.227,8.854
5.0,0.6245329976081848,0.0,1.9362,538.68,8.78
