epoch,loss,matthews_correlation,runtime,samples_per_second,steps_per_second
1.0,0.8329131603240967,0.0,1.6371,637.114,10.384
2.0,1.1503775119781494,0.0,1.6463,633.542,10.326
3.0,1.1028705835342407,0.0,1.647,633.289,10.322
4.0,0.6322472095489502,0.0,1.6404,635.839,10.364
5.0,0.6260060667991638,0.0,1.6369,637.183,10.386
