epoch,loss,accuracy,runtime,samples_per_second,steps_per_second
1.0,0.703745424747467,0.5091743119266054,0.5731,1521.527,24.428
2.0,0.6955857872962952,0.5091743119266054,0.5811,1500.589,24.092
3.0,0.6980198621749878,0.5091743119266054,0.5793,1505.219,24.166
4.0,0.6961838006973267,0.5091743119266054,0.5793,1505.139,24.165
5.0,0.6978233456611633,0.5091743119266054,0.5802,1503.012,24.131
