epoch,loss,accuracy,runtime,samples_per_second,steps_per_second
1.0,0.7200667858123779,0.4729241877256318,0.4595,602.869,10.882
2.0,0.6895148158073425,0.516245487364621,0.4621,599.386,10.819
3.0,0.6607382297515869,0.6678700361010831,0.4577,605.259,10.925
4.0,0.430950403213501,0.7942238267148014,0.4576,605.347,10.927
5.0,0.44280073046684265,0.8014440433212996,0.4613,600.455,10.839
