epoch,loss,accuracy,f1,runtime,samples_per_second,steps_per_second
1.0,0.6254242658615112,0.6838235294117647,0.8122270742358079,0.9764,417.869,7.169
2.0,0.6277082562446594,0.6838235294117647,0.8122270742358079,0.9835,414.853,7.118
3.0,0.6260890364646912,0.6838235294117647,0.8122270742358079,0.9847,414.328,7.109
4.0,0.6248103380203247,0.6838235294117647,0.8122270742358079,0.9881,412.932,7.085
5.0,0.6248773336410522,0.6838235294117647,0.8122270742358079,0.9865,413.586,7.096
