epoch,loss,accuracy,f1,runtime,samples_per_second,steps_per_second
1.0,0.4747893512248993,0.7696078431372549,0.853125,0.253,1612.656,27.668
2.0,0.3881455957889557,0.8553921568627451,0.9018302828618968,0.2449,1665.811,28.58
3.0,0.35127025842666626,0.8627450980392157,0.8931297709923665,0.2428,1680.151,28.826
4.0,0.35149210691452026,0.8578431372549019,0.8964285714285715,0.2425,1682.633,28.869
5.0,0.4123297333717346,0.875,0.9081081081081082,0.2423,1683.574,28.885
