epoch,loss,accuracy,f1,runtime,samples_per_second,steps_per_second
1.0,0.4270094335079193,0.8112745098039216,0.8723051409618574,0.1232,3311.786,56.82
2.0,0.3318970501422882,0.8676470588235294,0.9055944055944056,0.1226,3327.098,57.083
3.0,0.40164583921432495,0.8088235294117647,0.8458498023715415,0.1205,3386.513,58.102
4.0,0.5014312267303467,0.8578431372549019,0.9003436426116839,0.1226,3328.217,57.102
5.0,0.5705599188804626,0.8725490196078431,0.9094076655052264,0.1224,3332.131,57.169
