epoch,loss,matthews_correlation,runtime,samples_per_second,steps_per_second
1.0,0.6229684352874756,0.0,2.7833,374.738,6.108
2.0,0.621738612651825,0.0,3.9952,261.064,4.255
3.0,0.6181918978691101,0.0,2.772,376.267,6.133
4.0,0.622032642364502,0.0,3.9501,264.044,4.304
5.0,0.6200214624404907,0.0,3.6706,284.148,4.631
