epoch,loss,accuracy,runtime,samples_per_second,steps_per_second
1.0,0.6934933662414551,0.5270758122743683,0.4488,617.15,11.14
2.0,0.6930615305900574,0.5270758122743683,0.4396,630.114,11.374
3.0,0.6990195512771606,0.5270758122743683,0.4418,627.027,11.318
4.0,0.7095096707344055,0.4729241877256318,0.4372,633.513,11.435
5.0,0.6946303248405457,0.4729241877256318,0.4594,603.012,10.885
