epoch,loss,matthews_correlation,runtime,samples_per_second,steps_per_second
1.0,0.4791140854358673,0.5207572018426233,1.6724,623.648,10.165
2.0,0.3718419671058655,0.6208116399151483,1.6882,617.805,10.07
3.0,0.3579995036125183,0.6357914877947441,1.6658,626.128,10.205
4.0,0.458942711353302,0.6048249456350583,1.667,625.689,10.198
5.0,0.40597623586654663,0.6308492465006725,1.6671,625.654,10.198
