epoch,loss,accuracy,f1,runtime,samples_per_second,steps_per_second
1.0,0.618708610534668,0.6838235294117647,0.8122270742358079,0.6406,636.907,10.927
2.0,0.6032870411872864,0.7083333333333334,0.8215892053973014,0.6557,622.281,10.676
3.0,0.5472933650016785,0.7181372549019608,0.8238897396630934,0.6363,641.202,11.001
4.0,0.5206481218338013,0.7745098039215687,0.8511326860841424,0.6399,637.589,10.939
5.0,0.5115790963172913,0.7818627450980392,0.8548123980424144,0.6351,642.37,11.021
