epoch,loss,matthews_correlation,runtime,samples_per_second,steps_per_second
1.0,0.5173691511154175,0.4467810196909267,0.5811,1794.917,29.256
2.0,0.41255176067352295,0.5574269782580037,0.5808,1795.777,29.27
3.0,0.45830708742141724,0.5523181756655187,0.5802,1797.779,29.302
4.0,0.5033984184265137,0.5572449322954699,0.6167,1691.394,27.568
5.0,0.48693597316741943,0.5808909972587557,0.5833,1788.071,29.144
