epoch,loss,matthews_correlation,runtime,samples_per_second,steps_per_second
1.0,0.6202716827392578,0.0,2.0227,515.655,8.405
2.0,0.623491644859314,0.0,2.0258,514.854,8.392
3.0,0.6181586980819702,0.0,2.0161,517.324,8.432
4.0,0.624474287033081,0.0,2.0193,516.512,8.419
5.0,0.6191287040710449,0.0,2.0242,515.254,8.398
