epoch,loss,accuracy,runtime,samples_per_second,steps_per_second
1.0,0.21621595323085785,0.9231651376146789,0.5535,1575.42,25.293
2.0,0.21767447888851166,0.9380733944954128,0.5502,1584.978,25.447
3.0,0.20480774343013763,0.9334862385321101,0.5636,1547.073,24.838
4.0,0.2150496542453766,0.9369266055045872,0.5466,1595.215,25.611
5.0,0.25782132148742676,0.9403669724770642,0.5506,1583.791,25.428
