epoch,loss,accuracy,f1,runtime,samples_per_second,steps_per_second
1.0,1.035736083984375,0.3161764705882353,0.0,0.799,510.617,8.761
2.0,0.8313562870025635,0.3161764705882353,0.0,0.7995,510.297,8.755
3.0,0.7968714237213135,0.6838235294117647,0.8122270742358079,0.7989,510.688,8.762
4.0,0.6679866909980774,0.6838235294117647,0.8122270742358079,0.8264,493.7,8.47
5.0,0.6256695985794067,0.6838235294117647,0.8122270742358079,0.8056,506.428,8.689
