epoch,loss,matthews_correlation,runtime,samples_per_second,steps_per_second
1.0,1.3394849300384521,0.0,0.7012,1487.528,24.245
2.0,0.6870108842849731,0.0,0.7041,1481.409,24.146
3.0,0.9844639301300049,0.0,0.7034,1482.749,24.168
4.0,0.7177340984344482,0.0,0.7031,1483.372,24.178
5.0,0.6294829845428467,0.0,0.7038,1481.999,24.155
