epoch,loss,accuracy,f1,runtime,samples_per_second,steps_per_second
1.0,0.6319209337234497,0.6838235294117647,0.8122270742358079,0.646,631.604,10.836
2.0,0.6298971772193909,0.6838235294117647,0.8122270742358079,0.6414,636.09,10.913
3.0,0.6436659693717957,0.6838235294117647,0.8122270742358079,0.6487,628.922,10.79
4.0,0.624626636505127,0.6838235294117647,0.8122270742358079,0.6427,634.866,10.892
5.0,0.6246505379676819,0.6838235294117647,0.8122270742358079,0.6434,634.16,10.88
