epoch,loss,accuracy,runtime,samples_per_second,steps_per_second
1.0,1.0760787725448608,0.4946000366099213,3.0128,1813.242,28.545
2.0,0.9167474508285522,0.5053999633900788,2.9704,1839.148,28.952
3.0,0.7414817214012146,0.5053999633900788,2.968,1840.623,28.976
4.0,0.6982473731040955,0.5053999633900788,2.9703,1839.193,28.953
5.0,0.6938244104385376,0.5053999633900788,2.9705,1839.098,28.952
