epoch,loss,matthews_correlation,runtime,samples_per_second,steps_per_second
1.0,0.6286646723747253,0.0,0.7072,1474.738,24.037
2.0,0.6236863732337952,0.0,0.7157,1457.226,23.752
3.0,0.6225649118423462,0.0,0.7141,1460.511,23.805
4.0,0.6184877753257751,0.0,0.7096,1469.942,23.959
5.0,0.6184770464897156,0.0,0.7109,1467.165,23.914
