epoch,loss,accuracy,runtime,samples_per_second,steps_per_second
1.0,0.2368851900100708,0.9046311550430166,3.0152,1811.845,28.523
2.0,0.2348615825176239,0.909024345597657,3.0108,1814.49,28.564
3.0,0.20555129647254944,0.9207395204100312,3.0086,1815.768,28.584
4.0,0.20460951328277588,0.9229361156873512,3.0275,1804.479,28.407
5.0,0.20131810009479523,0.9245835621453414,3.034,1800.59,28.345
