epoch,loss,accuracy,runtime,samples_per_second,steps_per_second
1.0,0.7058942914009094,0.4729241877256318,0.8396,329.928,5.955
2.0,0.6950092911720276,0.4729241877256318,0.8058,343.762,6.205
3.0,0.6917428970336914,0.5270758122743683,0.843,328.577,5.931
4.0,0.6925625801086426,0.5270758122743683,0.7056,392.601,7.087
5.0,0.6930456161499023,0.5270758122743683,0.8281,334.486,6.038
