epoch,loss,accuracy,runtime,samples_per_second,steps_per_second
1.0,0.6916530132293701,0.5270758122743683,0.438,632.419,11.416
2.0,0.7319785356521606,0.4729241877256318,0.4403,629.12,11.356
3.0,0.6926683187484741,0.5270758122743683,0.4389,631.061,11.391
4.0,0.7208600044250488,0.4729241877256318,0.4353,636.326,11.486
5.0,0.6966239809989929,0.4729241877256318,0.4431,625.164,11.285
