epoch,loss,accuracy,f1,runtime,samples_per_second,steps_per_second
1.0,0.8495743870735168,0.6838235294117647,0.8122270742358079,0.2418,1687.015,28.944
2.0,0.6807681918144226,0.6838235294117647,0.8122270742358079,0.2396,1702.828,29.215
3.0,0.7441765069961548,0.3161764705882353,0.0,0.2445,1668.51,28.626
4.0,0.6271488070487976,0.6838235294117647,0.8122270742358079,0.2396,1703.018,29.218
5.0,0.624763011932373,0.6838235294117647,0.8122270742358079,0.2533,1610.585,27.633
