epoch,loss,matthews_correlation,runtime,samples_per_second,steps_per_second
1.0,0.9267512559890747,0.0,1.6497,632.252,10.305
2.0,0.8479511737823486,0.0,1.6506,631.896,10.299
3.0,0.6927989721298218,0.0,1.6559,629.868,10.266
4.0,0.647874653339386,0.0,1.6559,629.884,10.267
5.0,0.6216098666191101,0.0,1.657,629.454,10.26
