epoch,loss,accuracy,runtime,samples_per_second,steps_per_second
1.0,0.6931667327880859,0.5091743119266054,0.4888,1783.89,28.64
2.0,1.5804781913757324,0.5091743119266054,0.5127,1700.848,27.307
3.0,0.8499016761779785,0.4908256880733945,0.4922,1771.721,28.445
4.0,0.8060213327407837,0.4908256880733945,0.4868,1791.186,28.758
5.0,0.6988245248794556,0.5091743119266054,0.4951,1761.396,28.279
