epoch,loss,accuracy,runtime,samples_per_second,steps_per_second
1.0,0.6913833618164062,0.5270758122743683,0.7299,379.512,6.85
2.0,0.7101231217384338,0.4729241877256318,0.7344,377.156,6.808
3.0,0.692901074886322,0.5270758122743683,0.7433,372.641,6.726
4.0,0.6925837397575378,0.5270758122743683,0.748,370.329,6.685
5.0,0.6929715871810913,0.5270758122743683,0.7591,364.905,6.587
