epoch,loss,accuracy,f1,runtime,samples_per_second,steps_per_second
1.0,0.6242130994796753,0.6838235294117647,0.8122270742358079,0.6466,631.02,10.826
2.0,0.6465932726860046,0.6838235294117647,0.8122270742358079,0.6464,631.185,10.829
3.0,0.6264750361442566,0.6838235294117647,0.8122270742358079,0.6451,632.475,10.851
4.0,0.625859260559082,0.6838235294117647,0.8122270742358079,0.6448,632.752,10.856
5.0,0.6253392696380615,0.6838235294117647,0.8122270742358079,0.6473,630.315,10.814
