epoch,loss,matthews_correlation,runtime,samples_per_second,steps_per_second
1.0,0.455630362033844,0.5037166722333147,0.29,3596.845,58.625
2.0,0.4275898039340973,0.6136390370082229,0.292,3572.037,58.221
3.0,0.513757050037384,0.5651937994450119,0.295,3535.064,57.618
4.0,0.677030086517334,0.5834280851949736,0.2963,3519.612,57.367
5.0,0.8146752715110779,0.5732046470010711,0.2904,3592.087,58.548
