epoch,loss,accuracy,runtime,samples_per_second,steps_per_second
1.0,0.693784236907959,0.4729241877256318,0.2019,1372.182,24.769
2.0,0.6174439787864685,0.6678700361010831,0.2014,1375.611,24.831
3.0,0.5870145559310913,0.7003610108303249,0.2046,1354.143,24.443
4.0,0.5890116095542908,0.7003610108303249,0.2005,1381.745,24.941
5.0,0.5916410088539124,0.7220216606498195,0.2011,1377.765,24.869
