epoch,loss,accuracy,runtime,samples_per_second,steps_per_second
1.0,0.19050870835781097,0.9243119266055045,0.4647,1876.655,30.13
2.0,0.19796448945999146,0.9426605504587156,0.4633,1882.036,30.216
3.0,0.18775558471679688,0.9346330275229358,0.4644,1877.679,30.146
4.0,0.19724051654338837,0.9403669724770642,0.4622,1886.79,30.293
5.0,0.21919754147529602,0.9357798165137615,0.4626,1884.973,30.263
