epoch,loss,accuracy,runtime,samples_per_second,steps_per_second
1.0,0.694379985332489,0.5270758122743683,0.167,1658.874,29.944
2.0,0.6889957189559937,0.6353790613718412,0.1674,1654.68,29.868
3.0,0.511921226978302,0.7509025270758123,0.1691,1637.797,29.563
4.0,0.5435656309127808,0.7906137184115524,0.1674,1654.779,29.87
5.0,0.6980327367782593,0.7689530685920578,0.1672,1656.414,29.899
