epoch,loss,accuracy,runtime,samples_per_second,steps_per_second
1.0,0.6929469108581543,0.48014440433212996,0.1792,1546.047,27.907
2.0,0.685497522354126,0.5776173285198556,0.1825,1517.577,27.393
3.0,0.6019577980041504,0.6895306859205776,0.1809,1531.42,27.643
4.0,0.5864043831825256,0.6823104693140795,0.1805,1534.443,27.698
5.0,0.5893562436103821,0.7003610108303249,0.1802,1537.467,27.752
