epoch,loss,accuracy,runtime,samples_per_second,steps_per_second
1.0,0.8730125427246094,0.4729241877256318,0.1638,1691.417,30.531
2.0,0.7113217711448669,0.5270758122743683,0.1638,1691.572,30.534
3.0,0.8310158848762512,0.5270758122743683,0.1631,1698.824,30.665
4.0,0.7812896966934204,0.4729241877256318,0.1636,1692.651,30.553
5.0,0.6916847825050354,0.5270758122743683,0.1651,1677.361,30.277
