epoch,loss,accuracy,f1,runtime,samples_per_second,steps_per_second
1.0,0.5465867519378662,0.7034313725490197,0.8169440242057489,0.6474,630.229,10.813
2.0,0.3904944658279419,0.821078431372549,0.8809135399673735,0.647,630.623,10.82
3.0,0.3566003739833832,0.8651960784313726,0.8975791433891993,0.6488,628.901,10.79
4.0,0.3232794404029846,0.8676470588235294,0.9014598540145985,0.6487,628.949,10.791
5.0,0.31075263023376465,0.8774509803921569,0.910394265232975,0.6485,629.152,10.794
