epoch,loss,matthews_correlation,runtime,samples_per_second,steps_per_second
1.0,0.6293505430221558,0.0,0.6356,1640.969,26.746
2.0,0.6207398176193237,0.0,0.6303,1654.875,26.973
3.0,0.6182329058647156,0.0,0.6332,1647.234,26.848
4.0,0.6207423806190491,0.0,0.6329,1648.084,26.862
5.0,0.6201045513153076,0.0,0.6367,1638.236,26.702
