epoch,loss,accuracy,runtime,samples_per_second,steps_per_second
1.0,0.6542633771896362,0.5451263537906137,0.4476,618.873,11.171
2.0,0.726805567741394,0.7653429602888087,0.4529,611.608,11.04
3.0,0.487885057926178,0.8267148014440433,0.4523,612.388,11.054
4.0,0.5350443124771118,0.8447653429602888,0.4496,616.06,11.12
5.0,0.7864200472831726,0.851985559566787,0.4484,617.691,11.15
