epoch,loss,matthews_correlation,runtime,samples_per_second,steps_per_second
1.0,0.457154780626297,0.5232519323928566,1.7114,609.456,9.934
2.0,0.40852099657058716,0.6317372030417963,1.7132,608.791,9.923
3.0,0.3521507978439331,0.6434514580893359,1.7128,608.962,9.926
4.0,0.45357054471969604,0.6312205746342385,1.7147,608.268,9.914
5.0,0.46912965178489685,0.6405767700619004,1.7103,609.837,9.94
