epoch,loss,accuracy,runtime,samples_per_second,steps_per_second
1.0,2.0782265663146973,0.5091743119266054,0.498,1751.079,28.114
2.0,0.6946249008178711,0.5091743119266054,0.4944,1763.826,28.318
3.0,0.6992523670196533,0.4908256880733945,0.5097,1710.688,27.465
4.0,0.8616551160812378,0.4908256880733945,0.492,1772.397,28.456
5.0,0.6984079480171204,0.5091743119266054,0.4893,1782.082,28.611
