epoch,loss,accuracy,runtime,samples_per_second,steps_per_second
1.0,0.22985024750232697,0.9059633027522935,0.4646,1876.707,30.131
2.0,0.21725396811962128,0.9174311926605505,0.4642,1878.536,30.16
3.0,0.1810784935951233,0.9357798165137615,0.4639,1879.652,30.178
4.0,0.2126515805721283,0.9369266055045872,0.464,1879.411,30.174
5.0,0.20426657795906067,0.9392201834862385,0.4636,1880.825,30.197
