epoch,loss,matthews_correlation,runtime,samples_per_second,steps_per_second
1.0,0.6181973218917847,0.0,0.5838,1786.452,29.118
2.0,0.6179643869400024,0.0,0.5788,1801.868,29.369
3.0,0.6216370463371277,0.0,0.5773,1806.724,29.448
4.0,0.6550414562225342,0.0,0.5836,1787.233,29.13
5.0,0.6185268759727478,0.0,0.58,1798.258,29.31
