epoch,loss,matthews_correlation,runtime,samples_per_second,steps_per_second
1.0,0.41331955790519714,0.5526896422396544,0.6113,1706.131,27.808
2.0,0.3906344175338745,0.5854627521482239,0.6006,1736.666,28.306
3.0,0.47107604146003723,0.5956578673520049,0.5901,1767.363,28.806
4.0,0.5605952143669128,0.5814558318054082,0.582,1792.051,29.209
5.0,0.5484685301780701,0.6132022979495473,0.5813,1794.154,29.243
