epoch,loss,matthews_correlation,runtime,samples_per_second,steps_per_second
1.0,0.424193412065506,0.5694606227515732,0.9669,1078.652,17.581
2.0,0.3498356342315674,0.661553488503476,0.9763,1068.338,17.413
3.0,0.3955358564853668,0.6309517537104279,0.9802,1064.107,17.344
4.0,0.6783983707427979,0.6132022979495473,0.9799,1064.448,17.35
5.0,0.6583130359649658,0.6331400794803589,0.9793,1065.065,17.36
