epoch,loss,accuracy,runtime,samples_per_second,steps_per_second
1.0,0.2687325179576874,0.891085484166209,2.9381,1859.389,29.271
2.0,0.24537746608257294,0.9020684605528098,2.9284,1865.547,29.368
3.0,0.23252815008163452,0.9071938495332235,2.9213,1870.054,29.439
4.0,0.22709022462368011,0.9092073952041003,2.9175,1872.525,29.478
5.0,0.2268417477607727,0.9093904448105437,2.9336,1862.246,29.316
