epoch,loss,matthews_correlation,runtime,samples_per_second,steps_per_second
1.0,0.5160292387008667,0.4668770386077432,0.6059,1721.353,28.057
2.0,0.48196858167648315,0.5069898363255262,0.6023,1731.644,28.224
3.0,0.47493135929107666,0.5245973684146213,0.6048,1724.672,28.111
4.0,0.49071627855300903,0.5206360818297229,0.6214,1678.519,27.358
5.0,0.4662528336048126,0.5578770438298012,0.6274,1662.413,27.096
