epoch,loss,accuracy,runtime,samples_per_second,steps_per_second
1.0,0.7125028371810913,0.4729241877256318,0.1655,1673.382,30.205
2.0,0.6996030211448669,0.4729241877256318,0.1638,1691.353,30.53
3.0,0.6936220526695251,0.4729241877256318,0.1663,1665.554,30.064
4.0,0.6966310143470764,0.4729241877256318,0.1653,1675.459,30.243
5.0,0.694390594959259,0.4729241877256318,0.164,1688.629,30.481
