epoch,loss,accuracy,runtime,samples_per_second,steps_per_second
1.0,0.6939111351966858,0.5270758122743683,0.2015,1374.43,24.809
2.0,0.7029893398284912,0.4729241877256318,0.2023,1368.932,24.71
3.0,0.6978297233581543,0.5270758122743683,0.2046,1353.823,24.437
4.0,0.6979442834854126,0.4729241877256318,0.1987,1394.057,25.163
5.0,0.6931020021438599,0.5270758122743683,0.1948,1422.028,25.668
