epoch,loss,accuracy,f1,runtime,samples_per_second,steps_per_second
1.0,0.4054243862628937,0.8137254901960784,0.8720538720538721,0.6695,609.433,10.456
2.0,0.43189552426338196,0.8063725490196079,0.8740031897926634,0.674,605.363,10.386
3.0,0.427074670791626,0.8529411764705882,0.8892988929889298,0.6554,622.483,10.68
4.0,0.2884552776813507,0.8921568627450981,0.9205776173285198,0.6596,618.571,10.613
5.0,0.2906765341758728,0.875,0.9103690685413005,0.6958,586.362,10.06
