epoch,loss,accuracy,runtime,samples_per_second,steps_per_second
1.0,0.6984572410583496,0.4729241877256318,0.1699,1630.307,29.428
2.0,0.6176420450210571,0.6498194945848376,0.1688,1641.133,29.623
3.0,0.5581135153770447,0.703971119133574,0.1725,1605.567,28.981
4.0,0.5022112727165222,0.7545126353790613,0.1699,1630.671,29.434
5.0,0.516979455947876,0.740072202166065,0.1753,1580.45,28.528
