epoch,loss,accuracy,f1,runtime,samples_per_second,steps_per_second
1.0,0.650092601776123,0.6838235294117647,0.8122270742358079,0.6437,633.821,10.874
2.0,0.7897889614105225,0.3161764705882353,0.0,0.643,634.524,10.886
3.0,0.6327239274978638,0.6838235294117647,0.8122270742358079,0.6393,638.17,10.949
4.0,0.6429203748703003,0.6838235294117647,0.8122270742358079,0.6375,640.03,10.981
5.0,0.625434398651123,0.6838235294117647,0.8122270742358079,0.6386,638.898,10.961
