epoch,loss,accuracy,runtime,samples_per_second,steps_per_second
1.0,0.2042350023984909,0.9288990825688074,0.5934,1469.619,23.595
2.0,0.21068711578845978,0.9438073394495413,0.5933,1469.794,23.598
3.0,0.2078094482421875,0.9357798165137615,0.5921,1472.646,23.643
4.0,0.2169298231601715,0.9415137614678899,0.5928,1471.021,23.617
5.0,0.26283466815948486,0.9369266055045872,0.5877,1483.836,23.823
