epoch,loss,accuracy,runtime,samples_per_second,steps_per_second
1.0,1.5887176990509033,0.5091743119266054,0.4855,1796.076,28.836
2.0,0.6963965892791748,0.5091743119266054,0.4779,1824.746,29.296
3.0,0.717345654964447,0.4908256880733945,0.4995,1745.676,28.027
4.0,1.0070958137512207,0.4908256880733945,0.4741,1839.405,29.532
5.0,0.6978076696395874,0.5091743119266054,0.5079,1716.736,27.562
