epoch,loss,accuracy,runtime,samples_per_second,steps_per_second
1.0,0.7022066116333008,0.4729241877256318,0.5317,520.981,9.404
2.0,0.694739580154419,0.4729241877256318,0.5132,539.729,9.742
3.0,0.6915666460990906,0.5270758122743683,0.5155,537.334,9.699
4.0,0.6929433941841125,0.5270758122743683,0.5162,536.658,9.687
5.0,0.6930491328239441,0.5270758122743683,0.6985,396.553,7.158
