epoch,loss,matthews_correlation,runtime,samples_per_second,steps_per_second
1.0,0.6425052285194397,0.0,0.6065,1719.775,28.031
2.0,0.6183918118476868,0.0,0.6029,1729.903,28.196
3.0,0.6468710899353027,0.0,0.592,1761.741,28.715
4.0,0.7720656394958496,0.0,0.5798,1798.947,29.321
5.0,0.6335989832878113,0.0,0.5808,1795.653,29.268
