epoch,loss,accuracy,runtime,samples_per_second,steps_per_second
1.0,0.7126685380935669,0.4729241877256318,0.4493,616.53,11.129
2.0,0.7076728940010071,0.4729241877256318,0.4458,621.294,11.215
3.0,0.7044047713279724,0.5270758122743683,0.4483,617.905,11.154
4.0,0.6952719688415527,0.4729241877256318,0.4449,622.603,11.238
5.0,0.6940115690231323,0.4729241877256318,0.4597,602.567,10.877
