epoch,loss,accuracy,f1,runtime,samples_per_second,steps_per_second
1.0,0.3707635998725891,0.8529411764705882,0.8972602739726028,0.263,1551.509,26.619
2.0,0.3036899268627167,0.8897058823529411,0.9206349206349206,0.2591,1574.885,27.02
3.0,0.31784752011299133,0.8823529411764706,0.9104477611940298,0.2467,1653.547,28.37
4.0,0.37239256501197815,0.8872549019607843,0.9212328767123288,0.2446,1667.962,28.617
5.0,0.3981480002403259,0.8921568627450981,0.921146953405018,0.2415,1689.345,28.984
