epoch,loss,accuracy,runtime,samples_per_second,steps_per_second
1.0,0.9204696416854858,0.5270758122743683,0.4675,592.535,10.696
2.0,0.6924003958702087,0.5270758122743683,0.4669,593.249,10.708
3.0,0.7208864688873291,0.4729241877256318,0.4654,595.196,10.744
4.0,0.7229885458946228,0.5270758122743683,0.4768,580.924,10.486
5.0,0.6917693614959717,0.5270758122743683,0.4654,595.246,10.745
