epoch,loss,matthews_correlation,runtime,samples_per_second,steps_per_second
1.0,0.426350474357605,0.5314083843246411,0.568,1836.421,29.932
2.0,0.39145901799201965,0.6023811786509762,0.5643,1848.18,30.124
3.0,0.4629803001880646,0.5831689659260509,0.5901,1767.628,28.811
4.0,0.5134974718093872,0.5931328329100475,0.5664,1841.441,30.014
5.0,0.49758362770080566,0.598349211554662,0.5651,1845.542,30.081
