epoch,loss,accuracy,f1,runtime,samples_per_second,steps_per_second
1.0,0.46951085329055786,0.7573529411764706,0.8278260869565217,0.3074,1327.293,22.772
2.0,0.3296568691730499,0.8553921568627451,0.8963093145869947,0.3147,1296.368,22.242
3.0,0.30962398648262024,0.8700980392156863,0.9027522935779817,0.3088,1321.165,22.667
4.0,0.31505778431892395,0.8700980392156863,0.9051878354203936,0.3071,1328.346,22.79
5.0,0.34832435846328735,0.8897058823529411,0.9206349206349206,0.3005,1357.609,23.292
