epoch,loss,matthews_correlation,runtime,samples_per_second,steps_per_second
1.0,0.8644282221794128,0.0,1.6457,633.772,10.33
2.0,0.8494488000869751,0.0,1.6813,620.361,10.111
3.0,0.8067110776901245,0.0,1.6439,634.481,10.341
4.0,0.7237892746925354,0.0,1.6413,635.476,10.358
5.0,0.6263321042060852,0.0,1.6438,634.5,10.342
