epoch,loss,accuracy,runtime,samples_per_second,steps_per_second
1.0,0.22810125350952148,0.9114039904814205,2.9613,1844.816,29.042
2.0,0.23835016787052155,0.9081090975654402,2.937,1860.092,29.282
3.0,0.19993816316127777,0.9236683141131247,2.9562,1847.996,29.092
4.0,0.2077188640832901,0.9282445542742083,2.9649,1842.551,29.006
5.0,0.20715738832950592,0.9251327109646714,2.9555,1848.449,29.099
