epoch,loss,accuracy,f1,runtime,samples_per_second,steps_per_second
1.0,0.41253870725631714,0.8651960784313726,0.9026548672566371,0.2623,1555.387,26.686
2.0,0.3326933681964874,0.8700980392156863,0.909710391822828,0.2413,1691.173,29.015
3.0,0.3325115740299225,0.8382352941176471,0.872093023255814,0.241,1692.672,29.041
4.0,0.3257037401199341,0.875,0.9116117850953206,0.2418,1687.308,28.949
5.0,0.3394135534763336,0.8725490196078431,0.9081272084805654,0.2413,1690.538,29.004
