epoch,loss,accuracy,f1,runtime,samples_per_second,steps_per_second
1.0,0.7583127617835999,0.3161764705882353,0.0,0.6671,611.645,10.494
2.0,0.6259945034980774,0.6838235294117647,0.8122270742358079,0.6563,621.68,10.666
3.0,0.6409086585044861,0.6838235294117647,0.8122270742358079,0.6698,609.111,10.45
4.0,0.6247899532318115,0.6838235294117647,0.8122270742358079,0.6631,615.263,10.556
5.0,0.6252716779708862,0.6838235294117647,0.8122270742358079,0.6552,622.675,10.683
