epoch,loss,accuracy,f1,runtime,samples_per_second,steps_per_second
1.0,1.0288214683532715,0.6838235294117647,0.8122270742358079,0.6435,633.998,10.877
2.0,0.7417503595352173,0.6838235294117647,0.8122270742358079,0.6405,637.045,10.93
3.0,0.6250556707382202,0.6838235294117647,0.8122270742358079,0.6395,637.993,10.946
4.0,0.654655933380127,0.6838235294117647,0.8122270742358079,0.6455,632.058,10.844
5.0,0.6275922060012817,0.6838235294117647,0.8122270742358079,0.6434,634.142,10.88
