epoch,loss,accuracy,runtime,samples_per_second,steps_per_second
1.0,0.6916953325271606,0.5270758122743683,0.1781,1555.555,28.079
2.0,0.7607571482658386,0.4729241877256318,0.184,1505.667,27.178
3.0,0.6984853744506836,0.4729241877256318,0.1777,1559.152,28.144
4.0,0.7022436261177063,0.4729241877256318,0.1825,1518.168,27.404
5.0,0.6919103264808655,0.5270758122743683,0.1831,1512.88,27.308
