epoch,loss,accuracy,runtime,samples_per_second,steps_per_second
1.0,0.2264159619808197,0.9139666849716274,3.0094,1815.294,28.577
2.0,0.2197113186120987,0.9157971810360608,3.034,1800.588,28.345
3.0,0.19950994849205017,0.924400512538898,3.0154,1811.68,28.52
4.0,0.21081045269966125,0.9249496613582281,3.0148,1812.051,28.526
5.0,0.22004756331443787,0.9267801574226615,3.0407,1796.62,28.283
