epoch,loss,accuracy,f1,runtime,samples_per_second,steps_per_second
1.0,0.628542423248291,0.6838235294117647,0.8122270742358079,4.0153,101.611,1.743
2.0,0.6283659338951111,0.6838235294117647,0.8122270742358079,3.9338,103.716,1.779
3.0,0.6241484880447388,0.6838235294117647,0.8122270742358079,2.6247,155.445,2.667
4.0,0.624915599822998,0.6838235294117647,0.8122270742358079,3.8963,104.714,1.797
5.0,0.6251819133758545,0.6838235294117647,0.8122270742358079,3.9803,102.506,1.759
