epoch,loss,accuracy,runtime,samples_per_second,steps_per_second
1.0,0.6923722624778748,0.5451263537906137,0.2009,1379.078,24.893
2.0,0.6859329342842102,0.5884476534296029,0.2006,1380.561,24.92
3.0,0.6073549389839172,0.6750902527075813,0.2009,1378.582,24.884
4.0,0.5867952704429626,0.7003610108303249,0.1998,1386.419,25.026
5.0,0.586341142654419,0.6859205776173285,0.2001,1384.531,24.992
