epoch,loss,accuracy,runtime,samples_per_second,steps_per_second
1.0,0.6956051588058472,0.4729241877256318,1.0348,267.687,4.832
2.0,0.6950692534446716,0.4729241877256318,0.9992,277.223,5.004
3.0,0.6949846148490906,0.5270758122743683,1.0172,272.314,4.915
4.0,0.6950445771217346,0.4729241877256318,1.0474,264.473,4.774
5.0,0.6941367387771606,0.4729241877256318,1.0178,272.162,4.913
