epoch,loss,matthews_correlation,runtime,samples_per_second,steps_per_second
1.0,0.625873327255249,0.0,0.7065,1476.193,24.061
2.0,0.6180018186569214,0.0,0.7132,1462.5,23.837
3.0,0.6189018487930298,0.0,0.7073,1474.553,24.034
4.0,0.6200991868972778,0.0,0.7084,1472.379,23.999
5.0,0.6187195181846619,0.0,0.7058,1477.789,24.087
