epoch,loss,matthews_correlation,runtime,samples_per_second,steps_per_second
1.0,0.5354143381118774,0.5627305137323906,3.8187,273.128,4.452
2.0,0.3510221242904663,0.6329595949948286,4.321,241.379,3.934
3.0,0.3956892192363739,0.6306425398187112,3.8879,268.268,4.373
4.0,0.4415953755378723,0.6430578699763928,3.9046,267.124,4.354
5.0,0.45427343249320984,0.6405524427991953,2.0112,518.584,8.452
