epoch,loss,matthews_correlation,runtime,samples_per_second,steps_per_second
1.0,0.6202756762504578,0.06558874629318973,1.6514,631.569,10.294
2.0,0.6233649849891663,0.0,1.6567,629.557,10.261
3.0,0.6183529496192932,0.0,1.6509,631.772,10.297
4.0,0.6242930889129639,0.0,1.6499,632.171,10.304
5.0,0.6189870834350586,0.0,1.6484,632.734,10.313
