epoch,loss,accuracy,f1,runtime,samples_per_second,steps_per_second
1.0,0.6258221864700317,0.6838235294117647,0.8122270742358079,0.8733,467.186,8.015
2.0,0.6254075169563293,0.6838235294117647,0.8122270742358079,0.8782,464.587,7.971
3.0,0.6240724921226501,0.6838235294117647,0.8122270742358079,0.8753,466.144,7.998
4.0,0.6258580684661865,0.6838235294117647,0.8122270742358079,0.8768,465.309,7.983
5.0,0.6257755160331726,0.6838235294117647,0.8122270742358079,0.8785,464.423,7.968
