epoch,loss,matthews_correlation,runtime,samples_per_second,steps_per_second
1.0,0.45419391989707947,0.4833639583814578,0.5856,1781.066,29.03
2.0,0.48674479126930237,0.49007739162498226,0.5811,1794.874,29.255
3.0,0.47677135467529297,0.5209512852126564,0.5827,1789.793,29.172
4.0,0.48855534195899963,0.5206867487527611,0.6048,1724.672,28.111
5.0,0.46024006605148315,0.5149844966342378,0.5903,1766.873,28.799
