epoch,loss,matthews_correlation,runtime,samples_per_second,steps_per_second
1.0,0.6440978646278381,0.0,0.7661,1361.496,22.191
2.0,0.6304366588592529,0.0,0.7819,1333.97,21.743
3.0,0.967362642288208,0.0,0.7689,1356.48,22.109
4.0,0.6382573246955872,0.0,0.7691,1356.126,22.104
5.0,0.6277084946632385,0.0,0.7705,1353.679,22.064
