epoch,loss,accuracy,runtime,samples_per_second,steps_per_second
1.0,0.6993526816368103,0.5270758122743683,0.4616,600.066,10.832
2.0,0.7930806279182434,0.4729241877256318,0.4348,637.013,11.498
3.0,0.6567479968070984,0.631768953068592,0.4331,639.566,11.545
4.0,0.5796398520469666,0.6967509025270758,0.4425,625.96,11.299
5.0,0.5573009848594666,0.7111913357400722,0.4419,626.885,11.316
