epoch,loss,accuracy,runtime,samples_per_second,steps_per_second
1.0,0.20668554306030273,0.9288990825688074,0.4977,1752.214,28.132
2.0,0.25041595101356506,0.9323394495412844,0.5146,1694.624,27.207
3.0,0.22623133659362793,0.9426605504587156,0.5056,1724.819,27.692
4.0,0.26105666160583496,0.9346330275229358,0.4961,1757.772,28.221
5.0,0.31025052070617676,0.9346330275229358,0.4991,1747.168,28.051
