epoch,loss,matthews_correlation,runtime,samples_per_second,steps_per_second
1.0,0.7609995007514954,0.0,1.6682,625.239,10.191
2.0,0.6452353596687317,0.0,1.6653,626.305,10.208
3.0,0.6252078413963318,0.0,1.6662,625.98,10.203
4.0,0.6349507570266724,0.0,1.6647,626.544,10.212
5.0,0.6202318668365479,0.0,1.689,617.508,10.065
