epoch,loss,accuracy,f1,runtime,samples_per_second,steps_per_second
1.0,0.5961067080497742,0.7083333333333334,0.8199697428139183,0.6335,644.009,11.049
2.0,0.42350801825523376,0.7916666666666666,0.8613376835236541,0.6523,625.472,10.731
3.0,0.355538547039032,0.8406862745098039,0.8877374784110535,0.6374,640.147,10.983
4.0,0.3113838732242584,0.8602941176470589,0.8994708994708994,0.6403,637.227,10.933
5.0,0.304931104183197,0.8725490196078431,0.9057971014492754,0.637,640.469,10.988
