epoch,loss,accuracy,runtime,samples_per_second,steps_per_second
1.0,0.2687325179576874,0.891085484166209,3.0056,1817.591,28.613
2.0,0.24537746608257294,0.9020684605528098,2.9471,1853.658,29.181
3.0,0.23252815008163452,0.9071938495332235,2.9613,1844.797,29.041
4.0,0.22709022462368011,0.9092073952041003,3.0196,1809.169,28.48
5.0,0.2268417477607727,0.9093904448105437,2.9577,1847.023,29.076
