epoch,loss,accuracy,runtime,samples_per_second,steps_per_second
1.0,0.7233684062957764,0.4729241877256318,0.1721,1609.333,29.049
2.0,0.7006254196166992,0.4729241877256318,0.1651,1677.276,30.276
3.0,0.8933554887771606,0.4729241877256318,0.165,1678.594,30.3
4.0,0.6937100887298584,0.4729241877256318,0.1693,1635.683,29.525
5.0,0.6960422992706299,0.4729241877256318,0.1654,1675.23,30.239
