epoch,loss,accuracy,runtime,samples_per_second,steps_per_second
1.0,0.6933078765869141,0.5091743119266054,0.5043,1729.072,27.76
2.0,0.8264887928962708,0.5091743119266054,0.5072,1719.129,27.601
3.0,0.7847194671630859,0.4908256880733945,0.5044,1728.826,27.756
4.0,0.8716413974761963,0.4908256880733945,0.5055,1724.901,27.693
5.0,0.6990194320678711,0.5091743119266054,0.5057,1724.323,27.684
