epoch,loss,accuracy,f1,runtime,samples_per_second,steps_per_second
1.0,0.3929644525051117,0.8357843137254902,0.8873949579831932,0.2379,1714.714,29.419
2.0,0.31642434000968933,0.8553921568627451,0.8905380333951762,0.4887,834.948,14.325
3.0,0.289113312959671,0.8848039215686274,0.9140767824497258,0.238,1714.068,29.408
4.0,0.3460325002670288,0.875,0.9116117850953206,0.2372,1719.806,29.506
5.0,0.3720005750656128,0.8774509803921569,0.9100719424460432,0.2409,1693.54,29.056
