epoch,loss,matthews_correlation,runtime,samples_per_second,steps_per_second
1.0,0.6212592124938965,0.0,0.59,1767.757,28.813
2.0,0.8480265736579895,0.0,0.5886,1772.055,28.883
3.0,0.6213805079460144,0.0,0.6284,1659.879,27.055
4.0,0.6409459114074707,0.0,0.6183,1686.949,27.496
5.0,0.6182839274406433,0.0,0.5882,1773.061,28.899
