epoch,loss,accuracy,runtime,samples_per_second,steps_per_second
1.0,0.6919650435447693,0.5270758122743683,0.1708,1621.436,29.268
2.0,0.7111824750900269,0.4729241877256318,0.1791,1546.807,27.921
3.0,0.6981293559074402,0.5270758122743683,0.1727,1604.191,28.957
4.0,0.6957249641418457,0.4729241877256318,0.1705,1624.969,29.332
5.0,0.6930121183395386,0.5270758122743683,0.1714,1615.972,29.169
