epoch,loss,accuracy,runtime,samples_per_second,steps_per_second
1.0,0.6939516663551331,0.5126353790613718,0.612,452.614,8.17
2.0,0.6845368146896362,0.6353790613718412,0.6149,450.493,8.132
3.0,0.4925115704536438,0.7725631768953068,0.6128,452.048,8.16
4.0,0.4269352853298187,0.8231046931407943,0.6123,452.415,8.166
5.0,0.46014654636383057,0.8194945848375451,0.6125,452.242,8.163
