epoch,loss,accuracy,runtime,samples_per_second,steps_per_second
1.0,0.7161694169044495,0.5270758122743683,0.4399,629.699,11.366
2.0,0.6919527053833008,0.5270758122743683,0.4356,635.923,11.479
3.0,0.7611396908760071,0.4729241877256318,0.4358,635.641,11.474
4.0,0.6916618347167969,0.5270758122743683,0.4368,634.106,11.446
5.0,0.6934598088264465,0.4729241877256318,0.4368,634.206,11.448
