epoch,loss,accuracy,runtime,samples_per_second,steps_per_second
1.0,0.7489237785339355,0.5270758122743683,0.4365,634.606,11.455
2.0,0.7378273606300354,0.4729241877256318,0.438,632.434,11.416
3.0,0.7331640124320984,0.4729241877256318,0.4444,623.291,11.251
4.0,0.7335993647575378,0.5270758122743683,0.4383,632.029,11.408
5.0,0.6922118067741394,0.5270758122743683,0.4365,634.653,11.456
