epoch,loss,accuracy,f1,runtime,samples_per_second,steps_per_second
1.0,0.42200028896331787,0.7769607843137255,0.8562401263823065,1.8802,216.996,3.723
2.0,0.5337554216384888,0.875,0.914572864321608,1.8465,220.958,3.791
3.0,0.287617027759552,0.8823529411764706,0.9120879120879121,1.8982,214.936,3.688
4.0,0.3193058371543884,0.8995098039215687,0.928695652173913,1.8319,222.719,3.821
5.0,0.3055129945278168,0.8946078431372549,0.9244288224956063,1.9094,213.679,3.666
