epoch,loss,accuracy,runtime,samples_per_second,steps_per_second
1.0,0.2377961426973343,0.9051803038623467,2.9337,1862.145,29.314
2.0,0.23211798071861267,0.9114039904814205,2.934,1861.995,29.312
3.0,0.20849059522151947,0.9205564708035878,2.9274,1866.193,29.378
4.0,0.20714303851127625,0.9205564708035878,2.9114,1876.386,29.539
5.0,0.20146030187606812,0.9222039172615779,2.9275,1866.09,29.376
