epoch,loss,accuracy,runtime,samples_per_second,steps_per_second
1.0,0.7520306706428528,0.4729241877256318,0.4328,640.017,11.553
2.0,0.7072030901908875,0.4729241877256318,0.4373,633.394,11.433
3.0,0.709662139415741,0.5270758122743683,0.4317,641.598,11.581
4.0,0.6993183493614197,0.48375451263537905,0.4329,639.833,11.549
5.0,0.6910210847854614,0.5270758122743683,0.4341,638.142,11.519
