epoch,loss,accuracy,f1,runtime,samples_per_second,steps_per_second
1.0,0.5873871445655823,0.696078431372549,0.8165680473372781,0.6522,625.583,10.733
2.0,0.4310997724533081,0.8088235294117647,0.875,0.6537,624.169,10.709
3.0,0.3092406690120697,0.8799019607843137,0.9097605893186004,0.6535,624.307,10.711
4.0,0.2788333594799042,0.8921568627450981,0.9228070175438596,0.6524,625.416,10.73
5.0,0.3156324326992035,0.8872549019607843,0.9181494661921709,0.6575,620.576,10.647
