epoch,loss,accuracy,f1,runtime,samples_per_second,steps_per_second
1.0,0.5878571271896362,0.6862745098039216,0.8134110787172012,2.636,154.782,2.656
2.0,0.6306636929512024,0.6838235294117647,0.8122270742358079,2.5903,157.513,2.702
3.0,0.6240413784980774,0.6838235294117647,0.8122270742358079,2.7635,147.639,2.533
4.0,0.6243441700935364,0.6838235294117647,0.8122270742358079,2.5204,161.88,2.777
5.0,0.6242274641990662,0.6838235294117647,0.8122270742358079,2.6797,152.257,2.612
