epoch,loss,matthews_correlation,runtime,samples_per_second,steps_per_second
1.0,0.551893949508667,0.5417325184178179,1.6529,631.005,10.285
2.0,0.34470152854919434,0.6402495312931724,1.6532,630.888,10.283
3.0,0.46725767850875854,0.623985071464604,1.6498,632.214,10.305
4.0,0.5728469491004944,0.619034248988946,1.6932,615.994,10.04
5.0,0.5707709193229675,0.633541946511989,1.6478,632.971,10.317
