epoch,loss,matthews_correlation,runtime,samples_per_second,steps_per_second
1.0,0.6584800481796265,0.0,1.7022,612.743,9.987
2.0,0.6388005018234253,0.0,1.7126,609.017,9.926
3.0,0.6212838292121887,0.0,1.7035,612.263,9.979
4.0,0.713548481464386,0.0,1.6995,613.714,10.003
5.0,0.6202924847602844,0.0,1.7017,612.912,9.99
