epoch,loss,accuracy,runtime,samples_per_second,steps_per_second
1.0,0.40095755457878113,0.8439123790117168,5.6483,1737.678,27.265
2.0,0.36205625534057617,0.8624554253693326,5.515,1779.684,27.924
3.0,0.3675822913646698,0.8601120733571065,5.4008,1817.334,28.514
4.0,0.3483618199825287,0.8675496688741722,5.4332,1806.473,28.344
5.0,0.35124480724334717,0.8675496688741722,5.5541,1767.175,27.727
