epoch,loss,accuracy,runtime,samples_per_second,steps_per_second
1.0,0.6954043507575989,0.5091743119266054,0.494,1765.17,28.34
2.0,0.6975836753845215,0.5091743119266054,0.4954,1760.279,28.261
3.0,0.6942620277404785,0.5091743119266054,0.5051,1726.355,27.717
4.0,0.6951808929443359,0.5091743119266054,0.5071,1719.613,27.608
5.0,0.6974157094955444,0.5091743119266054,0.4913,1774.881,28.496
