epoch,loss,matthews_correlation,runtime,samples_per_second,steps_per_second
1.0,0.45392289757728577,0.5024117535489123,0.2901,3595.024,58.596
2.0,0.41090717911720276,0.6088841377358047,0.2894,3603.446,58.733
3.0,0.5000209808349609,0.6409676231335113,0.2913,3580.937,58.366
4.0,0.6848238110542297,0.5416832977810567,0.2896,3601.426,58.7
5.0,0.7459913492202759,0.6093514522222457,0.2907,3588.127,58.483
