epoch,loss,accuracy,runtime,samples_per_second,steps_per_second
1.0,0.7849714159965515,0.4946000366099213,3.0806,1773.352,27.917
2.0,0.9556179642677307,0.5053999633900788,3.1534,1732.411,27.272
