epoch,loss,matthews_correlation,runtime,samples_per_second,steps_per_second
1.0,0.6320164203643799,0.0,0.6324,1649.269,26.882
2.0,0.6180872917175293,0.0,0.6361,1639.801,26.727
3.0,0.6188768148422241,0.0,0.6375,1636.046,26.666
4.0,0.6199058294296265,0.0,0.6357,1640.78,26.743
5.0,0.618630588054657,0.0,0.6341,1644.86,26.81
