epoch,loss,matthews_correlation,runtime,samples_per_second,steps_per_second
1.0,0.5416577458381653,0.4302323404760539,0.5891,1770.379,28.856
2.0,0.4127073585987091,0.5748715355311369,0.6164,1692.169,27.581
3.0,0.470355749130249,0.5719840023272299,0.5873,1776.013,28.947
4.0,0.5146906971931458,0.5649960305097885,0.5895,1769.323,28.838
5.0,0.48221296072006226,0.5699304939602442,0.591,1764.829,28.765
