epoch,loss,accuracy,f1,runtime,samples_per_second,steps_per_second
1.0,0.6870272755622864,0.6838235294117647,0.8122270742358079,0.2413,1691.049,29.013
2.0,0.6247235536575317,0.6838235294117647,0.8122270742358079,0.2429,1679.647,28.817
3.0,0.624420166015625,0.6838235294117647,0.8122270742358079,0.2498,1633.1,28.019
4.0,0.6527817845344543,0.6838235294117647,0.8122270742358079,0.2417,1688.087,28.962
5.0,0.6248761415481567,0.6838235294117647,0.8122270742358079,0.2406,1695.866,29.096
