epoch,loss,accuracy,f1,runtime,samples_per_second,steps_per_second
1.0,0.39276212453842163,0.803921568627451,0.8620689655172413,0.2412,1691.563,29.022
2.0,0.325719952583313,0.8872549019607843,0.9181494661921709,0.243,1678.931,28.805
3.0,0.306583434343338,0.8725490196078431,0.9026217228464419,0.2413,1691.009,29.012
4.0,0.33161643147468567,0.8823529411764706,0.9157894736842105,0.2407,1695.2,29.084
5.0,0.36420804262161255,0.8823529411764706,0.9136690647482014,0.2431,1678.363,28.795
