epoch,loss,accuracy,runtime,samples_per_second,steps_per_second
1.0,0.7165994644165039,0.4729241877256318,0.4456,621.609,11.22
2.0,0.6044413447380066,0.6606498194945848,0.4478,618.637,11.167
3.0,0.4732133448123932,0.779783393501805,0.4601,602.095,10.868
4.0,0.4603210985660553,0.8267148014440433,0.4462,620.826,11.206
5.0,0.5031324028968811,0.8194945848375451,0.4539,610.226,11.015
