epoch,loss,accuracy,runtime,samples_per_second,steps_per_second
1.0,0.6960426568984985,0.5091743119266054,0.5497,1586.291,25.468
2.0,0.6954860687255859,0.5091743119266054,0.5478,1591.811,25.557
3.0,0.6972118616104126,0.5091743119266054,0.5474,1592.963,25.575
4.0,0.6963786482810974,0.5091743119266054,0.5443,1601.978,25.72
5.0,0.6978054046630859,0.5091743119266054,0.5464,1595.922,25.623
