epoch,loss,matthews_correlation,runtime,samples_per_second,steps_per_second
1.0,0.6412448287010193,0.0,1.6546,630.36,10.274
2.0,0.6803986430168152,0.0,1.6544,630.429,10.275
3.0,0.8090931177139282,0.0,1.6553,630.114,10.27
4.0,0.676588237285614,0.0,1.6594,628.55,10.245
5.0,0.6196026802062988,0.0,1.6696,624.704,10.182
