epoch,loss,accuracy,f1,runtime,samples_per_second,steps_per_second
1.0,0.6251956820487976,0.6838235294117647,0.8122270742358079,0.3122,1306.661,22.418
2.0,0.627082347869873,0.6838235294117647,0.8122270742358079,0.3084,1322.754,22.694
3.0,0.6240593194961548,0.6838235294117647,0.8122270742358079,0.3119,1308.018,22.441
4.0,0.6241628527641296,0.6838235294117647,0.8122270742358079,0.3086,1322.035,22.682
5.0,0.6246523261070251,0.6838235294117647,0.8122270742358079,0.3099,1316.717,22.591
