epoch,loss,accuracy,runtime,samples_per_second,steps_per_second
1.0,0.6917711496353149,0.5270758122743683,0.4455,621.82,11.224
2.0,0.7111032605171204,0.4729241877256318,0.4467,620.092,11.193
3.0,0.6976780891418457,0.5270758122743683,0.465,595.758,10.754
4.0,0.706620454788208,0.4729241877256318,0.4481,618.149,11.158
5.0,0.694739580154419,0.4729241877256318,0.4537,610.468,11.019
