epoch,loss,matthews_correlation,runtime,samples_per_second,steps_per_second
1.0,1.6667529344558716,0.0,1.7026,612.582,9.985
2.0,0.7524418830871582,0.0,1.7063,611.259,9.963
3.0,0.6346853375434875,0.0,1.7056,611.519,9.967
4.0,0.9668229818344116,0.0,1.7031,612.42,9.982
5.0,0.6320177912712097,0.0,1.7013,613.051,9.992
