epoch,loss,accuracy,f1,runtime,samples_per_second,steps_per_second
1.0,0.44332098960876465,0.7720588235294118,0.8526148969889065,0.3322,1228.36,21.075
2.0,0.29957786202430725,0.8774509803921569,0.911660777385159,0.344,1186.091,20.35
3.0,0.3100062310695648,0.8848039215686274,0.9159212880143113,0.3303,1235.329,21.194
4.0,0.29989752173423767,0.8848039215686274,0.9162210338680927,0.3346,1219.201,20.918
5.0,0.30092349648475647,0.8897058823529411,0.9200710479573713,0.3341,1221.219,20.952
