epoch,loss,accuracy,f1,runtime,samples_per_second,steps_per_second
1.0,0.5961067080497742,0.7083333333333334,0.8199697428139183,0.6374,640.095,10.982
2.0,0.42350801825523376,0.7916666666666666,0.8613376835236541,0.6397,637.757,10.942
3.0,0.355538547039032,0.8406862745098039,0.8877374784110535,0.6381,639.394,10.97
4.0,0.3113838732242584,0.8602941176470589,0.8994708994708994,0.6442,633.354,10.866
5.0,0.304931104183197,0.8725490196078431,0.9057971014492754,0.64,637.515,10.938
