epoch,loss,accuracy,runtime,samples_per_second,steps_per_second
1.0,0.1989084780216217,0.9220183486238532,0.4934,1767.155,28.372
2.0,0.2117382138967514,0.9357798165137615,0.4954,1760.333,28.262
3.0,0.2341446429491043,0.9415137614678899,0.4939,1765.645,28.348
4.0,0.2541302442550659,0.9380733944954128,0.5003,1743.006,27.984
5.0,0.285638689994812,0.9403669724770642,0.4948,1762.326,28.294
