epoch,loss,accuracy,runtime,samples_per_second,steps_per_second
1.0,0.910340428352356,0.4729241877256318,0.4452,622.206,11.231
2.0,0.6917393803596497,0.5270758122743683,0.4546,609.271,10.998
3.0,0.703593909740448,0.5270758122743683,0.474,584.415,10.549
4.0,0.7043817639350891,0.4729241877256318,0.4449,622.625,11.239
5.0,0.6926983594894409,0.5270758122743683,0.4501,615.415,11.109
