epoch,loss,accuracy,runtime,samples_per_second,steps_per_second
1.0,1.0394322872161865,0.4729241877256318,0.4628,598.499,10.803
2.0,0.8346278071403503,0.5270758122743683,0.4396,630.104,11.374
3.0,0.742870569229126,0.4729241877256318,0.4379,632.582,11.418
4.0,0.7029927968978882,0.5270758122743683,0.4385,631.669,11.402
5.0,0.6922752857208252,0.5270758122743683,0.4393,630.515,11.381
