epoch,loss,accuracy,runtime,samples_per_second,steps_per_second
1.0,0.27437323331832886,0.8887058392824455,7.7667,703.384,11.073
2.0,0.24898898601531982,0.894746476295076,8.0533,678.356,10.679
3.0,0.23174040019512177,0.9055464030752334,11.5813,471.708,7.426
4.0,0.22640129923820496,0.9082921471718836,11.1249,491.059,7.73
5.0,0.22516581416130066,0.9097565440234303,12.2317,446.628,7.031
