epoch,loss,accuracy,f1,runtime,samples_per_second,steps_per_second
1.0,0.6782047152519226,0.6838235294117647,0.8122270742358079,0.6372,640.279,10.985
2.0,0.8656207919120789,0.6838235294117647,0.8122270742358079,0.6447,632.808,10.857
3.0,0.8877778649330139,0.3161764705882353,0.0,0.6353,642.207,11.018
4.0,0.9374216198921204,0.6838235294117647,0.8122270742358079,0.6474,630.23,10.813
5.0,0.633446216583252,0.6838235294117647,0.8122270742358079,0.6379,639.61,10.974
