epoch,loss,accuracy,runtime,samples_per_second,steps_per_second
1.0,0.19786337018013,0.9254587155963303,0.4896,1780.906,28.593
2.0,0.20381715893745422,0.9438073394495413,0.4878,1787.766,28.703
3.0,0.20348308980464935,0.9369266055045872,0.4867,1791.684,28.766
4.0,0.2118367850780487,0.9380733944954128,0.4897,1780.59,28.587
5.0,0.23111885786056519,0.9357798165137615,0.4937,1766.321,28.358
