epoch,loss,matthews_correlation,runtime,samples_per_second,steps_per_second
1.0,0.848495602607727,0.0,1.6437,634.555,10.343
2.0,0.6355652213096619,0.0,1.6474,633.108,10.319
3.0,0.7815214991569519,0.0,1.6445,634.227,10.337
4.0,0.6880604028701782,0.0,1.6429,634.859,10.348
5.0,0.6201598048210144,0.0,1.6482,632.82,10.314
