epoch,loss,matthews_correlation,runtime,samples_per_second,steps_per_second
1.0,0.8372851610183716,0.0,0.5783,1803.573,29.397
2.0,0.6181460618972778,0.0,0.5841,1785.515,29.102
3.0,0.6565858721733093,0.0,0.5766,1808.995,29.485
4.0,0.677033543586731,0.0,0.5763,1809.972,29.501
5.0,0.6262027025222778,0.0,0.5772,1807.068,29.454
