epoch,loss,accuracy,f1,runtime,samples_per_second,steps_per_second
1.0,0.3769472539424896,0.8088235294117647,0.8725490196078431,0.6498,627.887,10.773
2.0,0.42721617221832275,0.875,0.9142857142857143,0.6527,625.102,10.725
3.0,0.25747212767601013,0.8921568627450981,0.9188191881918819,0.6498,627.87,10.772
4.0,0.3468533754348755,0.8872549019607843,0.9181494661921709,0.6664,612.238,10.504
5.0,0.41457149386405945,0.8897058823529411,0.9200710479573713,0.6494,628.228,10.778
