epoch,loss,accuracy,runtime,samples_per_second,steps_per_second
1.0,0.6436771750450134,0.6787003610108303,0.9776,283.338,5.114
2.0,0.4685351550579071,0.7906137184115524,0.9776,283.333,5.114
3.0,0.46852079033851624,0.8086642599277978,0.9932,278.893,5.034
4.0,0.5114278197288513,0.8339350180505415,0.9723,284.898,5.143
5.0,0.5766539573669434,0.8447653429602888,0.9701,285.529,5.154
