epoch,loss,accuracy,runtime,samples_per_second,steps_per_second
1.0,0.7500537633895874,0.4908256880733945,0.6934,1257.599,20.191
2.0,0.6957851052284241,0.5091743119266054,0.6936,1257.156,20.184
