epoch,loss,accuracy,f1,runtime,samples_per_second,steps_per_second
1.0,0.630528450012207,0.6838235294117647,0.8122270742358079,4.0086,101.781,1.746
2.0,0.6291922926902771,0.6838235294117647,0.8122270742358079,4.0663,100.336,1.721
3.0,0.623906135559082,0.6838235294117647,0.8122270742358079,4.0978,99.565,1.708
4.0,0.6242567896842957,0.6838235294117647,0.8122270742358079,4.0837,99.91,1.714
5.0,0.6239773631095886,0.6838235294117647,0.8122270742358079,4.2591,95.795,1.644
