epoch,loss,accuracy,runtime,samples_per_second,steps_per_second
1.0,0.6946003437042236,0.5270758122743683,0.1773,1562.423,28.203
2.0,0.7094461917877197,0.4729241877256318,0.1769,1565.534,28.259
3.0,0.6917111277580261,0.5270758122743683,0.1775,1560.287,28.164
4.0,0.6971122622489929,0.4729241877256318,0.179,1547.089,27.926
5.0,0.6941526532173157,0.4729241877256318,0.1886,1468.586,26.509
