epoch,loss,matthews_correlation,runtime,samples_per_second,steps_per_second
1.0,0.4660376310348511,0.5311686988596115,1.6452,633.958,10.333
2.0,0.3882419168949127,0.5879080730738089,1.6539,630.619,10.279
3.0,0.3645251989364624,0.6506644630001874,1.6477,632.989,10.317
4.0,0.45123860239982605,0.6109706731207158,1.6453,633.942,10.333
5.0,0.40683260560035706,0.6528925652095409,1.6612,627.864,10.234
