epoch,loss,matthews_correlation,runtime,samples_per_second,steps_per_second
1.0,0.623573362827301,0.0,5.8736,177.574,0.511
2.0,0.5170274972915649,0.5370037450559281,4.6648,223.589,0.643
3.0,0.44435039162635803,0.5635758105599825,5.3469,195.068,0.561
4.0,0.43839290738105774,0.5733495702281163,5.4098,192.798,0.555
5.0,0.4430334270000458,0.5905946226995304,5.4245,192.277,0.553
