epoch,loss,accuracy,runtime,samples_per_second,steps_per_second
1.0,0.6962080001831055,0.4729241877256318,0.1624,1705.973,30.794
2.0,0.6922858357429504,0.5379061371841155,0.1618,1711.656,30.896
3.0,0.6895624399185181,0.5342960288808665,0.1928,1436.372,25.927
4.0,0.6902516484260559,0.5523465703971119,0.1616,1713.701,30.933
5.0,0.6897792220115662,0.5667870036101083,0.1599,1732.152,31.266
