epoch,loss,accuracy,runtime,samples_per_second,steps_per_second
1.0,0.6442483067512512,0.631768953068592,0.4443,623.496,11.254
2.0,0.44946107268333435,0.8267148014440433,0.4412,627.873,11.333
3.0,0.48369869589805603,0.8447653429602888,0.4522,612.558,11.057
4.0,0.6112703680992126,0.8447653429602888,0.4474,619.151,11.176
5.0,0.7317557334899902,0.8375451263537906,0.4418,626.985,11.317
