epoch,loss,accuracy,f1,runtime,samples_per_second,steps_per_second
1.0,0.5590322017669678,0.6985294117647058,0.8172362555720654,1.9266,211.771,3.633
2.0,0.39748015999794006,0.8602941176470589,0.9035532994923858,1.9201,212.492,3.646
3.0,0.3019120395183563,0.8823529411764706,0.9111111111111111,1.9071,213.942,3.671
4.0,0.31367984414100647,0.8553921568627451,0.8987993138936535,1.778,229.477,3.937
5.0,0.30544936656951904,0.8897058823529411,0.918918918918919,1.8074,225.739,3.873
