epoch,loss,accuracy,f1,runtime,samples_per_second,steps_per_second
1.0,0.6145683526992798,0.6838235294117647,0.8122270742358079,1.7085,238.805,4.097
2.0,0.48366913199424744,0.7524509803921569,0.8399366085578447,1.6443,248.126,4.257
3.0,0.4040650725364685,0.8357843137254902,0.874766355140187,1.6633,245.298,4.209
4.0,0.3040437400341034,0.8602941176470589,0.8980322003577818,1.6357,249.43,4.279
5.0,0.2906407415866852,0.8602941176470589,0.8983957219251337,1.8646,218.814,3.754
