epoch,loss,matthews_correlation,runtime,samples_per_second,steps_per_second
1.0,0.623586893081665,0.0,1.6779,621.605,10.132
2.0,0.6216098666191101,0.0,1.6813,620.343,10.111
3.0,0.6188768148422241,0.0,1.6781,621.534,10.13
4.0,0.6236470341682434,0.0,1.681,620.458,10.113
5.0,0.6188735365867615,0.0,1.6759,622.341,10.144
