epoch,loss,accuracy,f1,runtime,samples_per_second,steps_per_second
1.0,0.6355303525924683,0.6838235294117647,0.8122270742358079,0.7105,574.215,9.852
2.0,0.6288775205612183,0.6838235294117647,0.8122270742358079,0.7102,574.489,9.856
3.0,0.63507080078125,0.6838235294117647,0.8122270742358079,0.726,562.019,9.642
4.0,0.6242053508758545,0.6838235294117647,0.8122270742358079,0.7101,574.54,9.857
5.0,0.6245314478874207,0.6838235294117647,0.8122270742358079,0.7149,570.744,9.792
