epoch,loss,accuracy,f1,runtime,samples_per_second,steps_per_second
1.0,0.530875563621521,0.6985294117647058,0.8188512518409425,0.2626,1553.693,26.656
2.0,0.35301366448402405,0.8602941176470589,0.8998242530755711,0.2645,1542.331,26.462
3.0,0.30929794907569885,0.8725490196078431,0.9074733096085409,0.2613,1561.369,26.788
4.0,0.30151161551475525,0.8848039215686274,0.9150090415913201,0.2642,1544.424,26.497
5.0,0.2969403862953186,0.8823529411764706,0.9136690647482014,0.2647,1541.512,26.448
