epoch,loss,accuracy,runtime,samples_per_second,steps_per_second
1.0,0.695282518863678,0.4729241877256318,0.1686,1642.978,29.657
2.0,0.6991922855377197,0.4729241877256318,0.1683,1646.303,29.717
3.0,0.6920055747032166,0.5270758122743683,0.1664,1664.43,30.044
4.0,0.7004931569099426,0.4729241877256318,0.1675,1653.47,29.846
5.0,0.6938546895980835,0.4729241877256318,0.181,1530.669,27.629
