epoch,loss,accuracy,runtime,samples_per_second,steps_per_second
1.0,0.6930068135261536,0.5234657039711191,0.1714,1615.781,29.166
2.0,0.6908069252967834,0.6028880866425993,0.1719,1611.058,29.08
3.0,0.6830084919929504,0.5884476534296029,0.1739,1593.111,28.757
4.0,0.6267406940460205,0.6787003610108303,0.1719,1611.478,29.088
5.0,0.6146098971366882,0.6714801444043321,0.1721,1609.281,29.048
