epoch,loss,matthews_correlation,runtime,samples_per_second,steps_per_second
1.0,0.4416784346103668,0.5002057401338981,0.5876,1775.114,28.933
2.0,0.3677048087120056,0.6248005169199495,0.5868,1777.31,28.969
3.0,0.4652272164821625,0.6009835084035468,0.5867,1777.678,28.975
4.0,0.5846230983734131,0.6109706731207158,0.5884,1772.496,28.89
5.0,0.5930063128471375,0.6106810410474487,0.5921,1761.655,28.713
