epoch,loss,matthews_correlation,runtime,samples_per_second,steps_per_second
1.0,0.6210298538208008,0.0,0.5977,1745.049,28.443
2.0,0.6243874430656433,0.0,0.6032,1729.004,28.181
3.0,0.6180903315544128,0.0,0.6315,1651.749,26.922
4.0,0.6205137372016907,0.0,0.6005,1736.942,28.311
5.0,0.6185867786407471,0.0,0.6003,1737.398,28.318
