epoch,loss,accuracy,runtime,samples_per_second,steps_per_second
1.0,0.19844166934490204,0.926605504587156,0.4885,1784.952,28.657
2.0,0.217528834939003,0.926605504587156,0.4865,1792.564,28.78
3.0,0.19266857206821442,0.9415137614678899,0.5213,1672.661,26.855
4.0,0.20833870768547058,0.9415137614678899,0.5824,1497.294,24.039
5.0,0.2139374315738678,0.9357798165137615,0.4895,1781.517,28.602
