epoch,loss,matthews_correlation,runtime,samples_per_second,steps_per_second
1.0,0.6112610101699829,0.0,20.5016,50.874,0.146
2.0,0.6082708239555359,0.0,13.9529,74.752,0.215
3.0,0.5189968347549438,0.3785438722225846,12.7011,82.119,0.236
4.0,0.5382964611053467,0.5216885723420658,5.6839,183.502,0.528
5.0,0.5125102996826172,0.5337999966053822,5.8477,178.36,0.513
