epoch,loss,matthews_correlation,runtime,samples_per_second,steps_per_second
1.0,0.6884945631027222,0.0,1.8403,566.747,9.237
2.0,1.5936198234558105,0.0,1.8227,572.222,9.327
3.0,0.6272497177124023,0.0,1.8199,573.118,9.341
4.0,0.6694827675819397,0.0,1.8415,566.377,9.231
5.0,0.6200745701789856,0.0,1.8224,572.317,9.328
