epoch,loss,matthews_correlation,runtime,samples_per_second,steps_per_second
1.0,0.45041945576667786,0.49007739162498226,0.5844,1784.876,29.092
2.0,0.49000075459480286,0.49007739162498226,0.5823,1791.32,29.197
3.0,0.4614207446575165,0.5173697907075204,0.6129,1701.758,27.737
4.0,0.4833284020423889,0.536662198889055,0.6189,1685.217,27.468
5.0,0.459773987531662,0.5463170422325025,0.5828,1789.514,29.168
