epoch,loss,accuracy,f1,runtime,samples_per_second,steps_per_second
1.0,0.7425153851509094,0.6838235294117647,0.8122270742358079,0.2369,1721.982,29.544
2.0,0.6835593581199646,0.6838235294117647,0.8122270742358079,0.2327,1753.522,30.085
3.0,1.1148720979690552,0.3161764705882353,0.0,0.2317,1760.925,30.212
4.0,0.6646971106529236,0.6838235294117647,0.8122270742358079,0.2348,1737.281,29.806
5.0,0.625248908996582,0.6838235294117647,0.8122270742358079,0.2321,1757.686,30.156
