epoch,loss,accuracy,runtime,samples_per_second,steps_per_second
1.0,0.21120494604110718,0.9288990825688074,1.4541,599.683,9.628
2.0,0.22408655285835266,0.9323394495412844,1.4952,583.2,9.363
3.0,0.20354634523391724,0.9369266055045872,1.4693,593.469,9.528
4.0,0.2101876139640808,0.9415137614678899,0.6,1453.454,23.335
5.0,0.22992709279060364,0.9403669724770642,1.5325,569.019,9.136
