epoch,loss,accuracy,runtime,samples_per_second,steps_per_second
1.0,0.7080183625221252,0.4729241877256318,0.4851,570.971,10.306
2.0,0.45223695039749146,0.7833935018050542,0.4547,609.241,10.997
3.0,0.4173484146595001,0.8267148014440433,0.4548,609.056,10.994
4.0,0.43410003185272217,0.8267148014440433,0.4548,609.049,10.994
5.0,0.4660099148750305,0.8411552346570397,0.4615,600.267,10.835
