epoch,loss,accuracy,f1,runtime,samples_per_second,steps_per_second
1.0,0.4114221930503845,0.8014705882352942,0.867862969004894,0.242,1685.626,28.92
2.0,0.30141884088516235,0.8799019607843137,0.9153713298791019,0.2426,1682.088,28.859
3.0,0.2940148115158081,0.8725490196078431,0.9047619047619048,0.2414,1690.456,29.003
4.0,0.3042844235897064,0.875,0.9097345132743363,0.2446,1668.223,28.621
5.0,0.3361966609954834,0.875,0.9094138543516874,0.2452,1664.17,28.552
