epoch,loss,accuracy,runtime,samples_per_second,steps_per_second
1.0,0.18670772016048431,0.9254587155963303,0.4899,1780.005,28.578
2.0,0.1941612958908081,0.9403669724770642,0.4924,1770.923,28.432
3.0,0.19611376523971558,0.9392201834862385,0.4936,1766.725,28.365
4.0,0.204203262925148,0.9369266055045872,0.5033,1732.496,27.815
5.0,0.22284455597400665,0.9369266055045872,0.4896,1781.221,28.598
