epoch,loss,matthews_correlation,runtime,samples_per_second,steps_per_second
1.0,0.429130494594574,0.6056612573992737,1.6814,620.321,10.111
2.0,0.3694394826889038,0.658981068660566,1.6835,619.537,10.098
3.0,0.3791818916797638,0.640717737606528,1.6836,619.523,10.098
4.0,0.47877416014671326,0.6553451139053764,1.6806,620.608,10.115
5.0,0.488670289516449,0.6602760042741034,1.6827,619.835,10.103
