epoch,loss,accuracy,runtime,samples_per_second,steps_per_second
1.0,0.690986692905426,0.5306859205776173,0.1659,1669.589,30.137
2.0,0.7026851773262024,0.4729241877256318,0.1775,1560.517,28.168
3.0,0.569293737411499,0.7003610108303249,0.167,1658.85,29.943
4.0,0.5219706296920776,0.740072202166065,0.1677,1651.874,29.817
5.0,0.5628816485404968,0.7292418772563177,0.167,1659.101,29.948
