epoch,loss,accuracy,runtime,samples_per_second,steps_per_second
1.0,0.24020794034004211,0.9112209408749771,3.1474,1735.693,27.324
2.0,0.21415561437606812,0.9194581731649277,3.083,1771.965,27.895
3.0,0.18939802050590515,0.9249496613582281,3.0305,1802.687,28.378
4.0,0.19726261496543884,0.9278784550613216,3.0359,1799.474,28.328
5.0,0.20081698894500732,0.9300750503386418,3.0416,1796.089,28.275
