epoch,loss,matthews_correlation,runtime,samples_per_second,steps_per_second
1.0,0.6408655047416687,0.0,1.6279,640.696,10.443
2.0,0.435396671295166,0.5689445008605172,1.6319,639.119,10.417
3.0,0.41519027948379517,0.5753593483598531,1.6366,637.278,10.387
4.0,0.48334693908691406,0.5729828121767637,1.6261,641.405,10.454
5.0,0.45284605026245117,0.5907413763612096,1.6294,640.12,10.433
