epoch,loss,matthews_correlation,runtime,samples_per_second,steps_per_second
1.0,0.5041583776473999,0.4456190824541546,1.6516,631.493,10.293
2.0,0.40445026755332947,0.6287714546565786,1.667,625.671,10.198
3.0,0.37629467248916626,0.6115833985586979,1.6605,628.142,10.238
4.0,0.3993506133556366,0.6487281997343646,1.658,629.059,10.253
5.0,0.3855060338973999,0.6580561588188318,1.6553,630.093,10.27
