epoch,loss,accuracy,f1,runtime,samples_per_second,steps_per_second
1.0,0.6069138646125793,0.696078431372549,0.8171091445427728,0.6622,616.149,10.571
2.0,0.4492476284503937,0.7328431372549019,0.834597875569044,0.6425,635.065,10.896
3.0,0.3201979398727417,0.8676470588235294,0.9084745762711864,0.6385,638.976,10.963
4.0,0.4368537366390228,0.7769607843137255,0.847571189279732,0.6355,641.996,11.015
5.0,0.3531720042228699,0.8823529411764706,0.9148936170212766,0.6384,639.116,10.965
