epoch,loss,accuracy,f1,runtime,samples_per_second,steps_per_second
1.0,0.6016471982002258,0.6936274509803921,0.8120300751879699,1.7766,229.651,3.94
2.0,0.6037723422050476,0.7132352941176471,0.8235294117647058,0.6729,606.32,10.403
3.0,0.40971115231513977,0.8259803921568627,0.8697247706422019,1.7468,233.564,4.007
4.0,0.31635618209838867,0.8602941176470589,0.8972972972972973,1.7242,236.625,4.06
5.0,0.3104709982872009,0.875,0.9119170984455959,1.7457,233.713,4.01
