epoch,loss,accuracy,runtime,samples_per_second,steps_per_second
1.0,0.6917358636856079,0.47653429602888087,0.4955,559.018,10.091
2.0,0.6209007501602173,0.6714801444043321,0.4969,557.418,10.062
3.0,0.5856078863143921,0.6787003610108303,0.3422,809.57,14.613
4.0,0.565032958984375,0.703971119133574,0.536,516.825,9.329
5.0,0.5674230456352234,0.7111913357400722,0.5352,517.526,9.342
