epoch,loss,accuracy,runtime,samples_per_second,steps_per_second
1.0,1.572238802909851,0.5091743119266054,1.3435,649.07,10.421
2.0,0.8753454685211182,0.5091743119266054,1.3525,644.733,10.351
3.0,0.7111793756484985,0.4908256880733945,1.3374,651.994,10.468
4.0,0.8593906760215759,0.4908256880733945,1.3363,652.563,10.477
5.0,0.6992769837379456,0.5091743119266054,1.3463,647.677,10.398
