epoch,loss,accuracy,f1,runtime,samples_per_second,steps_per_second
1.0,0.4136348068714142,0.8014705882352942,0.8629441624365483,0.3012,1354.374,23.237
2.0,0.3552941381931305,0.8700980392156863,0.9055258467023173,0.3212,1270.288,21.794
3.0,0.3151264488697052,0.8774509803921569,0.9077490774907749,0.3082,1323.879,22.714
4.0,0.41880515217781067,0.8700980392156863,0.9075043630017452,0.302,1350.908,23.177
5.0,0.4757411479949951,0.8872549019607843,0.9178571428571428,0.3018,1351.915,23.195
