epoch,loss,accuracy,runtime,samples_per_second,steps_per_second
1.0,0.6940186619758606,0.5270758122743683,0.1662,1666.33,30.078
2.0,0.696821391582489,0.4729241877256318,0.1678,1651.167,29.804
3.0,0.6927952766418457,0.5270758122743683,0.167,1659.146,29.948
4.0,0.7009885311126709,0.4729241877256318,0.1678,1650.885,29.799
5.0,0.6939675807952881,0.4729241877256318,0.1738,1593.738,28.768
