epoch,loss,matthews_correlation,runtime,samples_per_second,steps_per_second
1.0,0.43429034948349,0.508446504598424,0.6072,1717.741,27.998
2.0,0.37293097376823425,0.6003940314357655,0.6016,1733.779,28.259
3.0,0.44819608330726624,0.5803450615832939,0.6048,1724.502,28.108
4.0,0.5191076993942261,0.5683149665802574,0.6283,1659.915,27.055
5.0,0.5178815722465515,0.6007916142827379,0.6376,1635.704,26.661
