epoch,loss,matthews_correlation,runtime,samples_per_second,steps_per_second
1.0,0.8441657423973083,0.0,2.6407,394.975,6.438
2.0,0.6443772315979004,0.0,2.6494,393.676,6.417
3.0,1.4099106788635254,0.0,2.6491,393.724,6.417
4.0,0.8713805079460144,0.0,2.6496,393.651,6.416
5.0,0.6328747868537903,0.0,2.664,391.515,6.381
