epoch,loss,accuracy,runtime,samples_per_second,steps_per_second
1.0,0.20290248095989227,0.9231651376146789,0.6549,1331.571,21.378
2.0,0.21157893538475037,0.9346330275229358,0.6582,1324.922,21.272
3.0,0.21483056247234344,0.9380733944954128,0.6534,1334.637,21.428
4.0,0.21492348611354828,0.944954128440367,0.6553,1330.758,21.365
5.0,0.23747140169143677,0.9415137614678899,0.653,1335.296,21.438
