epoch,loss,accuracy,runtime,samples_per_second,steps_per_second
1.0,0.6939270496368408,0.4693140794223827,0.1718,1611.981,29.097
2.0,0.6876904368400574,0.6028880866425993,0.1722,1608.415,29.033
3.0,0.5957723259925842,0.6931407942238267,0.1736,1595.87,28.806
4.0,0.5636898279190063,0.7075812274368231,0.1836,1509.08,27.24
5.0,0.5690999627113342,0.7111913357400722,0.1721,1609.988,29.061
