epoch,loss,matthews_correlation,runtime,samples_per_second,steps_per_second
1.0,0.6124203205108643,0.0,9.0002,115.886,0.333
2.0,0.5904728174209595,0.0,6.628,157.362,0.453
3.0,0.5538127422332764,0.0,12.9814,80.346,0.231
4.0,0.5267859101295471,0.35716279157209735,13.712,76.065,0.219
5.0,0.5297378897666931,0.4237143548739171,10.2772,101.487,0.292
