epoch,loss,accuracy,runtime,samples_per_second,steps_per_second
1.0,1.281063199043274,0.5270758122743683,0.1646,1683.042,30.38
2.0,0.7218171954154968,0.4729241877256318,0.1661,1667.974,30.108
3.0,0.7082757353782654,0.4729241877256318,0.1642,1687.307,30.457
4.0,0.6983180642127991,0.5270758122743683,0.1648,1680.456,30.333
5.0,0.6917464733123779,0.5270758122743683,0.1646,1683.212,30.383
