epoch,loss,matthews_correlation,runtime,samples_per_second,steps_per_second
1.0,0.6254344582557678,0.0,4.4212,235.909,3.845
2.0,0.6223462820053101,0.0,4.3513,239.701,3.907
3.0,0.617987334728241,0.0,1.717,607.441,9.901
4.0,0.631290078163147,0.0,1.7111,609.563,9.935
5.0,0.6212232112884521,0.0,1.7173,607.358,9.899
