epoch,loss,accuracy,runtime,samples_per_second,steps_per_second
1.0,0.6968830823898315,0.4729241877256318,0.5176,535.125,9.659
2.0,0.6925185322761536,0.5126353790613718,0.4985,555.682,10.03
3.0,0.6581035256385803,0.6245487364620939,0.5404,512.618,9.253
4.0,0.6009041666984558,0.6931407942238267,0.5263,526.338,9.501
5.0,0.5742824077606201,0.7148014440433214,0.5237,528.905,9.547
