epoch,loss,accuracy,f1,runtime,samples_per_second,steps_per_second
1.0,0.6264091730117798,0.6838235294117647,0.8122270742358079,0.3599,1133.72,19.451
2.0,0.6362777352333069,0.6838235294117647,0.8122270742358079,0.3502,1164.946,19.987
3.0,0.6240156292915344,0.6838235294117647,0.8122270742358079,0.3632,1123.285,19.272
4.0,0.6269076466560364,0.6838235294117647,0.8122270742358079,0.3563,1144.968,19.644
5.0,0.6258754134178162,0.6838235294117647,0.8122270742358079,0.3612,1129.724,19.383
