epoch,loss,matthews_correlation,runtime,samples_per_second,steps_per_second
1.0,0.442927747964859,0.5113261407690263,0.6103,1709.113,27.857
2.0,0.3888377249240875,0.5760314221551399,0.5966,1748.211,28.494
3.0,0.48422443866729736,0.5905209134554644,0.6231,1673.768,27.281
4.0,0.5414720773696899,0.581055666295123,0.6088,1713.081,27.922
5.0,0.5187031626701355,0.5984526331231564,0.6266,1664.632,27.132
