epoch,loss,matthews_correlation,runtime,samples_per_second,steps_per_second
1.0,0.5156577825546265,0.5497032501894998,1.8665,558.794,9.108
2.0,0.3766941726207733,0.6039307167689609,3.1811,327.874,5.344
3.0,0.4091452658176422,0.6333205721749096,1.8497,563.867,9.191
4.0,0.45481452345848083,0.6313877474789971,1.8471,564.665,9.204
5.0,0.4462577998638153,0.6405601442104573,1.8507,563.563,9.186
