epoch,loss,accuracy,runtime,samples_per_second,steps_per_second
1.0,0.6896399855613708,0.5270758122743683,0.4971,557.241,10.059
2.0,0.6923792958259583,0.48014440433212996,0.4852,570.843,10.304
3.0,0.5050431489944458,0.7689530685920578,0.4835,572.864,10.34
4.0,0.4231788218021393,0.8086642599277978,0.4808,576.176,10.4
5.0,0.49548307061195374,0.8339350180505415,0.4847,571.523,10.316
