epoch,loss,accuracy,runtime,samples_per_second,steps_per_second
1.0,0.22171714901924133,0.9323394495412844,0.2541,3431.786,55.097
2.0,0.2020113468170166,0.9472477064220184,0.2582,3377.025,54.218
3.0,0.21816793084144592,0.9392201834862385,0.2584,3375.261,54.19
4.0,0.24333272874355316,0.9403669724770642,0.2583,3375.482,54.194
5.0,0.25297555327415466,0.9380733944954128,0.2611,3340.326,53.629
