epoch,loss,accuracy,runtime,samples_per_second,steps_per_second
1.0,0.6947131752967834,0.4729241877256318,0.4397,630.022,11.372
2.0,0.7024903893470764,0.4729241877256318,0.4408,628.333,11.342
3.0,0.698705792427063,0.5270758122743683,0.4413,627.688,11.33
4.0,0.6951220631599426,0.4729241877256318,0.4425,626.024,11.3
5.0,0.6935303807258606,0.4729241877256318,0.4436,624.395,11.271
