epoch,loss,accuracy,runtime,samples_per_second,steps_per_second
1.0,0.6938705444335938,0.4729241877256318,1.0739,257.948,4.656
2.0,0.6979742646217346,0.4729241877256318,1.1113,249.268,4.499
3.0,0.6929927468299866,0.5270758122743683,0.8136,340.469,6.146
4.0,0.6936044096946716,0.4729241877256318,1.0415,265.975,4.801
5.0,0.6935779452323914,0.4729241877256318,1.0946,253.06,4.568
