epoch,loss,accuracy,f1,runtime,samples_per_second,steps_per_second
1.0,0.7200915813446045,0.3161764705882353,0.0,0.6555,622.406,10.679
2.0,0.7121079564094543,0.3161764705882353,0.0,0.65,627.687,10.769
3.0,0.6240521669387817,0.6838235294117647,0.8122270742358079,0.6536,624.231,10.71
4.0,0.6251866817474365,0.6838235294117647,0.8122270742358079,0.6481,629.52,10.801
5.0,0.626739501953125,0.6838235294117647,0.8122270742358079,0.6456,631.993,10.843
