epoch,loss,accuracy,runtime,samples_per_second,steps_per_second
1.0,0.7127664089202881,0.4729241877256318,0.541,512.016,9.242
2.0,0.48943668603897095,0.7833935018050542,0.5408,512.185,9.245
3.0,0.43389061093330383,0.8194945848375451,0.5423,510.753,9.219
4.0,0.44563981890678406,0.8303249097472925,0.5471,506.334,9.14
5.0,0.48057466745376587,0.8339350180505415,0.5421,510.98,9.223
