epoch,loss,accuracy,runtime,samples_per_second,steps_per_second
1.0,0.6995483636856079,0.4729241877256318,0.6668,415.398,7.498
2.0,0.7041050791740417,0.4729241877256318,0.6758,409.868,7.398
3.0,0.6988221406936646,0.5270758122743683,0.6781,408.517,7.374
4.0,0.6944434642791748,0.4729241877256318,0.6814,406.531,7.338
5.0,0.6935762166976929,0.4729241877256318,0.6855,404.108,7.294
