epoch,loss,matthews_correlation,runtime,samples_per_second,steps_per_second
1.0,0.4385431110858917,0.5075293017278419,0.5807,1796.198,29.276
2.0,0.42589133977890015,0.579217851804551,0.5926,1760.103,28.688
3.0,0.43389150500297546,0.626776383649667,0.6033,1728.773,28.178
4.0,0.56524258852005,0.6162124377288422,0.5938,1756.373,28.627
5.0,0.5789415836334229,0.6161067903576496,0.5882,1773.334,28.904
