epoch,loss,matthews_correlation,runtime,samples_per_second,steps_per_second
1.0,0.5345861315727234,0.36395023953613853,0.2997,3479.964,56.72
2.0,0.4721037745475769,0.5542780150876452,0.3284,3176.4,51.773
3.0,0.5288413763046265,0.5073042789739086,0.3113,3350.319,54.607
4.0,0.7429272532463074,0.5275491923067824,0.295,3536.018,57.634
5.0,0.8526880145072937,0.5502476813761963,0.2926,3564.754,58.102
