epoch,loss,accuracy,f1,runtime,samples_per_second,steps_per_second
1.0,0.6191940307617188,0.6838235294117647,0.8122270742358079,9.9666,40.937,0.1
2.0,0.6092523336410522,0.6838235294117647,0.8122270742358079,8.8398,46.155,0.113
3.0,0.5966004729270935,0.7058823529411765,0.8208955223880597,9.8503,41.42,0.102
4.0,0.5797252058982849,0.7132352941176471,0.8245877061469266,9.8477,41.431,0.102
5.0,0.5753808617591858,0.7083333333333334,0.8221225710014948,9.7693,41.763,0.102
