epoch,loss,accuracy,runtime,samples_per_second,steps_per_second
1.0,0.25917163491249084,0.8903532857404357,3.0153,1811.738,28.521
2.0,0.2741740047931671,0.90426505583013,3.037,1798.843,28.318
3.0,0.2247820496559143,0.9165293794618341,3.0127,1813.312,28.546
4.0,0.22428150475025177,0.9167124290682775,3.0515,1790.259,28.183
5.0,0.23594853281974792,0.9222039172615779,3.0774,1775.196,27.946
