epoch,loss,accuracy,runtime,samples_per_second,steps_per_second
1.0,0.18541570007801056,0.9369266055045872,0.6602,1320.78,21.205
2.0,0.21599255502223969,0.9392201834862385,0.6584,1324.325,21.262
3.0,0.2220933735370636,0.9369266055045872,0.6545,1332.36,21.391
4.0,0.22119787335395813,0.9403669724770642,0.6541,1333.196,21.405
5.0,0.2556760013103485,0.9380733944954128,0.6536,1334.088,21.419
