epoch,loss,accuracy,runtime,samples_per_second,steps_per_second
1.0,0.7478741407394409,0.4729241877256318,0.4418,627.036,11.318
2.0,0.6749254465103149,0.5379061371841155,0.4401,629.336,11.36
3.0,0.4543820917606354,0.7833935018050542,0.4424,626.145,11.302
4.0,0.43002650141716003,0.8122743682310469,0.4493,616.543,11.129
5.0,0.4538671672344208,0.8231046931407943,0.4452,622.128,11.23
