epoch,loss,accuracy,runtime,samples_per_second,steps_per_second
1.0,0.986646294593811,0.4729241877256318,0.166,1668.216,30.112
2.0,0.7572836875915527,0.4729241877256318,0.1674,1654.44,29.864
3.0,0.7484285235404968,0.4729241877256318,0.166,1668.364,30.115
4.0,0.721484899520874,0.5270758122743683,0.1705,1624.958,29.331
5.0,0.6919791102409363,0.5270758122743683,0.17,1629.358,29.411
