epoch,loss,accuracy,f1,runtime,samples_per_second,steps_per_second
1.0,0.6139311194419861,0.6838235294117647,0.8122270742358079,1.7196,237.258,4.071
2.0,0.5297977924346924,0.7352941176470589,0.8322981366459627,1.7366,234.939,4.031
3.0,0.4450504779815674,0.7916666666666666,0.8405253283302064,0.6967,585.6,10.047
4.0,0.31868425011634827,0.8602941176470589,0.8998242530755711,1.8612,219.213,3.761
5.0,0.312743216753006,0.8700980392156863,0.9058614564831261,1.8282,223.166,3.829
