epoch,loss,accuracy,runtime,samples_per_second,steps_per_second
1.0,0.6960881352424622,0.4729241877256318,0.1782,1554.15,28.053
2.0,0.6916424632072449,0.5487364620938628,0.1668,1660.621,29.975
3.0,0.6513900756835938,0.6462093862815884,0.1768,1566.816,28.282
4.0,0.5773685574531555,0.6967509025270758,0.1682,1646.917,29.728
5.0,0.5742518901824951,0.6931407942238267,0.1689,1640.227,29.607
