epoch,loss,accuracy,f1,runtime,samples_per_second,steps_per_second
1.0,0.4299512505531311,0.7843137254901961,0.8543046357615894,0.2643,1543.615,26.484
2.0,0.32502272725105286,0.8651960784313726,0.9053356282271945,0.2623,1555.39,26.686
3.0,0.3510873317718506,0.8529411764705882,0.8850574712643678,0.2626,1553.76,26.658
4.0,0.3400800824165344,0.875,0.9087656529516994,0.291,1402.23,24.058
5.0,0.37036553025245667,0.8897058823529411,0.9197860962566845,0.2668,1529.412,26.24
