epoch,loss,accuracy,runtime,samples_per_second,steps_per_second
1.0,0.20689435303211212,0.9403669724770642,1.6824,518.32,8.322
2.0,0.14257436990737915,0.9575688073394495,1.6832,518.055,8.317
3.0,0.1377706080675125,0.9587155963302753,1.6819,518.469,8.324
4.0,0.11940251290798187,0.9598623853211009,1.6742,520.857,8.362
5.0,0.14749789237976074,0.9587155963302753,1.6517,527.947,8.476
