epoch,loss,accuracy,runtime,samples_per_second,steps_per_second
1.0,0.6919306516647339,0.5306859205776173,12.6436,21.908,0.079
2.0,0.6914792060852051,0.5270758122743683,13.1073,21.133,0.076
3.0,0.6934792995452881,0.4729241877256318,13.1061,21.135,0.076
4.0,0.6929334402084351,0.5270758122743683,11.6914,23.693,0.086
5.0,0.6934389472007751,0.4729241877256318,3.3123,83.627,0.302
