epoch,loss,accuracy,runtime,samples_per_second,steps_per_second
1.0,0.9989194273948669,0.4729241877256318,0.1684,1644.695,29.688
2.0,0.7380115389823914,0.5270758122743683,0.1689,1639.602,29.596
3.0,0.839638352394104,0.4729241877256318,0.1676,1652.325,29.825
4.0,0.6979442834854126,0.4729241877256318,0.1675,1653.712,29.85
5.0,0.6922382712364197,0.5270758122743683,0.1705,1624.769,29.328
