epoch,loss,accuracy,runtime,samples_per_second,steps_per_second
1.0,0.6908774971961975,0.5234657039711191,0.0846,3272.683,59.074
2.0,0.6339195370674133,0.6787003610108303,0.0834,3322.682,59.976
3.0,0.6258360743522644,0.6750902527075813,0.086,3221.807,58.155
4.0,0.574611485004425,0.7220216606498195,0.0834,3322.302,59.969
5.0,0.6018908023834229,0.7148014440433214,0.0849,3261.264,58.868
