epoch,loss,matthews_correlation,runtime,samples_per_second,steps_per_second
1.0,0.6299418210983276,0.0,2.6371,395.515,6.447
2.0,0.6307257413864136,0.0,2.6382,395.353,6.444
3.0,0.6203449368476868,0.0,2.6345,395.907,6.453
4.0,0.6303399801254272,0.0,2.6275,396.962,6.47
5.0,0.6192632913589478,0.0,2.6269,397.044,6.471
