epoch,loss,accuracy,runtime,samples_per_second,steps_per_second
1.0,0.1563679724931717,0.9506880733944955,1.4107,618.142,9.924
2.0,0.1543668657541275,0.9587155963302753,1.3986,623.471,10.01
3.0,0.15720048546791077,0.9552752293577982,1.3934,625.819,10.048
4.0,0.14406710863113403,0.9587155963302753,1.4011,622.386,9.992
5.0,0.15536464750766754,0.9621559633027523,1.4003,622.711,9.998
