epoch,loss,matthews_correlation,runtime,samples_per_second,steps_per_second
1.0,0.5117772817611694,0.44981213983430696,0.6494,1606.074,26.178
2.0,0.43165653944015503,0.5412891212523195,0.6531,1596.992,26.03
3.0,0.450864315032959,0.576660981486724,0.6519,1600.013,26.079
4.0,0.5059179663658142,0.5701176712316939,0.6785,1537.238,25.056
5.0,0.47853001952171326,0.5915941303407497,0.6486,1608.111,26.211
