epoch,loss,matthews_correlation,runtime,samples_per_second,steps_per_second
1.0,0.48697352409362793,0.20538690631617976,0.6115,1705.649,27.801
2.0,0.5372292399406433,0.4411215655571869,0.607,1718.385,28.008
3.0,0.49671778082847595,0.5035363418469242,0.6043,1725.962,28.132
4.0,0.5071459412574768,0.5002120583081916,0.6107,1707.872,27.837
5.0,0.4884517192840576,0.5117946747628033,0.6276,1661.995,27.089
