epoch,loss,accuracy,runtime,samples_per_second,steps_per_second
1.0,0.39599165320396423,0.8458481915435557,5.4194,1811.09,28.416
2.0,0.35209742188453674,0.866632705043301,5.3853,1822.558,28.596
3.0,0.3577312231063843,0.8644931227712684,5.4209,1810.584,28.409
4.0,0.34080901741981506,0.8709118695873663,5.3883,1821.535,28.58
5.0,0.3473096489906311,0.8714212939378503,5.3778,1825.108,28.636
