epoch,loss,accuracy,runtime,samples_per_second,steps_per_second
1.0,0.7013745903968811,0.4729241877256318,1.1193,247.475,4.467
2.0,0.7034070491790771,0.4729241877256318,1.1041,250.889,4.529
3.0,0.6920760869979858,0.5270758122743683,1.0997,251.894,4.547
4.0,0.6941455602645874,0.4729241877256318,1.1331,244.466,4.413
5.0,0.6937383413314819,0.4729241877256318,0.5569,497.376,8.978
