epoch,loss,matthews_correlation,runtime,samples_per_second,steps_per_second
1.0,0.6394617557525635,0.0,2.5433,410.096,6.684
2.0,0.619722306728363,0.0,2.5459,409.678,6.677
3.0,0.6207407712936401,0.0,2.5505,408.946,6.665
4.0,0.6292253136634827,0.0,2.5537,408.429,6.657
5.0,0.6195982694625854,0.0,2.5513,408.815,6.663
