epoch,loss,accuracy,f1,runtime,samples_per_second,steps_per_second
1.0,0.6105789542198181,0.6838235294117647,0.8122270742358079,0.2416,1688.915,28.976
2.0,0.5240156650543213,0.6838235294117647,0.8122270742358079,0.244,1672.334,28.692
3.0,0.48887088894844055,0.7671568627450981,0.8499210110584519,0.2434,1676.532,28.764
4.0,0.44511696696281433,0.7867647058823529,0.8547579298831386,0.2427,1680.99,28.841
5.0,0.45694440603256226,0.7892156862745098,0.8585526315789473,0.2425,1682.383,28.864
