epoch,loss,accuracy,runtime,samples_per_second,steps_per_second
1.0,0.32084012031555176,0.8922018348623854,0.5015,1738.877,27.918
2.0,0.4378347098827362,0.8635321100917431,0.5075,1718.209,27.586
3.0,0.6948482990264893,0.5091743119266054,0.503,1733.63,27.834
4.0,0.6960157752037048,0.5091743119266054,0.4959,1758.413,28.231
5.0,0.7030981183052063,0.5091743119266054,0.494,1765.356,28.343
