epoch,loss,accuracy,runtime,samples_per_second,steps_per_second
1.0,0.6917094588279724,0.5270758122743683,0.1694,1634.914,29.511
2.0,0.7104950547218323,0.4729241877256318,0.1679,1650.271,29.788
3.0,0.691820502281189,0.5270758122743683,0.167,1658.957,29.945
4.0,0.6988556385040283,0.4729241877256318,0.167,1658.457,29.936
5.0,0.6936572790145874,0.4729241877256318,0.1687,1642.214,29.643
