epoch,loss,accuracy,runtime,samples_per_second,steps_per_second
1.0,0.6923951506614685,0.5451263537906137,0.0848,3265.077,58.936
2.0,0.6524794697761536,0.6353790613718412,0.0862,3213.973,58.014
3.0,0.7029064893722534,0.5270758122743683,0.085,3257.324,58.796
4.0,0.6573935747146606,0.5884476534296029,0.0843,3284.86,59.294
5.0,0.6844308376312256,0.6534296028880866,0.0838,3305.007,59.657
