epoch,loss,accuracy,runtime,samples_per_second,steps_per_second
1.0,0.6959172487258911,0.4908256880733945,0.6288,1386.857,22.266
2.0,0.6942799687385559,0.5091743119266054,0.6262,1392.466,22.356
3.0,0.694737434387207,0.4908256880733945,0.6269,1390.911,22.331
4.0,0.6952094435691833,0.5091743119266054,0.6279,1388.803,22.297
5.0,0.6969918012619019,0.5091743119266054,0.6137,1420.98,22.814
