epoch,loss,accuracy,f1,runtime,samples_per_second,steps_per_second
1.0,0.5431512594223022,0.6838235294117647,0.8122270742358079,0.2466,1654.195,28.381
2.0,0.3715677559375763,0.8333333333333334,0.8827586206896552,0.2466,1654.292,28.382
3.0,0.3251562714576721,0.8651960784313726,0.9005424954792043,0.2455,1661.585,28.508
4.0,0.31971848011016846,0.8676470588235294,0.9049295774647887,0.2487,1640.634,28.148
5.0,0.3148636817932129,0.8725490196078431,0.9074733096085409,0.2479,1645.885,28.238
