epoch,loss,accuracy,runtime,samples_per_second,steps_per_second
1.0,0.738767683506012,0.4946000366099213,3.081,1773.127,27.913
2.0,0.9495556354522705,0.5053999633900788,3.0909,1767.436,27.823
3.0,0.8382708430290222,0.5053999633900788,2.9706,1839.05,28.951
4.0,0.6954253911972046,0.4946000366099213,2.9983,1822.049,28.683
5.0,0.69344162940979,0.5053999633900788,2.971,1838.765,28.946
