epoch,loss,accuracy,runtime,samples_per_second,steps_per_second
1.0,0.6931126117706299,0.5234657039711191,0.5338,518.941,9.367
2.0,0.7040240168571472,0.4729241877256318,0.5329,519.805,9.383
3.0,0.6974365711212158,0.5270758122743683,0.548,505.516,9.125
4.0,0.6940732598304749,0.4729241877256318,0.5336,519.092,9.37
5.0,0.6940433382987976,0.4729241877256318,0.535,517.773,9.346
