epoch,loss,accuracy,runtime,samples_per_second,steps_per_second
1.0,0.6931126117706299,0.5234657039711191,0.5388,514.101,9.28
2.0,0.7040240168571472,0.4729241877256318,0.5368,516.054,9.315
3.0,0.6974365711212158,0.5270758122743683,0.536,516.785,9.328
4.0,0.6940732598304749,0.4729241877256318,0.5371,515.711,9.309
5.0,0.6940433382987976,0.4729241877256318,0.5368,515.98,9.314
