epoch,loss,accuracy,runtime,samples_per_second,steps_per_second
1.0,0.6989508271217346,0.47653429602888087,0.2235,1239.479,22.373
2.0,0.5450695753097534,0.740072202166065,0.2315,1196.702,21.601
3.0,0.4207017719745636,0.8050541516245487,0.2358,1174.666,21.203
4.0,0.4134385883808136,0.8339350180505415,0.226,1225.847,22.127
5.0,0.5152095556259155,0.8194945848375451,0.2385,1161.564,20.967
