epoch,loss,matthews_correlation,runtime,samples_per_second,steps_per_second
1.0,0.619575560092926,0.0,0.7139,1461.042,23.814
2.0,0.6211990714073181,0.0,0.7231,1442.445,23.511
3.0,0.6184442639350891,0.0,0.7109,1467.172,23.914
4.0,0.6215078234672546,0.0,0.7081,1473.015,24.009
5.0,0.6196630597114563,0.0,0.7422,1405.362,22.906
