epoch,loss,accuracy,runtime,samples_per_second,steps_per_second
1.0,0.1914464682340622,0.9254587155963303,0.4866,1791.898,28.769
2.0,0.21935681998729706,0.9277522935779816,0.4844,1800.151,28.902
3.0,0.19999751448631287,0.9403669724770642,0.4857,1795.258,28.823
4.0,0.2127840518951416,0.9380733944954128,0.4847,1799.066,28.884
5.0,0.2215830534696579,0.9426605504587156,0.4852,1797.226,28.855
