epoch,loss,matthews_correlation,runtime,samples_per_second,steps_per_second
1.0,0.6194226741790771,0.0,1.785,584.325,9.524
2.0,0.6199109554290771,0.0,1.7945,581.222,9.473
3.0,0.6186228394508362,0.0,1.7903,582.579,9.496
4.0,0.6262115836143494,0.0,1.7924,581.897,9.484
5.0,0.6189278364181519,0.0,1.79,582.697,9.497
