epoch,loss,accuracy,runtime,samples_per_second,steps_per_second
1.0,0.7757291197776794,0.5270758122743683,0.4421,626.588,11.31
2.0,0.5817214846611023,0.7653429602888087,0.4436,624.426,11.271
3.0,0.45220479369163513,0.8447653429602888,0.4448,622.733,11.241
4.0,0.46912074089050293,0.8447653429602888,0.4443,623.483,11.254
5.0,0.6673678755760193,0.8411552346570397,0.447,619.643,11.185
