epoch,loss,accuracy,runtime,samples_per_second,steps_per_second
1.0,0.13537004590034485,0.9529816513761468,1.488,586.037,9.409
2.0,0.1750740259885788,0.9541284403669725,1.4877,586.137,9.41
3.0,0.15216398239135742,0.9518348623853211,1.4798,589.285,9.461
4.0,0.1587374061346054,0.9564220183486238,1.482,588.38,9.446
5.0,0.16470956802368164,0.9587155963302753,1.4859,586.832,9.422
