epoch,loss,matthews_correlation,runtime,samples_per_second,steps_per_second
1.0,0.47592592239379883,0.49383134457499944,0.5899,1768.182,28.82
2.0,0.3761615753173828,0.6003707352815814,0.5941,1755.449,28.612
3.0,0.4325278401374817,0.5729657494988228,0.5769,1807.97,29.468
4.0,0.5402824282646179,0.6045595331464491,0.5803,1797.304,29.295
5.0,0.5148458480834961,0.605839001376474,0.5831,1788.66,29.154
