epoch,loss,matthews_correlation,runtime,samples_per_second,steps_per_second
1.0,0.6483069062232971,0.0,0.5852,1782.18,29.048
2.0,0.623985767364502,0.0,0.5943,1755.127,28.607
3.0,0.618257462978363,0.0,0.5873,1775.845,28.945
4.0,0.6216056942939758,0.0,0.5885,1772.201,28.885
5.0,0.6186949610710144,0.0,0.5928,1759.477,28.678
