epoch,loss,matthews_correlation,runtime,samples_per_second,steps_per_second
1.0,0.6182541847229004,0.0,0.5856,1781.154,29.031
2.0,0.6262363791465759,0.0,0.5784,1803.124,29.389
3.0,0.7319017648696899,0.0,0.5825,1790.441,29.183
4.0,0.6291208863258362,0.0,0.5776,1805.618,29.43
5.0,0.6193978786468506,0.0,0.6199,1682.496,27.423
