epoch,loss,accuracy,f1,runtime,samples_per_second,steps_per_second
1.0,0.6258389353752136,0.6838235294117647,0.8122270742358079,0.9453,431.627,7.405
2.0,0.6240324378013611,0.6838235294117647,0.8122270742358079,0.9479,430.415,7.385
3.0,0.6239839196205139,0.6838235294117647,0.8122270742358079,0.9466,431.015,7.395
4.0,0.6260124444961548,0.6838235294117647,0.8122270742358079,0.9424,432.95,7.428
5.0,0.624824047088623,0.6838235294117647,0.8122270742358079,0.9471,430.78,7.391
