epoch,loss,matthews_correlation,runtime,samples_per_second,steps_per_second
1.0,1.0536880493164062,0.0,0.5898,1768.436,28.824
2.0,0.6321144700050354,0.0,0.581,1795.317,29.262
3.0,1.0104955434799194,0.0,0.6161,1692.837,27.592
4.0,0.7688996195793152,0.0,0.6272,1662.82,27.103
5.0,0.6297124028205872,0.0,0.626,1666.009,27.155
