epoch,loss,accuracy,f1,runtime,samples_per_second,steps_per_second
1.0,0.5116429924964905,0.7132352941176471,0.8256333830104322,0.6488,628.872,10.789
2.0,0.36202970147132874,0.8651960784313726,0.908485856905158,0.6456,631.979,10.843
3.0,0.306080162525177,0.8946078431372549,0.9202226345083488,0.6474,630.194,10.812
4.0,0.3085439205169678,0.8995098039215687,0.9261261261261261,0.6503,627.375,10.764
5.0,0.33980366587638855,0.9068627450980392,0.9323843416370107,0.6544,623.489,10.697
