epoch,loss,matthews_correlation,runtime,samples_per_second,steps_per_second
1.0,0.6244363188743591,0.0,1.6368,637.207,10.386
2.0,0.6395042538642883,0.0,1.6377,636.865,10.38
3.0,0.6180509924888611,0.0,1.6395,636.162,10.369
4.0,0.6307987570762634,0.0,1.644,634.443,10.341
5.0,0.6191549301147461,0.0,1.6403,635.865,10.364
