epoch,loss,accuracy,runtime,samples_per_second,steps_per_second
1.0,0.6939252018928528,0.4729241877256318,0.2106,1315.131,23.739
2.0,0.717688798904419,0.4729241877256318,0.2114,1310.188,23.65
3.0,0.6920831799507141,0.5270758122743683,0.2115,1309.848,23.643
4.0,0.7029364109039307,0.4729241877256318,0.2196,1261.593,22.772
5.0,0.6935392022132874,0.4729241877256318,0.213,1300.693,23.478
