epoch,loss,accuracy,f1,runtime,samples_per_second,steps_per_second
1.0,0.625511646270752,0.6838235294117647,0.8122270742358079,0.6334,644.157,11.052
2.0,0.624504566192627,0.6838235294117647,0.8122270742358079,0.6491,628.609,10.785
3.0,0.9511628746986389,0.3161764705882353,0.0,0.6356,641.874,11.013
4.0,0.6500764489173889,0.6838235294117647,0.8122270742358079,0.6328,644.798,11.063
5.0,0.6244542598724365,0.6838235294117647,0.8122270742358079,0.6338,643.71,11.044
