epoch,loss,matthews_correlation,runtime,samples_per_second,steps_per_second
1.0,0.6222866177558899,0.0,0.6222,1676.253,27.321
2.0,0.6304607391357422,0.0,0.6034,1728.568,28.174
3.0,0.6187015175819397,0.0,0.6083,1714.713,27.948
4.0,0.6202318668365479,0.0,0.6188,1685.532,27.473
5.0,0.6188653707504272,0.0,0.6007,1736.419,28.302
