epoch,loss,matthews_correlation,runtime,samples_per_second,steps_per_second
1.0,0.4633719325065613,0.5127451929115474,0.6057,1721.977,28.067
2.0,0.4423438310623169,0.542244787638552,0.6051,1723.649,28.094
3.0,0.4908975660800934,0.5468753188432375,0.6034,1728.476,28.173
4.0,0.5153889656066895,0.5547291984984687,0.6086,1713.816,27.934
5.0,0.5031095743179321,0.5752615459764325,0.6047,1724.73,28.112
