epoch,loss,matthews_correlation,runtime,samples_per_second,steps_per_second
1.0,0.6348540782928467,0.0,1.6436,634.591,10.343
2.0,0.6311870813369751,0.0,1.6466,633.433,10.324
3.0,0.6180418729782104,0.0,1.6435,634.636,10.344
4.0,0.6267908811569214,0.0,1.6445,634.254,10.338
5.0,0.6188653707504272,0.0,1.6654,626.262,10.208
