epoch,loss,accuracy,f1,runtime,samples_per_second,steps_per_second
1.0,0.6270321011543274,0.6838235294117647,0.8122270742358079,0.2457,1660.517,28.489
2.0,0.6329435706138611,0.6838235294117647,0.8122270742358079,0.2471,1651.286,28.331
3.0,0.6241897940635681,0.6838235294117647,0.8122270742358079,0.2491,1637.904,28.101
4.0,0.6241850256919861,0.6838235294117647,0.8122270742358079,0.2602,1568.168,26.905
5.0,0.6242657899856567,0.6838235294117647,0.8122270742358079,0.2636,1547.641,26.553
