epoch,loss,matthews_correlation,runtime,samples_per_second,steps_per_second
1.0,1.006784200668335,0.0,1.642,635.211,10.353
2.0,0.6458650231361389,0.0,1.643,634.815,10.347
3.0,0.6758402585983276,0.0,1.64,635.957,10.366
4.0,0.6674198508262634,0.0,1.6415,635.392,10.356
5.0,0.6210659146308899,0.0,1.6413,635.468,10.358
