epoch,loss,accuracy,runtime,samples_per_second,steps_per_second
1.0,0.7500828504562378,0.5270758122743683,0.1953,1418.077,25.597
2.0,0.7662604451179504,0.4729241877256318,0.1961,1412.751,25.501
3.0,0.7353180646896362,0.4729241877256318,0.2147,1290.287,23.29
4.0,0.693419337272644,0.4729241877256318,0.1952,1419.257,25.618
5.0,0.6937665939331055,0.4729241877256318,0.1932,1433.794,25.881
