epoch,loss,accuracy,f1,runtime,samples_per_second,steps_per_second
1.0,0.6536075472831726,0.6715686274509803,0.8029411764705883,9.7873,41.687,0.102
2.0,0.624821662902832,0.6838235294117647,0.8122270742358079,10.0137,40.744,0.1
3.0,0.6082442998886108,0.6838235294117647,0.8122270742358079,10.0172,40.73,0.1
4.0,0.6035408973693848,0.6838235294117647,0.8122270742358079,9.824,41.531,0.102
5.0,0.5925812721252441,0.6838235294117647,0.8122270742358079,9.9594,40.966,0.1
