epoch,loss,accuracy,runtime,samples_per_second,steps_per_second
1.0,0.6941367983818054,0.48014440433212996,0.5403,512.704,9.255
2.0,0.6991922855377197,0.4729241877256318,0.5338,518.875,9.366
3.0,0.6918857097625732,0.5270758122743683,0.5312,521.465,9.413
4.0,0.6929274797439575,0.5270758122743683,0.5435,509.683,9.2
5.0,0.6933663487434387,0.4729241877256318,0.5321,520.584,9.397
