epoch,loss,accuracy,runtime,samples_per_second,steps_per_second
1.0,0.6917288303375244,0.5270758122743683,1.1159,248.223,4.481
2.0,0.6974136829376221,0.4729241877256318,1.1555,239.715,4.327
3.0,0.6919808983802795,0.5270758122743683,1.1317,244.756,4.418
4.0,0.6936784386634827,0.4729241877256318,1.11,249.557,4.505
5.0,0.6938952803611755,0.4729241877256318,1.1458,241.761,4.364
