epoch,loss,accuracy,runtime,samples_per_second,steps_per_second
1.0,0.7018487453460693,0.4729241877256318,0.1827,1516.141,27.367
2.0,0.6928922533988953,0.5270758122743683,0.1813,1527.656,27.575
3.0,0.6920831799507141,0.5270758122743683,0.1777,1559.229,28.145
4.0,0.6929309964179993,0.5270758122743683,0.1842,1503.829,27.145
5.0,0.6929697394371033,0.5270758122743683,0.188,1473.73,26.602
