epoch,loss,accuracy,f1,runtime,samples_per_second,steps_per_second
1.0,0.6497811675071716,0.6838235294117647,0.8122270742358079,0.9631,423.621,7.268
2.0,0.6244410872459412,0.6838235294117647,0.8122270742358079,0.9665,422.159,7.243
3.0,0.6287955641746521,0.6838235294117647,0.8122270742358079,0.9528,428.196,7.346
4.0,0.6240342259407043,0.6838235294117647,0.8122270742358079,0.964,423.249,7.262
5.0,0.6245368719100952,0.6838235294117647,0.8122270742358079,0.9575,426.121,7.311
