epoch,loss,accuracy,runtime,samples_per_second,steps_per_second
1.0,1.623300552368164,0.4946000366099213,3.0063,1817.211,28.607
2.0,0.7265601754188538,0.5053999633900788,3.022,1807.744,28.458
3.0,0.7086604833602905,0.5053999633900788,3.0362,1799.265,28.325
4.0,0.6986934542655945,0.5053999633900788,3.0408,1796.578,28.282
5.0,0.6934205293655396,0.5053999633900788,3.016,1811.318,28.514
