epoch,loss,accuracy,runtime,samples_per_second,steps_per_second
1.0,0.7057232856750488,0.4729241877256318,0.7219,383.73,6.927
2.0,0.6939040422439575,0.4729241877256318,0.72,384.729,6.945
3.0,0.6918381452560425,0.5270758122743683,0.5476,505.866,9.131
4.0,0.6927054524421692,0.5270758122743683,0.7096,390.384,7.047
5.0,0.6928375959396362,0.5270758122743683,0.7059,392.387,7.083
