epoch,loss,matthews_correlation,runtime,samples_per_second,steps_per_second
1.0,0.4507332146167755,0.5547962503782369,1.6357,637.629,10.393
2.0,0.411741703748703,0.6095582268996396,1.6533,630.845,10.282
3.0,0.4388255178928375,0.5962108323383991,1.6574,629.315,10.257
4.0,0.46593359112739563,0.6012322965668485,1.6648,626.517,10.212
5.0,0.45740658044815063,0.6207242502214079,1.6633,627.08,10.221
