epoch,loss,matthews_correlation,runtime,samples_per_second,steps_per_second
1.0,0.6238663792610168,0.0,2.0176,516.956,8.426
2.0,0.6197407841682434,0.0,2.015,517.61,8.437
3.0,0.6185559034347534,0.0,2.0191,516.569,8.42
4.0,0.6251858472824097,0.0,2.0174,517.002,8.427
5.0,0.6198033094406128,0.0,2.0391,511.511,8.337
