epoch,loss,accuracy,runtime,samples_per_second,steps_per_second
1.0,0.6930368542671204,0.5234657039711191,0.1995,1388.199,25.058
2.0,0.6966010928153992,0.4729241877256318,0.2035,1361.353,24.573
3.0,0.6917465329170227,0.5270758122743683,0.2009,1378.517,24.883
4.0,0.6930438280105591,0.5270758122743683,0.2024,1368.506,24.702
5.0,0.6929098963737488,0.5270758122743683,0.201,1377.842,24.871
