epoch,loss,accuracy,f1,runtime,samples_per_second,steps_per_second
1.0,0.7275408506393433,0.6838235294117647,0.8122270742358079,0.2568,1588.544,27.254
