epoch,loss,accuracy,runtime,samples_per_second,steps_per_second
1.0,0.6895782947540283,0.5270758122743683,0.1714,1616.462,29.178
2.0,0.706792414188385,0.4729241877256318,0.167,1659.078,29.947
3.0,0.5903551578521729,0.6787003610108303,0.1671,1657.991,29.928
4.0,0.5258660912513733,0.7256317689530686,0.1695,1634.606,29.506
5.0,0.5382813811302185,0.7436823104693141,0.1681,1647.797,29.744
