epoch,loss,accuracy,runtime,samples_per_second,steps_per_second
1.0,0.7001389265060425,0.4729241877256318,1.0104,274.137,4.948
2.0,0.6054960489273071,0.7472924187725631,1.0015,276.574,4.992
3.0,0.49550995230674744,0.7653429602888087,0.9804,282.525,5.1
4.0,0.3899262845516205,0.8411552346570397,1.0076,274.908,4.962
5.0,0.47927218675613403,0.8231046931407943,1.0585,261.697,4.724
