epoch,loss,accuracy,f1,runtime,samples_per_second,steps_per_second
1.0,0.31514066457748413,0.8676470588235294,0.9059233449477352,0.2509,1625.97,27.897
2.0,0.281116783618927,0.8799019607843137,0.9144851657940664,0.2452,1663.677,28.543
3.0,0.27852118015289307,0.8921568627450981,0.9194139194139194,0.248,1645.094,28.225
4.0,0.39918258786201477,0.8627450980392157,0.9014084507042254,0.2482,1643.85,28.203
5.0,0.4205217659473419,0.8725490196078431,0.9084507042253521,0.2658,1534.756,26.332
