epoch,loss,accuracy,f1,runtime,samples_per_second,steps_per_second
1.0,0.4106426537036896,0.7965686274509803,0.8667736757624398,0.2487,1640.728,28.15
2.0,0.2965063452720642,0.8848039215686274,0.9176882661996497,0.2609,1563.685,26.828
3.0,0.32350197434425354,0.8627450980392157,0.8935361216730038,0.2491,1637.879,28.101
4.0,0.328388512134552,0.8799019607843137,0.9156626506024096,0.262,1557.47,26.721
5.0,0.34586581587791443,0.8848039215686274,0.9176882661996497,0.2462,1657.383,28.435
