epoch,loss,accuracy,runtime,samples_per_second,steps_per_second
1.0,1.8123148679733276,0.4729241877256318,0.1942,1426.438,25.748
2.0,0.7017942070960999,0.4729241877256318,0.1944,1424.711,25.717
3.0,1.2551836967468262,0.4729241877256318,0.1949,1421.49,25.659
4.0,0.8894518613815308,0.5270758122743683,0.1939,1428.727,25.789
5.0,0.6952790021896362,0.5270758122743683,0.1941,1427.041,25.759
