epoch,loss,accuracy,f1,runtime,samples_per_second,steps_per_second
1.0,0.7640538215637207,0.6838235294117647,0.8122270742358079,0.2443,1669.964,28.651
2.0,1.3404316902160645,0.6838235294117647,0.8122270742358079,0.2399,1700.926,29.183
3.0,0.6395586729049683,0.6838235294117647,0.8122270742358079,0.2401,1698.962,29.149
4.0,0.7528812289237976,0.6838235294117647,0.8122270742358079,0.2387,1709.157,29.324
5.0,0.6242226958274841,0.6838235294117647,0.8122270742358079,0.2397,1702.188,29.204
