epoch,loss,accuracy,runtime,samples_per_second,steps_per_second
1.0,0.6944707632064819,0.5270758122743683,0.1756,1577.303,28.471
2.0,0.6670618653297424,0.592057761732852,0.172,1610.104,29.063
3.0,0.6164453625679016,0.6895306859205776,0.1685,1643.587,29.668
4.0,0.570167064666748,0.7075812274368231,0.1755,1578.151,28.486
5.0,0.6601000428199768,0.7148014440433214,0.1684,1645.263,29.698
