epoch,loss,accuracy,runtime,samples_per_second,steps_per_second
1.0,0.1844654381275177,0.9392201834862385,0.4798,1817.243,29.176
2.0,0.21399524807929993,0.9415137614678899,0.4802,1815.748,29.152
3.0,0.23371995985507965,0.9392201834862385,0.4813,1811.668,29.086
4.0,0.24044400453567505,0.9403669724770642,0.4805,1814.675,29.135
5.0,0.26317548751831055,0.9392201834862385,0.483,1805.554,28.988
