epoch,loss,accuracy,runtime,samples_per_second,steps_per_second
1.0,1.3559154272079468,0.5053999633900788,3.0278,1804.27,28.403
2.0,1.4977550506591797,0.5053999633900788,3.03,1802.963,28.383
