epoch,loss,accuracy,runtime,samples_per_second,steps_per_second
1.0,0.19677355885505676,0.9288990825688074,0.4918,1773.132,28.468
2.0,0.22329284250736237,0.9311926605504587,0.4943,1763.981,28.321
3.0,0.1951763778924942,0.9346330275229358,0.4954,1760.352,28.263
4.0,0.20559974014759064,0.9369266055045872,0.4881,1786.652,28.685
5.0,0.20704160630702972,0.9334862385321101,0.4901,1779.214,28.565
