epoch,loss,accuracy,runtime,samples_per_second,steps_per_second
1.0,0.23481561243534088,0.9161632802489474,3.0336,1800.843,28.349
2.0,0.23445355892181396,0.9146988833974007,3.0291,1803.515,28.391
3.0,0.20478756725788116,0.9229361156873512,3.0561,1787.586,28.141
4.0,0.22744210064411163,0.9251327109646714,3.0471,1792.847,28.223
5.0,0.24399299919605255,0.9289767526999817,3.0487,1791.885,28.208
