epoch,loss,matthews_correlation,runtime,samples_per_second,steps_per_second
1.0,0.6189535856246948,0.0,2.6694,390.724,6.368
2.0,0.621187150478363,0.0,2.6487,393.772,6.418
3.0,0.6180753707885742,0.0,2.6242,397.448,6.478
4.0,0.6221293210983276,0.0,2.5306,412.162,6.718
5.0,0.6203770041465759,0.0,2.6333,396.079,6.456
