epoch,loss,matthews_correlation,runtime,samples_per_second,steps_per_second
1.0,0.43750348687171936,0.4789753550128755,0.5801,1798.037,29.306
2.0,0.3747083246707916,0.5963714927266267,0.6179,1687.909,27.511
3.0,0.5044950842857361,0.5886507217040784,0.5977,1745.04,28.443
4.0,0.6123727560043335,0.5983328874760194,0.5819,1792.467,29.216
5.0,0.7101898193359375,0.6056594364604692,0.6211,1679.322,27.371
