epoch,loss,accuracy,runtime,samples_per_second,steps_per_second
1.0,0.6931707859039307,0.5270758122743683,0.1763,1570.849,28.355
2.0,0.6969271898269653,0.4729241877256318,0.17,1629.448,29.412
3.0,0.6927424669265747,0.5270758122743683,0.1677,1651.744,29.815
4.0,0.6997405886650085,0.4729241877256318,0.1692,1637.289,29.554
5.0,0.6937100887298584,0.4729241877256318,0.1693,1636.309,29.536
