epoch,loss,matthews_correlation,runtime,samples_per_second,steps_per_second
1.0,1.0058003664016724,0.0,1.6215,643.226,10.484
2.0,0.7359741926193237,0.0,1.6283,640.543,10.44
3.0,1.3489048480987549,0.0,1.6288,640.338,10.437
4.0,0.6197845935821533,0.0,1.6334,638.545,10.408
5.0,0.6278772354125977,0.0,1.6242,642.153,10.467
