epoch,loss,accuracy,runtime,samples_per_second,steps_per_second
1.0,0.8068308234214783,0.5270758122743683,3.6627,75.627,0.273
2.0,1.698697805404663,0.5270758122743683,9.6418,28.729,0.104
3.0,0.7051482200622559,0.4729241877256318,9.7485,28.415,0.103
4.0,2.0732109546661377,0.4729241877256318,9.7387,28.443,0.103
5.0,0.7643746733665466,0.5270758122743683,11.1312,24.885,0.09
