epoch,loss,matthews_correlation,runtime,samples_per_second,steps_per_second
1.0,0.6300309896469116,0.0,0.5978,1744.689,28.437
2.0,0.6312242746353149,0.0,0.5971,1746.883,28.473
3.0,0.6233975291252136,0.0,0.598,1744.198,28.429
4.0,0.6201368570327759,0.0,0.6287,1658.86,27.038
5.0,0.6180166006088257,0.0,0.5961,1749.615,28.517
