epoch,loss,matthews_correlation,runtime,samples_per_second,steps_per_second
1.0,0.4304956793785095,0.5155338105766099,0.5892,1770.337,28.855
2.0,0.3807792663574219,0.6075193202484316,0.5888,1771.337,28.871
3.0,0.4952446520328522,0.5854419516220256,0.6204,1681.218,27.402
4.0,0.6097051501274109,0.5812438634987175,0.5877,1774.848,28.928
5.0,0.5780085921287537,0.5957317644481708,0.5869,1777.105,28.965
