epoch,loss,accuracy,runtime,samples_per_second,steps_per_second
1.0,0.7027671337127686,0.4729241877256318,0.4539,610.31,11.016
2.0,0.6909109354019165,0.5234657039711191,0.4529,611.643,11.04
3.0,0.6897087097167969,0.5379061371841155,0.4437,624.325,11.269
4.0,0.689537763595581,0.5342960288808665,0.4502,615.228,11.105
5.0,0.6886034607887268,0.5270758122743683,0.4505,614.923,11.1
