epoch,loss,matthews_correlation,runtime,samples_per_second,steps_per_second
1.0,0.4455947279930115,0.4849110175375249,0.5841,1785.717,29.106
2.0,0.47067683935165405,0.4930285826422816,0.5798,1799.001,29.322
3.0,0.4739227592945099,0.5162458987125488,0.5822,1791.563,29.201
4.0,0.4826217293739319,0.5340375668019066,0.612,1704.257,27.778
5.0,0.46464285254478455,0.5588305747648582,0.6178,1688.23,27.517
