epoch,loss,matthews_correlation,runtime,samples_per_second,steps_per_second
1.0,0.7800962328910828,0.0,2.6637,391.557,6.382
2.0,0.6373282670974731,0.0,2.6666,391.142,6.375
3.0,0.8166733384132385,0.0,2.674,390.058,6.358
4.0,0.6369301080703735,0.0,2.6567,392.588,6.399
5.0,0.619591236114502,0.0,2.6579,392.422,6.396
