epoch,loss,matthews_correlation,runtime,samples_per_second,steps_per_second
1.0,0.45690158009529114,0.49678228082965264,0.5814,1793.939,29.24
2.0,0.4000782370567322,0.5865803156957233,0.5853,1782.058,29.046
3.0,0.4404297173023224,0.5879880120258366,0.5823,1791.058,29.193
4.0,0.4915953576564789,0.6060933436539927,0.5828,1789.722,29.171
5.0,0.490287184715271,0.6131862438295606,0.5794,1800.269,29.343
