epoch,loss,matthews_correlation,runtime,samples_per_second,steps_per_second
1.0,0.46275368332862854,0.5247033535668058,1.6601,628.272,10.24
2.0,0.4421127438545227,0.5858661515147512,1.666,626.056,10.204
3.0,0.40750646591186523,0.5987233861043996,1.6643,626.672,10.214
4.0,0.5343555808067322,0.6031465729998459,1.6755,622.51,10.146
5.0,0.530544102191925,0.6042920527010571,1.6706,624.322,10.176
