epoch,loss,accuracy,f1,runtime,samples_per_second,steps_per_second
1.0,0.6181706190109253,0.6838235294117647,0.8122270742358079,0.2437,1673.908,28.719
2.0,0.5665408968925476,0.7083333333333334,0.8221225710014948,0.2368,1722.951,29.56
3.0,0.5128099918365479,0.7279411764705882,0.8273716951788491,0.2375,1718.228,29.479
4.0,0.47971051931381226,0.7720588235294118,0.8492706645056726,0.2378,1715.599,29.434
5.0,0.47392594814300537,0.7769607843137255,0.8525121555915721,0.2376,1717.021,29.459
