epoch,loss,matthews_correlation,runtime,samples_per_second,steps_per_second
1.0,0.6781202554702759,0.0,0.602,1732.678,28.241
2.0,0.6292102932929993,0.0,0.6216,1677.938,27.349
3.0,0.6536303162574768,0.0,0.5993,1740.467,28.368
4.0,0.634624719619751,0.0,0.599,1741.168,28.38
5.0,0.620006263256073,0.0,0.5962,1749.452,28.515
