epoch,loss,accuracy,f1,runtime,samples_per_second,steps_per_second
1.0,0.6246505379676819,0.6838235294117647,0.8122270742358079,0.2943,1386.211,23.783
2.0,0.6243483424186707,0.6838235294117647,0.8122270742358079,0.2972,1372.767,23.552
3.0,0.6246391534805298,0.6838235294117647,0.8122270742358079,0.2955,1380.777,23.69
4.0,0.6249545216560364,0.6838235294117647,0.8122270742358079,0.2871,1421.117,24.382
5.0,0.624664306640625,0.6838235294117647,0.8122270742358079,0.2943,1386.407,23.786
