epoch,loss,accuracy,runtime,samples_per_second,steps_per_second
1.0,0.8382708430290222,0.5053999633900788,3.0408,1796.565,28.282
2.0,0.6931484341621399,0.5053999633900788,3.0525,1789.7,28.174
3.0,0.6989086866378784,0.5053999633900788,3.0262,1805.258,28.419
4.0,0.6982579231262207,0.5053999633900788,3.0265,1805.049,28.416
5.0,0.6935828924179077,0.5053999633900788,3.0968,1764.071,27.77
