epoch,loss,accuracy,runtime,samples_per_second,steps_per_second
1.0,0.23108495771884918,0.9161632802489474,3.0793,1774.106,27.928
2.0,0.20992572605609894,0.9196412227713711,3.174,1721.16,27.095
3.0,0.19382557272911072,0.9282445542742083,3.0635,1783.252,28.072
4.0,0.21006765961647034,0.9253157605711148,3.0608,1784.815,28.097
5.0,0.21870294213294983,0.9256818597840014,3.0656,1782.046,28.053
