epoch,loss,matthews_correlation,runtime,samples_per_second,steps_per_second
1.0,0.6180603504180908,0.0,0.8149,1279.853,20.86
2.0,0.6207524538040161,0.0,0.8152,1279.409,20.853
3.0,0.6181443929672241,0.0,0.8394,1242.609,20.253
4.0,0.6217718720436096,0.0,0.8436,1236.423,20.153
5.0,0.6192777752876282,0.0,0.8374,1245.454,20.3
