epoch,loss,accuracy,runtime,samples_per_second,steps_per_second
1.0,0.6918169856071472,0.5270758122743683,0.4419,626.811,11.314
2.0,0.7671524286270142,0.4729241877256318,0.4409,628.299,11.341
3.0,0.7022736072540283,0.5270758122743683,0.4492,616.654,11.131
4.0,0.7059664726257324,0.4729241877256318,0.442,626.685,11.312
5.0,0.6937119364738464,0.4729241877256318,0.4574,605.66,10.932
