epoch,loss,accuracy,runtime,samples_per_second,steps_per_second
1.0,0.14629220962524414,0.9529816513761468,1.4866,586.576,9.418
2.0,0.1600145846605301,0.9552752293577982,1.499,581.715,9.339
3.0,0.1510828584432602,0.9529816513761468,1.4953,583.165,9.363
4.0,0.1448584347963333,0.9564220183486238,1.479,589.571,9.466
5.0,0.14779484272003174,0.9598623853211009,1.4836,587.752,9.436
