epoch,loss,matthews_correlation,runtime,samples_per_second,steps_per_second
1.0,0.637462854385376,0.0,1.644,634.422,10.341
2.0,0.6183068752288818,0.0,1.6551,630.166,10.271
3.0,0.6460165977478027,0.0,1.6451,633.985,10.333
4.0,0.6522834897041321,0.0,1.6598,628.375,10.242
5.0,0.6214783191680908,0.0,1.6436,634.598,10.343
