epoch,loss,accuracy,runtime,samples_per_second,steps_per_second
1.0,1.189211130142212,0.4729241877256318,0.4453,622.015,11.228
2.0,0.7129541039466858,0.5270758122743683,0.4465,620.362,11.198
3.0,0.6930332779884338,0.5270758122743683,0.4477,618.675,11.167
4.0,0.6974154710769653,0.4729241877256318,0.4486,617.408,11.145
5.0,0.6925467252731323,0.5270758122743683,0.4458,621.407,11.217
