epoch,loss,accuracy,runtime,samples_per_second,steps_per_second
1.0,0.695776104927063,0.5270758122743683,0.1636,1692.644,30.553
2.0,0.6037540435791016,0.6750902527075813,0.1638,1690.759,30.519
3.0,0.5846527814865112,0.6895306859205776,0.1625,1704.344,30.764
4.0,0.5165748596191406,0.7436823104693141,0.1614,1716.486,30.983
5.0,0.5634980201721191,0.7509025270758123,0.1667,1661.462,29.99
