epoch,loss,matthews_correlation,runtime,samples_per_second,steps_per_second
1.0,0.6265615224838257,0.0,1.7015,612.99,9.991
2.0,0.6551254987716675,0.0,1.7062,611.303,9.964
3.0,0.6240817308425903,0.0,1.7122,609.155,9.929
4.0,0.6332366466522217,0.0,1.7061,611.323,9.964
5.0,0.6194093227386475,0.0,1.7422,598.66,9.758
