epoch,loss,accuracy,runtime,samples_per_second,steps_per_second
1.0,0.6961128115653992,0.4729241877256318,0.1681,1647.996,29.747
2.0,0.6909197568893433,0.5523465703971119,0.1658,1670.703,30.157
3.0,0.6296267509460449,0.6498194945848376,0.1659,1669.609,30.137
4.0,0.5775529742240906,0.703971119133574,0.1654,1675.131,30.237
5.0,0.5764570236206055,0.7003610108303249,0.1656,1673.083,30.2
