epoch,loss,accuracy,runtime,samples_per_second,steps_per_second
1.0,0.23816809058189392,0.909573494416987,1.5985,3417.52,53.8
2.0,0.21761693060398102,0.919092073952041,1.6079,3397.672,53.487
3.0,0.21249650418758392,0.9209225700164745,1.6044,3405.108,53.604
4.0,0.2861441671848297,0.924400512538898,1.5964,3422.134,53.872
5.0,0.33572930097579956,0.9271462566355483,1.6033,3407.436,53.641
