epoch,loss,accuracy,runtime,samples_per_second,steps_per_second
1.0,0.8529520034790039,0.5270758122743683,0.4435,624.516,11.273
2.0,0.6917517781257629,0.5270758122743683,0.4335,639.031,11.535
3.0,0.7568235993385315,0.4729241877256318,0.434,638.304,11.522
4.0,0.6982017159461975,0.5270758122743683,0.4432,624.98,11.281
5.0,0.6937454342842102,0.4729241877256318,0.4362,635.068,11.463
