epoch,loss,accuracy,runtime,samples_per_second,steps_per_second
1.0,0.6987674236297607,0.4729241877256318,1.0022,276.387,4.989
2.0,0.6956914663314819,0.4729241877256318,0.9875,280.507,5.063
3.0,0.6917182803153992,0.5270758122743683,0.9687,285.955,5.162
4.0,0.6933416724205017,0.4729241877256318,0.9516,291.092,5.254
5.0,0.6940979957580566,0.4729241877256318,0.9786,283.069,5.11
