epoch,loss,accuracy,runtime,samples_per_second,steps_per_second
1.0,0.7667654752731323,0.5270758122743683,0.1637,1691.981,30.541
2.0,0.708436131477356,0.4729241877256318,0.1746,1586.799,28.643
3.0,0.8322198390960693,0.5270758122743683,0.1647,1682.34,30.367
4.0,0.7805625796318054,0.5270758122743683,0.1656,1673.136,30.201
5.0,0.6983180642127991,0.5270758122743683,0.1639,1690.211,30.509
