epoch,loss,accuracy,runtime,samples_per_second,steps_per_second
1.0,0.15317150950431824,0.9438073394495413,1.3352,653.095,10.485
2.0,0.1557353436946869,0.9552752293577982,1.3337,653.844,10.497
3.0,0.1376340687274933,0.9529816513761468,1.3328,654.285,10.505
4.0,0.14701174199581146,0.9529816513761468,1.3357,652.851,10.482
5.0,0.14375263452529907,0.9552752293577982,1.3327,654.301,10.505
