epoch,loss,accuracy,runtime,samples_per_second,steps_per_second
1.0,1.9666545391082764,0.5270758122743683,0.1648,1680.826,30.34
2.0,0.8941804766654968,0.5270758122743683,0.164,1689.142,30.49
3.0,0.8099924921989441,0.4729241877256318,0.1649,1679.409,30.314
4.0,0.7512162327766418,0.4729241877256318,0.1685,1643.52,29.666
5.0,0.6972303986549377,0.5270758122743683,0.1684,1645.349,29.699
