epoch,loss,matthews_correlation,runtime,samples_per_second,steps_per_second
1.0,0.447634756565094,0.5169115347587583,0.2908,3587.259,58.469
2.0,0.42971646785736084,0.5670814703238499,0.2884,3616.763,58.95
3.0,0.4654434025287628,0.6015706950519473,0.2903,3593.182,58.566
4.0,0.5497517585754395,0.5753545415872251,0.291,3583.733,58.412
5.0,0.5711707472801208,0.5905209134554644,0.3028,3444.098,56.136
