epoch,loss,matthews_correlation,runtime,samples_per_second,steps_per_second
1.0,0.6110429167747498,0.0,11.6596,89.455,0.257
2.0,0.5746672749519348,0.0,13.6576,76.368,0.22
3.0,0.5151550769805908,0.5418104520202982,12.2235,85.327,0.245
4.0,0.5275091528892517,0.5455413780751651,10.3311,100.958,0.29
5.0,0.49717575311660767,0.5572552114140278,18.7335,55.676,0.16
