epoch,loss,matthews_correlation,runtime,samples_per_second,steps_per_second
1.0,0.6119752526283264,0.0,13.7308,75.961,0.218
2.0,0.5243083834648132,0.5046216086478392,14.0654,74.154,0.213
3.0,0.4548497200012207,0.5585444842667642,16.7331,62.331,0.179
4.0,0.4872593581676483,0.5446151814563016,17.1066,60.971,0.175
5.0,0.476080060005188,0.536662198889055,15.3287,68.042,0.196
