epoch,loss,accuracy,f1,runtime,samples_per_second,steps_per_second
1.0,0.4918880760669708,0.7818627450980392,0.848381601362862,0.6354,642.112,11.017
2.0,0.368184894323349,0.8504901960784313,0.897822445561139,0.6435,634.072,10.879
3.0,0.28983452916145325,0.8823529411764706,0.9120879120879121,0.6384,639.063,10.964
4.0,0.2975424528121948,0.8897058823529411,0.9211908931698775,0.6355,642.03,11.015
5.0,0.3217100203037262,0.8921568627450981,0.9222614840989399,0.6368,640.668,10.992
