epoch,loss,matthews_correlation,runtime,samples_per_second,steps_per_second
1.0,0.4505513310432434,0.575435670477595,1.9591,532.397,8.678
2.0,0.4216127097606659,0.6009540363352786,1.992,523.605,8.534
3.0,0.4022296369075775,0.6206942584175241,2.0115,518.526,8.452
4.0,0.40771666169166565,0.6410594637741688,3.3708,309.426,5.043
5.0,0.41791653633117676,0.6282910036185689,2.0274,514.457,8.385
