epoch,loss,accuracy,runtime,samples_per_second,steps_per_second
1.0,0.7302166819572449,0.4729241877256318,0.4511,614.112,11.085
2.0,0.7114663124084473,0.4729241877256318,0.4391,630.848,11.387
3.0,0.8112942576408386,0.4729241877256318,0.4413,627.697,11.33
4.0,0.6945756673812866,0.4729241877256318,0.4384,631.863,11.405
5.0,0.6935197710990906,0.4729241877256318,0.4392,630.627,11.383
