epoch,loss,accuracy,f1,runtime,samples_per_second,steps_per_second
1.0,0.6110175848007202,0.6838235294117647,0.8122270742358079,0.2455,1662.003,28.515
2.0,0.4611700475215912,0.7818627450980392,0.846815834767642,0.2442,1670.754,28.665
3.0,0.379589319229126,0.8284313725490197,0.8763250883392226,0.251,1625.293,27.885
4.0,0.3617916405200958,0.8357843137254902,0.8818342151675485,0.243,1678.94,28.805
5.0,0.3582221269607544,0.8431372549019608,0.8865248226950354,0.2477,1647.332,28.263
