epoch,loss,accuracy,f1,runtime,samples_per_second,steps_per_second
1.0,0.519877552986145,0.7083333333333334,0.8231797919762258,0.2418,1687.606,28.954
2.0,0.31777632236480713,0.8700980392156863,0.9061946902654867,0.2426,1681.66,28.852
3.0,0.3082098364830017,0.8848039215686274,0.9137614678899083,0.2395,1703.595,29.228
4.0,0.3007901608943939,0.8872549019607843,0.9175627240143369,0.2397,1702.408,29.208
5.0,0.29892581701278687,0.8848039215686274,0.9156193895870736,0.2381,1713.663,29.401
