epoch,loss,accuracy,f1,runtime,samples_per_second,steps_per_second
1.0,0.684046745300293,0.6838235294117647,0.8122270742358079,0.246,1658.562,28.456
2.0,0.6264774203300476,0.6838235294117647,0.8122270742358079,0.2648,1540.634,26.432
3.0,0.6333941221237183,0.6838235294117647,0.8122270742358079,0.2415,1689.652,28.989
4.0,0.6255810260772705,0.6838235294117647,0.8122270742358079,0.24,1700.106,29.168
5.0,0.6254595518112183,0.6838235294117647,0.8122270742358079,0.2441,1671.24,28.673
