epoch,loss,accuracy,f1,runtime,samples_per_second,steps_per_second
1.0,0.678769588470459,0.6838235294117647,0.8122270742358079,0.6579,620.167,10.64
2.0,0.629115104675293,0.6838235294117647,0.8122270742358079,0.6423,635.266,10.899
3.0,0.6421604752540588,0.6838235294117647,0.8122270742358079,0.644,633.572,10.87
4.0,0.6248007416725159,0.6838235294117647,0.8122270742358079,0.6404,637.134,10.931
5.0,0.6249353885650635,0.6838235294117647,0.8122270742358079,0.6448,632.768,10.856
