epoch,loss,matthews_correlation,runtime,samples_per_second,steps_per_second
1.0,0.38322168588638306,0.5934998758283692,1.6262,641.381,10.454
2.0,0.3399886190891266,0.6510906221187328,1.6632,627.088,10.221
3.0,0.3479307293891907,0.6626776903603272,1.6344,638.163,10.402
4.0,0.4034043550491333,0.6602295783880692,1.6325,638.887,10.413
5.0,0.41879189014434814,0.6724484853549855,1.6338,638.372,10.405
