epoch,loss,accuracy,runtime,samples_per_second,steps_per_second
1.0,0.7081207036972046,0.5270758122743683,0.1695,1634.39,29.502
2.0,0.6973696351051331,0.4729241877256318,0.1708,1621.441,29.268
3.0,0.6917641162872314,0.5270758122743683,0.1675,1653.764,29.851
4.0,0.6984660625457764,0.4729241877256318,0.1809,1531.353,27.642
5.0,0.6935285925865173,0.4729241877256318,0.1679,1649.908,29.782
