epoch,loss,accuracy,f1,runtime,samples_per_second,steps_per_second
1.0,0.6086216568946838,0.6838235294117647,0.8122270742358079,0.2521,1618.24,27.764
2.0,0.5336024165153503,0.6838235294117647,0.8122270742358079,0.2486,1640.955,28.154
3.0,0.5124369859695435,0.6838235294117647,0.8122270742358079,0.248,1645.439,28.231
4.0,0.48041242361068726,0.7475490196078431,0.8393135725429017,0.2481,1644.506,28.215
5.0,0.48286139965057373,0.7549019607843137,0.8422712933753943,0.248,1645.279,28.228
