epoch,loss,accuracy,f1,runtime,samples_per_second,steps_per_second
1.0,0.6248928904533386,0.6838235294117647,0.8122270742358079,0.9225,442.264,7.588
2.0,0.6314762830734253,0.6838235294117647,0.8122270742358079,0.9375,435.194,7.467
3.0,0.6427923440933228,0.6838235294117647,0.8122270742358079,0.9478,430.458,7.385
4.0,0.6243160367012024,0.6838235294117647,0.8122270742358079,0.952,428.593,7.353
5.0,0.6241598725318909,0.6838235294117647,0.8122270742358079,0.9518,428.684,7.355
