epoch,loss,accuracy,runtime,samples_per_second,steps_per_second
1.0,0.8421353101730347,0.4729241877256318,0.1674,1654.445,29.864
2.0,0.7116513848304749,0.4729241877256318,0.1659,1669.294,30.132
3.0,0.6929592490196228,0.5270758122743683,0.1663,1665.368,30.061
4.0,0.7024763226509094,0.4729241877256318,0.1658,1670.583,30.155
5.0,0.6933399438858032,0.4729241877256318,0.1658,1671.059,30.164
