epoch,loss,accuracy,f1,runtime,samples_per_second,steps_per_second
1.0,0.6258383393287659,0.6838235294117647,0.8122270742358079,0.2585,1578.64,27.085
2.0,0.624969482421875,0.6838235294117647,0.8122270742358079,0.2635,1548.546,26.568
3.0,0.6328837275505066,0.6838235294117647,0.8122270742358079,0.259,1575.568,27.032
4.0,0.624598503112793,0.6838235294117647,0.8122270742358079,0.2609,1563.863,26.831
5.0,0.6258024573326111,0.6838235294117647,0.8122270742358079,0.2593,1573.192,26.991
