epoch,loss,accuracy,f1,runtime,samples_per_second,steps_per_second
1.0,0.4918880760669708,0.7818627450980392,0.848381601362862,0.6429,634.628,10.888
2.0,0.368184894323349,0.8504901960784313,0.897822445561139,0.6404,637.054,10.93
3.0,0.28983452916145325,0.8823529411764706,0.9120879120879121,0.6403,637.199,10.932
4.0,0.2975424528121948,0.8897058823529411,0.9211908931698775,0.6417,635.797,10.908
5.0,0.3217100203037262,0.8921568627450981,0.9222614840989399,0.6401,637.438,10.936
