epoch,loss,accuracy,runtime,samples_per_second,steps_per_second
1.0,0.7323583960533142,0.4729241877256318,0.4427,625.681,11.294
2.0,0.6940768361091614,0.48014440433212996,0.4422,626.382,11.307
3.0,0.5729925632476807,0.7111913357400722,0.4484,617.693,11.15
4.0,0.4287422299385071,0.8194945848375451,0.4493,616.573,11.129
5.0,0.4488358199596405,0.8014440433212996,0.4416,627.31,11.323
