epoch,loss,accuracy,f1,runtime,samples_per_second,steps_per_second
1.0,0.6896709203720093,0.6838235294117647,0.8122270742358079,0.2501,1631.385,27.989
2.0,0.7339704632759094,0.3161764705882353,0.0,0.2388,1708.391,29.311
3.0,0.6296817660331726,0.6838235294117647,0.8122270742358079,0.2411,1692.484,29.038
4.0,0.6239426732063293,0.6838235294117647,0.8122270742358079,0.2402,1698.695,29.144
5.0,0.6252925992012024,0.6838235294117647,0.8122270742358079,0.2409,1693.431,29.054
