epoch,loss,accuracy,f1,runtime,samples_per_second,steps_per_second
1.0,0.6828451752662659,0.6838235294117647,0.8122270742358079,0.707,577.097,9.901
2.0,0.6240312457084656,0.6838235294117647,0.8122270742358079,0.7117,573.287,9.836
3.0,0.6401079893112183,0.6838235294117647,0.8122270742358079,0.709,575.494,9.874
4.0,0.6288560032844543,0.6838235294117647,0.8122270742358079,0.7103,574.438,9.856
5.0,0.6264217495918274,0.6838235294117647,0.8122270742358079,0.7129,572.321,9.819
