epoch,loss,accuracy,runtime,samples_per_second,steps_per_second
1.0,0.7391400337219238,0.4946000366099213,3.0003,1820.827,28.664
2.0,0.6945692896842957,0.4946000366099213,3.052,1789.946,28.178
3.0,0.6931337118148804,0.4946000366099213,3.0019,1819.829,28.648
4.0,0.6934468746185303,0.5053999633900788,2.9945,1824.367,28.72
5.0,0.2887590527534485,0.8912685337726524,2.9877,1828.491,28.785
