epoch,loss,accuracy,runtime,samples_per_second,steps_per_second
1.0,0.21470408141613007,0.9277522935779816,0.6552,1330.851,21.367
2.0,0.2510072886943817,0.9369266055045872,0.6548,1331.614,21.379
3.0,0.21349933743476868,0.9346330275229358,0.6565,1328.217,21.325
4.0,0.19757814705371857,0.9392201834862385,0.6551,1331.01,21.369
5.0,0.24482567608356476,0.944954128440367,0.6457,1350.535,21.683
