epoch,loss,accuracy,f1,runtime,samples_per_second,steps_per_second
1.0,0.6257671117782593,0.6838235294117647,0.8122270742358079,0.6672,611.482,10.491
2.0,0.625434398651123,0.6838235294117647,0.8122270742358079,0.6677,611.076,10.484
3.0,0.6312651038169861,0.6838235294117647,0.8122270742358079,0.6676,611.151,10.485
4.0,0.6497093439102173,0.6838235294117647,0.8122270742358079,0.6664,612.275,10.505
5.0,0.6274252533912659,0.6838235294117647,0.8122270742358079,0.6663,612.319,10.505
