epoch,loss,accuracy,f1,runtime,samples_per_second,steps_per_second
1.0,0.6505216956138611,0.6838235294117647,0.8122270742358079,0.2885,1414.22,24.264
2.0,0.6262943148612976,0.6838235294117647,0.8122270742358079,0.2882,1415.778,24.29
3.0,0.6329381465911865,0.6838235294117647,0.8122270742358079,0.2918,1398.107,23.987
4.0,0.6247493028640747,0.6838235294117647,0.8122270742358079,0.2898,1408.095,24.158
5.0,0.6258209943771362,0.6838235294117647,0.8122270742358079,0.2915,1399.556,24.012
