epoch,loss,accuracy,f1,runtime,samples_per_second,steps_per_second
1.0,0.5394671559333801,0.7034313725490197,0.8191330343796711,0.6581,619.935,10.636
2.0,0.39638784527778625,0.7965686274509803,0.8654781199351702,0.6512,626.573,10.75
3.0,0.32661834359169006,0.8651960784313726,0.896421845574388,0.6498,627.868,10.772
4.0,0.31576448678970337,0.8676470588235294,0.9042553191489362,0.6792,600.68,10.306
5.0,0.31735101342201233,0.875,0.9084380610412927,0.6552,622.741,10.684
