epoch,loss,accuracy,f1,runtime,samples_per_second,steps_per_second
1.0,1.0533500909805298,0.3161764705882353,0.0,0.7109,573.943,9.847
2.0,0.7103379368782043,0.3161764705882353,0.0,0.7139,571.522,9.806
3.0,0.6563633680343628,0.6838235294117647,0.8122270742358079,0.7107,574.049,9.849
4.0,0.6346220374107361,0.6838235294117647,0.8122270742358079,0.7116,573.368,9.837
5.0,0.6266138553619385,0.6838235294117647,0.8122270742358079,0.7064,577.584,9.91
