epoch,loss,matthews_correlation,runtime,samples_per_second,steps_per_second
1.0,0.41349101066589355,0.6003853387335489,1.664,626.813,10.217
2.0,0.3546389639377594,0.6342755141861168,1.6649,626.458,10.211
3.0,0.3639604449272156,0.6357914877947441,1.6643,626.682,10.214
4.0,0.4425639510154724,0.6016006721163059,1.6638,626.862,10.217
5.0,0.3954271674156189,0.657795300032659,1.6713,624.059,10.172
