epoch,loss,accuracy,runtime,samples_per_second,steps_per_second
1.0,0.692955732345581,0.5270758122743683,1.3605,203.597,3.675
2.0,0.7136256694793701,0.4729241877256318,1.3681,202.474,3.655
3.0,0.6998145580291748,0.5270758122743683,1.3471,205.632,3.712
4.0,0.6964300870895386,0.4729241877256318,1.3291,208.418,3.762
5.0,0.6937471628189087,0.4729241877256318,1.3627,203.266,3.669
