epoch,loss,accuracy,f1,runtime,samples_per_second,steps_per_second
1.0,0.5263197422027588,0.7377450980392157,0.8309636650868878,0.2418,1687.576,28.954
2.0,0.37304237484931946,0.8382352941176471,0.8877551020408163,0.2415,1689.135,28.98
3.0,0.3240736424922943,0.8602941176470589,0.8946395563770795,0.24,1699.841,29.164
4.0,0.3137255311012268,0.8700980392156863,0.9068541300527241,0.2428,1680.229,28.827
5.0,0.3176482617855072,0.8700980392156863,0.9065255731922398,0.2412,1691.86,29.027
