epoch,loss,matthews_correlation,runtime,samples_per_second,steps_per_second
1.0,0.6181432008743286,0.0,1.6433,634.691,10.345
2.0,0.6248946785926819,0.0,1.647,633.255,10.322
3.0,0.619154691696167,0.0,1.6444,634.286,10.338
4.0,0.6259700059890747,0.0,1.6469,633.304,10.322
5.0,0.6195371747016907,0.0,1.653,630.955,10.284
