epoch,loss,matthews_correlation,runtime,samples_per_second,steps_per_second
1.0,0.5944503545761108,0.20235584969980377,1.7397,599.521,9.772
2.0,0.42557018995285034,0.5474641460737906,1.7493,596.231,9.718
3.0,0.5065320134162903,0.5673206440228373,0.6553,1591.572,25.941
4.0,0.5847727656364441,0.5415470309368803,1.7723,588.491,9.592
5.0,0.5633450150489807,0.602624219549347,1.6784,621.416,10.129
