epoch,loss,accuracy,runtime,samples_per_second,steps_per_second
1.0,0.6945733428001404,0.4908256880733945,0.5069,1720.284,27.619
2.0,0.6976284980773926,0.5091743119266054,0.5131,1699.563,27.287
3.0,0.6944299936294556,0.5091743119266054,0.5019,1737.339,27.893
4.0,0.6951825618743896,0.5091743119266054,0.5017,1738.234,27.907
5.0,0.6974157094955444,0.5091743119266054,0.5377,1621.813,26.038
