epoch,loss,accuracy,f1,runtime,samples_per_second,steps_per_second
1.0,0.5436298251152039,0.6838235294117647,0.8122270742358079,0.2539,1606.729,27.566
2.0,0.4810551702976227,0.7745098039215687,0.8302583025830258,0.2403,1697.553,29.125
3.0,0.409426748752594,0.8504901960784313,0.8953687821612349,0.2403,1697.678,29.127
4.0,0.36152827739715576,0.8578431372549019,0.8929889298892989,0.2425,1682.611,28.868
5.0,0.3529261648654938,0.8725490196078431,0.9037037037037037,0.2428,1680.575,28.833
