epoch,loss,accuracy,runtime,samples_per_second,steps_per_second
1.0,0.7779561877250671,0.5053999633900788,2.9815,1832.318,28.845
2.0,0.9317386746406555,0.5053999633900788,2.9306,1864.12,29.345
3.0,1.046504020690918,0.5053999633900788,2.9359,1860.753,29.292
4.0,0.7001373767852783,0.4946000366099213,2.9251,1867.65,29.401
5.0,0.6936830878257751,0.5053999633900788,2.9163,1873.239,29.489
