epoch,loss,accuracy,f1,runtime,samples_per_second,steps_per_second
1.0,0.6404670476913452,0.6838235294117647,0.8122270742358079,0.2923,1396.043,23.952
2.0,0.6242550015449524,0.6838235294117647,0.8122270742358079,0.2913,1400.752,24.033
3.0,0.6382410526275635,0.6838235294117647,0.8122270742358079,0.2942,1387.005,23.797
4.0,0.6256695985794067,0.6838235294117647,0.8122270742358079,0.2922,1396.533,23.96
5.0,0.6245135068893433,0.6838235294117647,0.8122270742358079,0.2915,1399.801,24.016
