epoch,loss,matthews_correlation,runtime,samples_per_second,steps_per_second
1.0,0.4376823902130127,0.5204171071475757,0.5842,1785.373,29.1
2.0,0.4539519250392914,0.562461217631608,0.5756,1812.097,29.536
3.0,0.42915064096450806,0.5624034645452709,0.5684,1834.886,29.907
4.0,0.49421143531799316,0.5962108323383991,0.5648,1846.797,30.101
5.0,0.48812630772590637,0.6232164195970928,0.5773,1806.597,29.446
