epoch,loss,accuracy,runtime,samples_per_second,steps_per_second
1.0,0.18318407237529755,0.9506880733944955,0.77,1132.485,18.182
2.0,0.1909956932067871,0.9552752293577982,0.7676,1136.072,18.24
3.0,0.1910170465707779,0.9564220183486238,0.778,1120.769,17.994
4.0,0.1759062558412552,0.963302752293578,0.7394,1179.366,18.935
5.0,0.19102901220321655,0.9610091743119266,0.7598,1147.723,18.427
