epoch,loss,accuracy,runtime,samples_per_second,steps_per_second
1.0,0.7040249109268188,0.4729241877256318,0.6082,455.411,8.22
2.0,0.45423442125320435,0.7870036101083032,0.6107,453.606,8.188
3.0,0.39482083916664124,0.8375451263537906,0.6104,453.771,8.191
4.0,0.40077775716781616,0.8411552346570397,0.6157,449.93,8.121
5.0,0.441040962934494,0.851985559566787,0.6117,452.821,8.174
