epoch,loss,accuracy,runtime,samples_per_second,steps_per_second
1.0,0.7096304297447205,0.4729241877256318,0.46,602.159,10.869
2.0,0.6897563338279724,0.5667870036101083,0.4588,603.718,10.897
3.0,0.6843622922897339,0.5848375451263538,0.4605,601.499,10.857
4.0,0.6681617498397827,0.5848375451263538,0.455,608.812,10.989
5.0,0.6146002411842346,0.6498194945848376,0.4548,609.042,10.994
