epoch,loss,accuracy,runtime,samples_per_second,steps_per_second
1.0,0.2011035531759262,0.9323394495412844,0.6582,1324.818,21.27
2.0,0.20334327220916748,0.9415137614678899,0.6603,1320.52,21.201
3.0,0.20915190875530243,0.9415137614678899,0.6553,1330.614,21.363
4.0,0.23035234212875366,0.9380733944954128,0.6554,1330.55,21.362
5.0,0.24943490326404572,0.9403669724770642,0.6567,1327.856,21.319
