epoch,loss,matthews_correlation,runtime,samples_per_second,steps_per_second
1.0,0.6181102395057678,0.0,1.6684,625.161,10.19
2.0,0.6184453964233398,0.0,1.6625,627.382,10.226
3.0,0.6217156648635864,0.0,1.6639,626.844,10.217
4.0,0.6309691667556763,0.0,1.6645,626.596,10.213
5.0,0.6193126440048218,0.0,1.6621,627.536,10.228
