epoch,loss,accuracy,f1,runtime,samples_per_second,steps_per_second
1.0,0.4502871632575989,0.7818627450980392,0.8562197092084006,0.3608,1130.749,19.4
2.0,0.3442855477333069,0.8725490196078431,0.9124579124579124,0.3675,1110.334,19.05
3.0,0.35068488121032715,0.8799019607843137,0.9087523277467412,0.3645,1119.296,19.204
4.0,0.3203217685222626,0.8995098039215687,0.926391382405745,0.3626,1125.281,19.306
5.0,0.49403896927833557,0.8946078431372549,0.9230769230769231,0.364,1120.88,19.231
