epoch,loss,accuracy,f1,runtime,samples_per_second,steps_per_second
1.0,0.6349469423294067,0.6838235294117647,0.8122270742358079,0.7126,572.534,9.823
2.0,0.6368162631988525,0.6838235294117647,0.8122270742358079,0.7171,568.961,9.762
3.0,0.6506431698799133,0.6838235294117647,0.8122270742358079,0.7144,571.132,9.799
4.0,0.6318670511245728,0.6838235294117647,0.8122270742358079,0.7151,570.566,9.789
5.0,0.6256881356239319,0.6838235294117647,0.8122270742358079,0.7151,570.569,9.789
