epoch,loss,accuracy,runtime,samples_per_second,steps_per_second
1.0,0.6960793137550354,0.4729241877256318,0.1703,1626.601,29.361
2.0,0.6920443773269653,0.5523465703971119,0.1695,1634.567,29.505
3.0,0.6869605779647827,0.5306859205776173,0.1674,1654.709,29.868
4.0,0.6729802489280701,0.6173285198555957,0.1675,1653.571,29.848
5.0,0.6493381857872009,0.6209386281588448,0.1696,1633.33,29.482
