epoch,loss,accuracy,runtime,samples_per_second,steps_per_second
1.0,0.7579006552696228,0.5270758122743683,0.4382,632.09,11.41
2.0,0.7295733094215393,0.4729241877256318,0.4374,633.296,11.431
3.0,0.6919068694114685,0.5270758122743683,0.4348,637.056,11.499
4.0,0.6976816058158875,0.4729241877256318,0.4375,633.115,11.428
5.0,0.6921889185905457,0.5270758122743683,0.4376,633.0,11.426
