epoch,loss,accuracy,runtime,samples_per_second,steps_per_second
1.0,0.691801130771637,0.5270758122743683,0.7521,368.285,6.648
2.0,0.698711097240448,0.4729241877256318,0.7567,366.083,6.608
3.0,0.6934210658073425,0.5270758122743683,0.7463,371.156,6.7
4.0,0.6930226683616638,0.5270758122743683,0.5613,493.475,8.907
5.0,0.6929433941841125,0.5270758122743683,0.7533,367.693,6.637
