epoch,loss,accuracy,runtime,samples_per_second,steps_per_second
1.0,1.5887176990509033,0.5091743119266054,0.4632,1882.596,30.225
2.0,0.6963965892791748,0.5091743119266054,0.4616,1889.281,30.332
3.0,0.717345654964447,0.4908256880733945,0.4625,1885.389,30.27
4.0,1.0070958137512207,0.4908256880733945,0.4623,1886.103,30.281
5.0,0.6978076696395874,0.5091743119266054,0.4635,1881.414,30.206
