epoch,loss,matthews_correlation,runtime,samples_per_second,steps_per_second
1.0,0.4477410912513733,0.5045931528721592,0.7339,1421.262,23.165
2.0,0.3729540705680847,0.6118470333963919,0.7406,1408.326,22.954
3.0,0.49616503715515137,0.6081922660758651,0.7396,1410.205,22.985
4.0,0.6322005391120911,0.5832874600021861,0.7386,1412.173,23.017
5.0,0.6692802309989929,0.6284086224320302,0.7374,1414.391,23.053
