epoch,loss,accuracy,runtime,samples_per_second,steps_per_second
1.0,0.6962732076644897,0.4729241877256318,0.169,1638.876,29.583
2.0,0.6901617646217346,0.5487364620938628,0.1693,1636.397,29.538
3.0,0.5997182130813599,0.6714801444043321,0.1665,1663.815,30.033
4.0,0.5636778473854065,0.7003610108303249,0.1786,1551.053,27.997
5.0,0.5663650631904602,0.7111913357400722,0.1689,1639.959,29.602
