epoch,loss,matthews_correlation,runtime,samples_per_second,steps_per_second
1.0,0.672514021396637,0.0,1.6662,625.988,10.203
2.0,0.625583291053772,0.0,1.6958,615.038,10.025
3.0,0.656749963760376,0.0,1.683,619.737,10.101
4.0,0.6191553473472595,0.0,1.6659,626.1,10.205
5.0,0.6182410717010498,0.0,1.6711,624.125,10.173
