epoch,loss,matthews_correlation,runtime,samples_per_second,steps_per_second
1.0,0.4397761821746826,0.5216771032432638,0.619,1685.112,27.466
2.0,0.43375810980796814,0.5733808736614069,0.5856,1781.17,29.032
3.0,0.5040528178215027,0.5759158430027601,0.5947,1753.857,28.586
4.0,0.6076800227165222,0.6058664045311455,0.585,1782.827,29.059
5.0,0.7504884004592896,0.6034053904179437,0.6109,1707.311,27.828
