epoch,loss,matthews_correlation,runtime,samples_per_second,steps_per_second
1.0,0.3795890808105469,0.5906590396340186,0.9695,1075.77,17.534
2.0,0.34288159012794495,0.699456055266747,0.9792,1065.138,17.361
3.0,0.37188681960105896,0.6728636422575466,0.9726,1072.397,17.479
4.0,0.4955519735813141,0.6577821092277133,0.9794,1064.894,17.357
5.0,0.6332154870033264,0.6628190187691624,0.9793,1065.039,17.359
