epoch,loss,accuracy,f1,runtime,samples_per_second,steps_per_second
1.0,0.6279972791671753,0.6838235294117647,0.8122270742358079,0.2639,1545.904,26.523
2.0,0.6276586055755615,0.6838235294117647,0.8122270742358079,0.2624,1554.722,26.674
3.0,0.6245661973953247,0.6838235294117647,0.8122270742358079,0.2653,1537.641,26.381
4.0,0.6239558458328247,0.6838235294117647,0.8122270742358079,0.2612,1561.866,26.797
5.0,0.6244542598724365,0.6838235294117647,0.8122270742358079,0.2618,1558.166,26.733
