epoch,loss,matthews_correlation,runtime,samples_per_second,steps_per_second
1.0,0.6216155290603638,0.0,1.6773,621.83,10.135
2.0,0.6206799149513245,0.0,1.675,622.693,10.149
3.0,0.6186600923538208,0.0,1.6832,619.657,10.1
4.0,0.6219078898429871,0.0,1.6821,620.049,10.106
5.0,0.6189098358154297,0.0,1.6863,618.522,10.081
