epoch,loss,accuracy,runtime,samples_per_second,steps_per_second
1.0,0.8513363599777222,0.5270758122743683,0.4357,635.761,11.476
2.0,0.9948757886886597,0.5270758122743683,0.4387,631.435,11.398
3.0,1.1984299421310425,0.5270758122743683,0.4375,633.215,11.43
4.0,0.9395350813865662,0.4729241877256318,0.4368,634.192,11.448
5.0,0.6942055225372314,0.4729241877256318,0.4354,636.178,11.483
