epoch,loss,accuracy,runtime,samples_per_second,steps_per_second
1.0,0.6999397277832031,0.4729241877256318,0.9706,285.399,5.152
2.0,0.697260320186615,0.4729241877256318,0.9478,292.266,5.276
3.0,0.6916125416755676,0.5270758122743683,0.9664,286.642,5.174
4.0,0.6931848526000977,0.4729241877256318,0.9835,281.659,5.084
5.0,0.6938688158988953,0.4729241877256318,0.9698,285.618,5.156
