epoch,loss,matthews_correlation,runtime,samples_per_second,steps_per_second
1.0,0.6185334324836731,0.0,1.6623,627.459,10.227
2.0,0.6256439685821533,0.0,1.6749,622.712,10.15
3.0,0.6222301721572876,0.0,1.6919,616.485,10.048
4.0,0.6338016986846924,0.0,1.7041,612.045,9.976
5.0,0.6207051873207092,0.0,1.7074,610.872,9.957
