epoch,loss,accuracy,runtime,samples_per_second,steps_per_second
1.0,1.1756207942962646,0.4729241877256318,0.1707,1622.618,29.289
2.0,0.7419495582580566,0.5270758122743683,0.1672,1657.078,29.911
3.0,0.8690824508666992,0.4729241877256318,0.1678,1650.327,29.789
4.0,0.6918416619300842,0.5270758122743683,0.1672,1657.054,29.911
5.0,0.6926172375679016,0.5270758122743683,0.1747,1585.978,28.628
