epoch,loss,accuracy,runtime,samples_per_second,steps_per_second
1.0,0.17873050272464752,0.9311926605504587,0.4915,1774.248,28.486
2.0,0.19909799098968506,0.9415137614678899,0.4895,1781.494,28.602
3.0,0.20186886191368103,0.9357798165137615,0.5002,1743.283,27.988
4.0,0.21035026013851166,0.9438073394495413,0.492,1772.253,28.454
5.0,0.22184288501739502,0.9415137614678899,0.4897,1780.517,28.586
