epoch,loss,matthews_correlation,runtime,samples_per_second,steps_per_second
1.0,0.6189690232276917,0.0,0.5824,1790.983,29.191
2.0,0.6187785267829895,0.0,0.5985,1742.601,28.403
3.0,0.6695267558097839,0.0,0.5775,1806.155,29.439
4.0,0.6327420473098755,0.0,0.6536,1595.756,26.009
5.0,0.6189620494842529,0.0,0.5856,1781.015,29.029
