epoch,loss,matthews_correlation,runtime,samples_per_second,steps_per_second
1.0,0.5165683627128601,0.4860627149832655,0.7333,1422.315,23.183
2.0,0.4278375804424286,0.5653455197559552,0.7617,1369.33,22.319
3.0,0.4572509825229645,0.5709406887467645,0.7394,1410.651,22.992
4.0,0.5147926211357117,0.5650034395953757,0.7384,1412.54,23.023
5.0,0.48279696702957153,0.5805514135255713,0.7468,1396.7,22.765
