epoch,loss,accuracy,f1,runtime,samples_per_second,steps_per_second
1.0,0.5299781560897827,0.7647058823529411,0.8415841584158416,0.6462,631.343,10.832
2.0,0.4056103527545929,0.8259803921568627,0.8814691151919867,0.644,633.566,10.87
3.0,0.2803516089916229,0.8700980392156863,0.9034608378870674,0.6386,638.858,10.961
4.0,0.31133168935775757,0.8872549019607843,0.9192982456140351,0.6428,634.722,10.89
5.0,0.3093799948692322,0.8823529411764706,0.9148936170212766,0.6413,636.234,10.916
