epoch,loss,accuracy,runtime,samples_per_second,steps_per_second
1.0,0.6957337856292725,0.4729241877256318,0.476,581.899,10.504
2.0,0.7014045715332031,0.4729241877256318,0.476,581.914,10.504
3.0,0.6935409307479858,0.5270758122743683,0.4764,581.431,10.495
4.0,0.7086899876594543,0.4729241877256318,0.4756,582.366,10.512
5.0,0.6946920156478882,0.4729241877256318,0.4744,583.926,10.54
