epoch,loss,accuracy,runtime,samples_per_second,steps_per_second
1.0,0.20634925365447998,0.9243119266055045,0.5241,1663.77,26.712
2.0,0.20546680688858032,0.944954128440367,0.4896,1780.95,28.593
3.0,0.17540815472602844,0.9426605504587156,0.4905,1777.844,28.543
4.0,0.18508470058441162,0.9426605504587156,0.4896,1781.06,28.595
5.0,0.2118329405784607,0.9438073394495413,0.4873,1789.309,28.727
