epoch,loss,accuracy,runtime,samples_per_second,steps_per_second
1.0,0.6944504976272583,0.5270758122743683,0.2129,1301.352,23.49
2.0,0.6971316337585449,0.4729241877256318,0.2122,1305.434,23.564
3.0,0.6918821930885315,0.5270758122743683,0.2131,1299.644,23.459
4.0,0.6965111494064331,0.4729241877256318,0.2127,1302.331,23.508
5.0,0.6930808424949646,0.5270758122743683,0.2127,1302.036,23.502
