epoch,loss,accuracy,runtime,samples_per_second,steps_per_second
1.0,0.691924512386322,0.5270758122743683,1.3405,206.638,3.73
2.0,0.7082528471946716,0.4729241877256318,1.3464,205.729,3.714
3.0,0.698815107345581,0.5270758122743683,1.3603,203.63,3.676
4.0,0.6980958580970764,0.4729241877256318,1.355,204.431,3.69
5.0,0.6933488249778748,0.4729241877256318,1.3156,210.545,3.8
