epoch,loss,accuracy,runtime,samples_per_second,steps_per_second
1.0,0.6937559843063354,0.48014440433212996,0.4437,624.301,11.269
2.0,0.6923176050186157,0.5415162454873647,0.4659,594.573,10.732
3.0,0.6934228539466858,0.48375451263537905,0.4434,624.724,11.277
4.0,0.6926842331886292,0.5234657039711191,0.4462,620.728,11.204
5.0,0.6928834319114685,0.5415162454873647,0.4433,624.869,11.279
