epoch,loss,accuracy,runtime,samples_per_second,steps_per_second
1.0,0.2278355360031128,0.9093904448105437,3.0388,1797.722,28.3
2.0,0.22982269525527954,0.9156141314296175,3.05,1791.146,28.197
3.0,0.2124541848897934,0.9229361156873512,3.1364,1741.806,27.42
4.0,0.21949703991413116,0.9251327109646714,3.151,1733.73,27.293
5.0,0.22187502682209015,0.9251327109646714,3.0339,1800.633,28.346
