epoch,loss,accuracy,runtime,samples_per_second,steps_per_second
1.0,0.6868001818656921,0.5270758122743683,0.1633,1696.73,30.627
2.0,0.5837856531143188,0.6750902527075813,0.1627,1702.66,30.734
3.0,0.5643175840377808,0.7364620938628159,0.1629,1700.024,30.686
4.0,0.5586614012718201,0.7581227436823105,0.1613,1717.237,30.997
5.0,0.6689475774765015,0.740072202166065,0.164,1688.909,30.486
