epoch,loss,accuracy,f1,runtime,samples_per_second,steps_per_second
1.0,0.6240360140800476,0.6838235294117647,0.8122270742358079,0.8245,494.824,8.49
2.0,0.6305793523788452,0.6838235294117647,0.8122270742358079,0.83,491.561,8.434
3.0,0.6258867979049683,0.6838235294117647,0.8122270742358079,0.8298,491.69,8.436
4.0,0.6253703832626343,0.6838235294117647,0.8122270742358079,0.8352,488.502,8.381
5.0,0.6247169375419617,0.6838235294117647,0.8122270742358079,0.8404,485.493,8.33
