epoch,loss,matthews_correlation,runtime,samples_per_second,steps_per_second
1.0,0.5381913185119629,0.4404447428424965,1.844,565.616,9.219
2.0,0.455119788646698,0.5484062132381693,2.9403,354.72,5.782
3.0,0.35806751251220703,0.6464821279045493,3.6154,288.486,4.702
4.0,0.4594212472438812,0.6364920160685674,3.6518,285.61,4.655
5.0,0.43716636300086975,0.6628384779553912,3.605,289.322,4.716
