epoch,loss,matthews_correlation,runtime,samples_per_second,steps_per_second
1.0,0.48445698618888855,0.47765307125471923,1.4054,742.157,12.097
2.0,0.3930436074733734,0.6041955725408366,1.6175,644.809,10.51
3.0,0.4571232199668884,0.5755298089385917,1.6273,640.931,10.447
4.0,0.5598299503326416,0.5600481335616141,1.681,620.477,10.113
5.0,0.5098875164985657,0.5905209134554644,1.656,629.816,10.265
