epoch,loss,accuracy,runtime,samples_per_second,steps_per_second
1.0,0.8657200336456299,0.4729241877256318,0.4365,634.617,11.455
2.0,0.7196155190467834,0.5270758122743683,0.4342,637.904,11.515
3.0,0.6951802372932434,0.5270758122743683,0.4367,634.23,11.448
4.0,0.722705602645874,0.5270758122743683,0.4406,628.628,11.347
5.0,0.6924392580986023,0.5270758122743683,0.4349,636.882,11.496
