epoch,loss,matthews_correlation,runtime,samples_per_second,steps_per_second
1.0,0.6401321291923523,0.0,1.7869,583.684,9.514
2.0,0.6345259547233582,0.0,1.8382,567.396,9.248
3.0,0.6194758415222168,0.0,1.862,560.151,9.13
4.0,0.6309412717819214,0.0,1.8677,558.442,9.102
5.0,0.6192777752876282,0.0,1.8774,555.547,9.055
