epoch,loss,accuracy,f1,runtime,samples_per_second,steps_per_second
1.0,0.6269064545631409,0.6838235294117647,0.8122270742358079,0.3084,1323.073,22.7
2.0,0.6263607144355774,0.6838235294117647,0.8122270742358079,0.2922,1396.326,23.957
3.0,0.6385976672172546,0.6838235294117647,0.8122270742358079,0.2927,1393.934,23.916
4.0,0.625267505645752,0.6838235294117647,0.8122270742358079,0.2924,1395.277,23.939
5.0,0.625154972076416,0.6838235294117647,0.8122270742358079,0.2931,1392.093,23.884
