epoch,loss,matthews_correlation,runtime,samples_per_second,steps_per_second
1.0,0.6189618110656738,0.0,0.5703,1828.982,29.811
2.0,0.7054812908172607,0.0,0.5695,1831.512,29.852
3.0,0.6250964403152466,0.0,0.5666,1840.801,30.003
4.0,0.7529144883155823,0.0,0.5715,1824.87,29.744
5.0,0.6251245141029358,0.0,0.5751,1813.554,29.559
