epoch,loss,accuracy,runtime,samples_per_second,steps_per_second
1.0,0.6917517781257629,0.5270758122743683,0.1729,1602.005,28.917
2.0,0.6948260068893433,0.4729241877256318,0.1664,1664.888,30.052
3.0,0.691834568977356,0.5270758122743683,0.1685,1643.964,29.674
4.0,0.6963789463043213,0.4729241877256318,0.1662,1666.651,30.084
5.0,0.6929697394371033,0.5270758122743683,0.1663,1665.788,30.068
