epoch,loss,matthews_correlation,runtime,samples_per_second,steps_per_second
1.0,0.6180002093315125,0.0,2.052,508.29,8.285
2.0,0.6276708245277405,0.0,2.0534,507.931,8.279
3.0,0.711763322353363,0.0,2.0594,506.457,8.255
4.0,0.6201351881027222,0.0,2.0571,507.03,8.264
5.0,0.6209086179733276,0.0,2.0564,507.192,8.267
