epoch,loss,matthews_correlation,runtime,samples_per_second,steps_per_second
1.0,0.4275960326194763,0.5311596898053897,0.5814,1793.967,29.24
2.0,0.37966907024383545,0.5860652413594883,0.5788,1801.859,29.369
3.0,0.4512166380882263,0.6062394181434568,0.5781,1804.277,29.408
4.0,0.6571784615516663,0.546401550342545,0.6102,1709.144,27.858
5.0,0.569158136844635,0.5854419516220256,0.5985,1742.583,28.403
