epoch,loss,accuracy,runtime,samples_per_second,steps_per_second
1.0,0.6959118247032166,0.5270758122743683,0.1611,1719.407,31.036
2.0,0.6926701664924622,0.5270758122743683,0.1625,1704.244,30.763
3.0,0.7722176909446716,0.5270758122743683,0.1592,1739.752,31.403
4.0,0.7299055457115173,0.5270758122743683,0.1618,1712.211,30.906
5.0,0.6937754154205322,0.5270758122743683,0.1702,1627.453,29.376
