epoch,loss,matthews_correlation,runtime,samples_per_second,steps_per_second
1.0,0.4550304412841797,0.5409097998588036,1.8015,578.947,9.436
2.0,0.3722280263900757,0.6177084345894477,1.7989,579.805,9.45
3.0,0.4246827960014343,0.6406452572308209,1.8003,579.36,9.443
4.0,0.5404268503189087,0.6313877474789971,1.8106,576.05,9.389
5.0,0.5084322690963745,0.6479544437772453,1.7997,579.531,9.446
