epoch,loss,accuracy,runtime,samples_per_second,steps_per_second
1.0,0.6938106417655945,0.49097472924187724,0.4443,623.515,11.255
2.0,0.5074992775917053,0.7472924187725631,0.4451,622.333,11.233
3.0,0.40792274475097656,0.8483754512635379,0.444,623.88,11.261
4.0,0.46964260935783386,0.8339350180505415,0.4441,623.733,11.259
5.0,0.5812649726867676,0.8194945848375451,0.4541,610.039,11.012
