epoch,loss,accuracy,f1,runtime,samples_per_second,steps_per_second
1.0,0.6239199042320251,0.6838235294117647,0.8122270742358079,2.7687,147.363,2.528
2.0,0.627464771270752,0.6838235294117647,0.8122270742358079,2.7445,148.662,2.551
3.0,0.6238445043563843,0.6838235294117647,0.8122270742358079,2.401,169.93,2.915
4.0,0.6244381070137024,0.6838235294117647,0.8122270742358079,2.9224,139.61,2.395
5.0,0.6244381070137024,0.6838235294117647,0.8122270742358079,2.6558,153.625,2.636
