epoch,loss,accuracy,runtime,samples_per_second,steps_per_second
1.0,1.0629171133041382,0.4908256880733945,0.6161,1415.376,22.724
2.0,0.7054476737976074,0.4908256880733945,0.6175,1412.223,22.673
3.0,0.7278112173080444,0.5091743119266054,0.6169,1413.513,22.694
4.0,1.0107920169830322,0.4908256880733945,0.6151,1417.58,22.759
5.0,0.6990283727645874,0.5091743119266054,0.6141,1419.909,22.797
