epoch,loss,accuracy,runtime,samples_per_second,steps_per_second
1.0,0.6960563659667969,0.5270758122743683,0.6859,403.834,7.289
2.0,0.7177593111991882,0.4729241877256318,1.3194,209.939,3.79
3.0,0.7026102542877197,0.5270758122743683,1.3649,202.95,3.663
4.0,0.6983091831207275,0.4729241877256318,1.3491,205.316,3.706
5.0,0.6931284666061401,0.48736462093862815,1.3609,203.54,3.674
