epoch,loss,matthews_correlation,runtime,samples_per_second,steps_per_second
1.0,0.38322168588638306,0.5934998758283692,1.6239,642.269,10.468
2.0,0.3399886190891266,0.6510906221187328,1.6271,641.025,10.448
3.0,0.3479307293891907,0.6626776903603272,1.6246,641.998,10.464
4.0,0.4034043550491333,0.6602295783880692,1.627,641.073,10.449
5.0,0.41879189014434814,0.6724484853549855,1.6256,641.621,10.458
