epoch,loss,accuracy,runtime,samples_per_second,steps_per_second
1.0,0.38495057821273804,0.8542027508914927,5.5735,1761.017,27.631
2.0,0.3469439148902893,0.8681609780947529,5.5375,1772.474,27.811
3.0,0.36549437046051025,0.8656138563423331,5.495,1786.155,28.025
4.0,0.3374476730823517,0.8780438104941416,5.5971,1753.601,27.514
5.0,0.34714627265930176,0.8777381558838513,5.4425,1803.391,28.296
