epoch,loss,accuracy,runtime,samples_per_second,steps_per_second
1.0,0.19689542055130005,0.9231651376146789,0.476,1831.921,29.412
2.0,0.21614734828472137,0.9323394495412844,0.4759,1832.349,29.418
3.0,0.19236885011196136,0.9346330275229358,0.4841,1801.358,28.921
4.0,0.19619540870189667,0.9380733944954128,1.0757,810.598,13.014
5.0,0.19461263716220856,0.9392201834862385,1.2966,672.542,10.798
