epoch,loss,accuracy,runtime,samples_per_second,steps_per_second
1.0,0.7166567444801331,0.4729241877256318,0.4836,572.734,10.338
2.0,0.6862942576408386,0.5956678700361011,0.4804,576.662,10.409
3.0,0.5120362639427185,0.7472924187725631,0.4805,576.535,10.407
4.0,0.43383005261421204,0.8050541516245487,0.5023,551.512,9.955
5.0,0.4473768472671509,0.8194945848375451,0.5051,548.376,9.898
