epoch,loss,accuracy,runtime,samples_per_second,steps_per_second
1.0,0.6929292678833008,0.4981949458483754,0.1749,1584.17,28.595
2.0,0.6921624541282654,0.5306859205776173,0.1683,1646.296,29.717
3.0,0.6913674473762512,0.6137184115523465,0.1692,1637.006,29.549
4.0,0.6893509030342102,0.631768953068592,0.1689,1640.081,29.604
5.0,0.6879777312278748,0.6209386281588448,0.1859,1490.341,26.901
