epoch,loss,accuracy,runtime,samples_per_second,steps_per_second
1.0,0.7143871784210205,0.5270758122743683,0.5895,469.902,8.482
2.0,0.7312989830970764,0.4729241877256318,0.5865,472.316,8.526
3.0,0.6923123002052307,0.5270758122743683,0.5888,470.467,8.492
4.0,0.7042831182479858,0.4729241877256318,0.5862,472.54,8.53
5.0,0.6920567154884338,0.5270758122743683,0.5883,470.888,8.5
