epoch,loss,accuracy,runtime,samples_per_second,steps_per_second
1.0,1.2381558418273926,0.3273560876209883,5.2389,1873.47,29.395
2.0,1.18964421749115,0.3273560876209883,5.1837,1893.437,29.709
3.0,1.4450023174285889,0.3273560876209883,5.1301,1913.209,30.019
4.0,1.2118256092071533,0.3544574630667346,5.2634,1864.769,29.259
5.0,1.0994099378585815,0.3273560876209883,5.1479,1906.591,29.915
