epoch,loss,accuracy,f1,runtime,samples_per_second,steps_per_second
1.0,0.6286585330963135,0.6838235294117647,0.8122270742358079,0.9551,427.192,7.329
2.0,0.6292126178741455,0.6838235294117647,0.8122270742358079,0.9662,422.275,7.245
3.0,0.623898983001709,0.6838235294117647,0.8122270742358079,0.9721,419.705,7.201
4.0,0.6243603229522705,0.6838235294117647,0.8122270742358079,0.9717,419.886,7.204
5.0,0.6247313022613525,0.6838235294117647,0.8122270742358079,0.9672,421.854,7.238
