epoch,loss,matthews_correlation,runtime,samples_per_second,steps_per_second
1.0,0.6574303507804871,0.0,1.6402,635.916,10.365
2.0,0.6454553604125977,0.0,1.6476,633.031,10.318
3.0,0.6193901300430298,0.0,1.6433,634.685,10.345
4.0,0.6314256191253662,0.0,1.6461,633.6,10.327
5.0,0.6201958656311035,0.0,1.6443,634.331,10.339
