epoch,loss,matthews_correlation,runtime,samples_per_second,steps_per_second
1.0,0.48323866724967957,0.5894578624224635,1.6576,629.238,10.256
2.0,0.35566988587379456,0.6711552864505742,1.6567,629.568,10.261
3.0,0.346127450466156,0.6725572081041828,1.6625,627.373,10.226
4.0,0.4423271715641022,0.6578857206606039,1.6626,627.328,10.225
5.0,0.4842551052570343,0.655518311098689,1.6569,629.475,10.26
