epoch,loss,matthews_correlation,runtime,samples_per_second,steps_per_second
1.0,0.6188735365867615,0.0,2.6893,387.833,6.321
2.0,0.6287882924079895,0.0,2.6778,389.504,6.349
3.0,0.6180980801582336,0.0,2.6751,389.887,6.355
4.0,0.623167872428894,0.0,2.685,388.448,6.331
5.0,0.6193203926086426,0.0,2.6822,388.864,6.338
