epoch,loss,accuracy,runtime,samples_per_second,steps_per_second
1.0,0.6931695342063904,0.5053999633900788,3.8639,1413.863,22.257
2.0,0.6931231617927551,0.4946000366099213,3.8573,1416.26,22.295
3.0,0.6931600570678711,0.4946000366099213,3.8416,1422.064,22.387
4.0,0.6929594278335571,0.5053999633900788,3.8246,1428.403,22.486
5.0,0.6930756568908691,0.5053999633900788,3.8141,1432.322,22.548
