epoch,loss,accuracy,f1,runtime,samples_per_second,steps_per_second
1.0,0.6349774599075317,0.6838235294117647,0.8122270742358079,0.2454,1662.901,28.53
2.0,0.6245248913764954,0.6838235294117647,0.8122270742358079,0.2469,1652.248,28.347
3.0,0.6361442804336548,0.6838235294117647,0.8122270742358079,0.2487,1640.242,28.141
4.0,0.6257270574569702,0.6838235294117647,0.8122270742358079,0.2436,1675.217,28.741
5.0,0.6249748468399048,0.6838235294117647,0.8122270742358079,0.2438,1673.286,28.708
