epoch,loss,matthews_correlation,runtime,samples_per_second,steps_per_second
1.0,0.6183501482009888,0.0,2.5884,402.956,6.568
2.0,0.6232587099075317,0.0,2.6935,387.222,6.311
3.0,0.6187275052070618,0.0,2.7229,383.044,6.243
4.0,0.624616801738739,0.0,2.6846,388.513,6.332
5.0,0.6195954084396362,0.0,2.6765,389.689,6.352
