epoch,loss,matthews_correlation,runtime,samples_per_second,steps_per_second
1.0,1.0527268648147583,0.0,1.7225,605.513,9.869
2.0,1.1067854166030884,0.0,1.674,623.062,10.155
3.0,1.1770403385162354,0.0,1.6658,626.115,10.205
4.0,0.8941265344619751,0.0,1.6856,618.783,10.086
5.0,0.6269236207008362,0.0,1.6823,619.967,10.105
