epoch,loss,accuracy,runtime,samples_per_second,steps_per_second
1.0,0.9007137417793274,0.4908256880733945,0.4919,1772.851,28.463
2.0,0.7981964945793152,0.5091743119266054,0.4923,1771.314,28.439
3.0,1.0678201913833618,0.5091743119266054,0.4912,1775.403,28.504
4.0,0.7559959888458252,0.4908256880733945,0.4881,1786.529,28.683
5.0,0.6986117362976074,0.5091743119266054,0.495,1761.598,28.283
