epoch,loss,matthews_correlation,runtime,samples_per_second,steps_per_second
1.0,0.6233277916908264,0.0,0.5818,1792.564,29.217
2.0,0.6213510036468506,0.0,0.6011,1735.068,28.28
3.0,0.6358430981636047,0.0,0.6011,1735.145,28.281
4.0,0.6192766427993774,0.0,0.5794,1800.042,29.339
5.0,0.6201351881027222,0.0,0.5799,1798.458,29.313
