epoch,loss,accuracy,runtime,samples_per_second,steps_per_second
1.0,1.1147756576538086,0.5270758122743683,0.4356,635.924,11.479
2.0,0.8682839274406433,0.4729241877256318,0.4345,637.495,11.507
3.0,0.8349723815917969,0.4729241877256318,0.4351,636.682,11.492
4.0,0.6925449967384338,0.5270758122743683,0.4338,638.578,11.527
5.0,0.7084925770759583,0.5270758122743683,0.434,638.248,11.521
