epoch,loss,accuracy,runtime,samples_per_second,steps_per_second
1.0,0.13844236731529236,0.9575688073394495,1.3676,637.626,10.237
2.0,0.15279637277126312,0.9610091743119266,1.3695,636.725,10.223
3.0,0.13985000550746918,0.9541284403669725,1.3908,626.989,10.066
4.0,0.13830026984214783,0.9575688073394495,1.3674,637.71,10.238
5.0,0.13880383968353271,0.9575688073394495,1.3666,638.081,10.244
