epoch,loss,accuracy,runtime,samples_per_second,steps_per_second
1.0,0.15516681969165802,0.9506880733944955,2.1973,396.857,6.372
2.0,0.16474825143814087,0.9564220183486238,2.1911,397.978,6.39
3.0,0.13627365231513977,0.9564220183486238,2.1606,403.588,6.48
4.0,0.1454862356185913,0.9621559633027523,2.1549,404.664,6.497
5.0,0.16505081951618195,0.9610091743119266,2.1574,404.191,6.489
