epoch,loss,accuracy,runtime,samples_per_second,steps_per_second
1.0,0.6925538182258606,0.5270758122743683,0.8558,323.671,5.842
2.0,0.6979707479476929,0.4729241877256318,0.8201,337.768,6.097
3.0,0.6929662823677063,0.5270758122743683,0.6526,424.442,7.661
4.0,0.6928905248641968,0.5270758122743683,0.8311,333.3,6.016
5.0,0.6931548118591309,0.4729241877256318,0.3912,708.025,12.78
