epoch,loss,accuracy,runtime,samples_per_second,steps_per_second
1.0,0.693748950958252,0.4729241877256318,0.4727,585.998,10.578
2.0,0.6940662264823914,0.5270758122743683,0.4866,569.305,10.276
3.0,0.6965675950050354,0.5270758122743683,0.4698,589.671,10.644
4.0,0.7029328346252441,0.4729241877256318,0.473,585.592,10.57
5.0,0.6917641162872314,0.5270758122743683,0.4726,586.118,10.58
