epoch,loss,matthews_correlation,runtime,samples_per_second,steps_per_second
1.0,0.39484918117523193,0.6015805476045657,1.6456,633.81,10.331
2.0,0.36486440896987915,0.641341693619702,1.6453,633.918,10.332
3.0,0.40020352602005005,0.6306644810568987,1.6412,635.505,10.358
4.0,0.4909369647502899,0.6431079373028232,1.6425,635.026,10.35
5.0,0.5002280473709106,0.6651597656677375,1.6509,631.769,10.297
