epoch,loss,accuracy,runtime,samples_per_second,steps_per_second
1.0,0.26053255796432495,0.9151376146788991,0.2587,3370.251,54.11
2.0,0.2621709108352661,0.9243119266055045,0.257,3392.839,54.472
3.0,0.23444810509681702,0.9220183486238532,0.2523,3456.297,55.491
4.0,0.2717147171497345,0.9254587155963303,0.5952,1465.072,23.522
5.0,0.29688751697540283,0.9243119266055045,0.2566,3398.394,54.561
