epoch,loss,accuracy,f1,runtime,samples_per_second,steps_per_second
1.0,0.4774366021156311,0.7696078431372549,0.8493589743589743,0.2454,1662.272,28.519
2.0,0.4395487308502197,0.8161764705882353,0.8760330578512396,0.2463,1656.807,28.426
3.0,0.3996157944202423,0.7941176470588235,0.832,0.2449,1665.712,28.578
4.0,0.4179174304008484,0.8578431372549019,0.9,0.2458,1659.797,28.477
5.0,0.4253191351890564,0.8725490196078431,0.9106529209621993,0.247,1651.79,28.34
