epoch,loss,accuracy,runtime,samples_per_second,steps_per_second
1.0,0.7022100687026978,0.4729241877256318,0.2138,1295.362,23.382
2.0,0.6933664083480835,0.4729241877256318,0.2138,1295.472,23.384
3.0,0.6920760869979858,0.5270758122743683,0.22,1258.957,22.725
4.0,0.6927353739738464,0.5270758122743683,0.2151,1287.592,23.242
5.0,0.6929433941841125,0.5270758122743683,0.2164,1280.318,23.11
