epoch,loss,accuracy,runtime,samples_per_second,steps_per_second
1.0,0.1802104264497757,0.9311926605504587,1.4302,609.696,9.789
2.0,0.20874810218811035,0.9346330275229358,1.431,609.369,9.783
3.0,0.19482514262199402,0.9438073394495413,1.3944,625.378,10.04
4.0,0.20823155343532562,0.9403669724770642,1.414,616.711,9.901
5.0,0.2277299016714096,0.9369266055045872,1.3999,622.918,10.001
