epoch,loss,accuracy,f1,runtime,samples_per_second,steps_per_second
1.0,0.6240898370742798,0.6838235294117647,0.8122270742358079,0.7161,569.737,9.775
2.0,0.6289499402046204,0.6838235294117647,0.8122270742358079,0.7186,567.759,9.741
3.0,0.6258113980293274,0.6838235294117647,0.8122270742358079,0.7175,568.609,9.756
4.0,0.6248264908790588,0.6838235294117647,0.8122270742358079,0.7173,568.839,9.759
5.0,0.6248084902763367,0.6838235294117647,0.8122270742358079,0.716,569.842,9.777
