epoch,loss,matthews_correlation,runtime,samples_per_second,steps_per_second
1.0,0.6420593857765198,0.0,1.7437,598.156,9.749
2.0,0.6353423595428467,0.0,1.7337,601.591,9.805
3.0,0.6431688070297241,0.0,1.6935,615.875,10.038
4.0,0.6190783381462097,0.0,1.7143,608.428,9.917
5.0,0.6181519031524658,0.0,1.7015,612.972,9.991
