epoch,loss,accuracy,runtime,samples_per_second,steps_per_second
1.0,0.618135929107666,0.6674311926605505,0.4864,1792.655,28.781
2.0,0.69536292552948,0.5091743119266054,0.4843,1800.655,28.91
3.0,0.6935901045799255,0.5091743119266054,0.4849,1798.382,28.873
4.0,0.6946249008178711,0.5091743119266054,0.4921,1772.12,28.451
5.0,0.6972790360450745,0.5091743119266054,0.4867,1791.732,28.766
