epoch,loss,matthews_correlation,runtime,samples_per_second,steps_per_second
1.0,0.6235716938972473,0.0,0.5892,1770.277,28.854
2.0,0.6182148456573486,0.0,0.5867,1777.638,28.974
3.0,0.6186331510543823,0.0,0.6113,1706.101,27.808
4.0,0.620002269744873,0.0,0.5886,1771.951,28.881
5.0,0.6189671754837036,0.0,0.5949,1753.315,28.578
