epoch,loss,matthews_correlation,runtime,samples_per_second,steps_per_second
1.0,0.4376823902130127,0.5204171071475757,0.6021,1732.276,28.235
2.0,0.4539519250392914,0.562461217631608,0.5809,1795.575,29.266
3.0,0.42915064096450806,0.5624034645452709,0.5633,1851.713,30.181
4.0,0.49421143531799316,0.5962108323383991,0.5644,1847.958,30.12
5.0,0.48812630772590637,0.6232164195970928,0.5658,1843.388,30.046
