epoch,loss,accuracy,runtime,samples_per_second,steps_per_second
1.0,0.15015944838523865,0.9518348623853211,1.3603,641.042,10.292
2.0,0.16212813556194305,0.9587155963302753,1.3463,647.72,10.399
3.0,0.14714372158050537,0.9518348623853211,1.3612,640.61,10.285
4.0,0.1502894014120102,0.9541284403669725,1.3465,647.584,10.397
5.0,0.15382052958011627,0.9541284403669725,1.3465,647.606,10.397
