epoch,loss,accuracy,f1,runtime,samples_per_second,steps_per_second
1.0,0.582710862159729,0.7009803921568627,0.8200589970501475,1.4887,274.061,4.702
2.0,0.4049038290977478,0.8529411764705882,0.8983050847457628,2.8903,141.16,2.422
3.0,0.25797492265701294,0.8995098039215687,0.9281961471103327,2.7549,148.099,2.541
4.0,0.29469242691993713,0.8995098039215687,0.9291882556131261,2.7072,150.709,2.586
5.0,0.32160741090774536,0.8970588235294118,0.9252669039145908,2.5892,157.577,2.704
