epoch,loss,matthews_correlation,runtime,samples_per_second,steps_per_second
1.0,0.6189454197883606,0.0,2.0639,505.357,8.237
2.0,0.6377936005592346,0.0,2.0681,504.327,8.22
3.0,0.6460996866226196,0.0,2.0697,503.946,8.214
4.0,0.6187717318534851,0.0,2.0708,503.671,8.209
5.0,0.6183974146842957,0.0,2.0758,502.461,8.19
