epoch,loss,matthews_correlation,runtime,samples_per_second,steps_per_second
1.0,0.8315179347991943,0.0,0.6284,1659.868,27.054
2.0,0.6269662380218506,0.0,0.6226,1675.338,27.307
3.0,0.7255256772041321,0.0,0.6162,1692.761,27.591
4.0,0.6253178715705872,0.0,0.6051,1723.627,28.094
5.0,0.6198812127113342,0.0,0.6037,1727.695,28.16
