epoch,loss,accuracy,f1,runtime,samples_per_second,steps_per_second
1.0,0.625603199005127,0.6838235294117647,0.8122270742358079,0.2389,1707.738,29.299
2.0,0.6244004368782043,0.6838235294117647,0.8122270742358079,0.2411,1691.989,29.029
3.0,0.6241215467453003,0.6838235294117647,0.8122270742358079,0.2424,1682.975,28.875
4.0,0.6270321011543274,0.6838235294117647,0.8122270742358079,0.2409,1693.84,29.061
5.0,0.6253949403762817,0.6838235294117647,0.8122270742358079,0.2443,1670.258,28.656
