epoch,loss,accuracy,f1,runtime,samples_per_second,steps_per_second
1.0,0.8011353611946106,0.6838235294117647,0.8122270742358079,0.2572,1586.016,27.211
2.0,0.9785526394844055,0.6838235294117647,0.8122270742358079,0.2604,1567.021,26.885
3.0,0.7290589809417725,0.3161764705882353,0.0,0.2617,1558.871,26.745
4.0,0.64520263671875,0.6838235294117647,0.8122270742358079,0.2612,1562.112,26.801
5.0,0.6242550015449524,0.6838235294117647,0.8122270742358079,0.2587,1577.21,27.06
