epoch,loss,matthews_correlation,runtime,samples_per_second,steps_per_second
1.0,0.6187111139297485,0.0,2.5054,416.308,6.785
2.0,0.6205200552940369,0.0,3.0938,337.126,5.495
3.0,0.6179789304733276,0.0,3.8005,274.437,4.473
4.0,0.6213805079460144,0.0,3.7604,277.362,4.521
5.0,0.6191553473472595,0.0,3.8027,274.281,4.471
