epoch,loss,accuracy,runtime,samples_per_second,steps_per_second
1.0,0.9126216769218445,0.4946000366099213,3.0434,1795.02,28.258
2.0,0.7421866655349731,0.4946000366099213,3.0453,1793.898,28.24
3.0,0.7006877064704895,0.5053999633900788,3.0609,1784.743,28.096
4.0,0.6958439350128174,0.5053999633900788,3.0511,1790.498,28.187
5.0,0.6938349604606628,0.5053999633900788,3.0356,1799.672,28.331
