epoch,loss,accuracy,f1,runtime,samples_per_second,steps_per_second
1.0,0.6604177355766296,0.6838235294117647,0.8122270742358079,0.636,641.542,11.007
2.0,1.305499792098999,0.3161764705882353,0.0,0.6378,639.657,10.975
3.0,0.6697725653648376,0.6838235294117647,0.8122270742358079,0.6377,639.752,10.976
4.0,0.6319239139556885,0.6838235294117647,0.8122270742358079,0.6603,617.86,10.601
5.0,0.626563549041748,0.6838235294117647,0.8122270742358079,0.6342,643.297,11.037
