epoch,loss,matthews_correlation,runtime,samples_per_second,steps_per_second
1.0,0.47706201672554016,0.5481377727255567,2.0081,519.384,8.466
2.0,0.3761330544948578,0.6240838974095094,2.0019,521.018,8.492
3.0,0.38594508171081543,0.6233293453039225,4.2658,244.505,3.985
4.0,0.5382748246192932,0.6009540363352786,4.3026,242.413,3.951
5.0,0.5544068813323975,0.623213654281254,4.2369,246.172,4.012
