epoch,loss,accuracy,runtime,samples_per_second,steps_per_second
1.0,0.921972393989563,0.4729241877256318,0.1678,1651.228,29.806
2.0,0.6917763948440552,0.5270758122743683,0.1687,1641.632,29.632
3.0,0.7251893281936646,0.4729241877256318,0.1676,1652.524,29.829
4.0,0.6916917562484741,0.5270758122743683,0.1684,1644.846,29.69
5.0,0.6918046474456787,0.5270758122743683,0.1684,1645.077,29.695
