epoch,loss,accuracy,f1,runtime,samples_per_second,steps_per_second
1.0,0.6249551177024841,0.6838235294117647,0.8122270742358079,0.9879,412.997,7.086
2.0,0.6274408102035522,0.6838235294117647,0.8122270742358079,0.9932,410.8,7.048
3.0,0.6240078806877136,0.6838235294117647,0.8122270742358079,0.9915,411.505,7.06
4.0,0.6243974566459656,0.6838235294117647,0.8122270742358079,0.9914,411.528,7.061
5.0,0.6243376135826111,0.6838235294117647,0.8122270742358079,0.9885,412.726,7.081
