epoch,loss,accuracy,runtime,samples_per_second,steps_per_second
1.0,0.725923478603363,0.4729241877256318,0.5117,541.35,9.772
2.0,0.5684832334518433,0.7184115523465704,0.4581,604.709,10.915
3.0,0.43838533759117126,0.8122743682310469,0.491,564.144,10.183
4.0,0.4541482627391815,0.8303249097472925,0.4372,633.563,11.436
5.0,0.48951148986816406,0.8303249097472925,0.4413,627.63,11.329
