epoch,loss,accuracy,f1,runtime,samples_per_second,steps_per_second
1.0,0.6338441371917725,0.6838235294117647,0.8122270742358079,0.3219,1267.507,21.746
2.0,0.6427863836288452,0.6838235294117647,0.8122270742358079,0.3178,1283.847,22.027
3.0,0.641899585723877,0.6838235294117647,0.8122270742358079,0.316,1291.229,22.153
4.0,0.6240108609199524,0.6838235294117647,0.8122270742358079,0.3252,1254.604,21.525
5.0,0.6249078512191772,0.6838235294117647,0.8122270742358079,0.318,1283.174,22.015
