epoch,loss,accuracy,f1,runtime,samples_per_second,steps_per_second
1.0,0.6303962469100952,0.6838235294117647,0.8122270742358079,0.3182,1282.322,22.001
2.0,0.6242448687553406,0.6838235294117647,0.8122270742358079,0.3234,1261.76,21.648
3.0,0.6255654692649841,0.6838235294117647,0.8122270742358079,0.325,1255.5,21.54
4.0,0.6241622567176819,0.6838235294117647,0.8122270742358079,0.3236,1260.886,21.633
5.0,0.6244303584098816,0.6838235294117647,0.8122270742358079,0.3266,1249.153,21.432
