epoch,loss,matthews_correlation,runtime,samples_per_second,steps_per_second
1.0,0.4526185691356659,0.4890652579027221,0.5662,1842.159,30.026
2.0,0.44990745186805725,0.508446504598424,0.5788,1802.148,29.373
3.0,0.4620080888271332,0.5390322970786539,0.59,1767.68,28.812
4.0,0.4790676236152649,0.5598962230809679,0.5842,1785.197,29.097
5.0,0.4654962420463562,0.5678267214677118,0.5688,1833.733,29.888
