epoch,loss,matthews_correlation,runtime,samples_per_second,steps_per_second
1.0,0.6252211928367615,0.0,1.6042,650.156,10.597
2.0,0.6921880841255188,0.0,1.6078,648.727,10.574
3.0,0.6584768891334534,0.0,1.6147,645.946,10.528
4.0,0.6184425950050354,0.0,1.6179,644.682,10.508
5.0,0.6183382272720337,0.0,1.6129,646.678,10.54
