epoch,loss,matthews_correlation,runtime,samples_per_second,steps_per_second
1.0,0.6744409203529358,0.0,1.6489,632.553,10.31
2.0,0.6305185556411743,0.0,1.6544,630.441,10.276
3.0,0.6181748509407043,0.0,1.6527,631.082,10.286
4.0,0.6281031370162964,0.0,1.6578,629.156,10.255
5.0,0.6191544532775879,0.0,1.6601,628.265,10.24
