epoch,loss,matthews_correlation,runtime,samples_per_second,steps_per_second
1.0,0.5423983335494995,0.14589040785945767,1.8433,565.84,9.223
2.0,0.41244709491729736,0.5697923500655584,1.8485,564.231,9.196
3.0,0.4416804611682892,0.5338774230813111,1.8481,564.354,9.198
4.0,0.5316761136054993,0.5654284260149138,1.8497,563.884,9.191
5.0,0.46555668115615845,0.5755298089385917,1.898,549.537,8.957
