epoch,loss,matthews_correlation,runtime,samples_per_second,steps_per_second
1.0,0.548842191696167,0.44394615350761574,0.594,1755.776,28.618
2.0,0.4651266932487488,0.5197669430092784,0.5939,1756.124,28.623
3.0,0.45756271481513977,0.5480080758935534,0.5937,1756.725,28.633
4.0,0.4838816523551941,0.5207564470857148,0.5968,1747.521,28.483
5.0,0.4638601541519165,0.5632084517291658,0.5971,1746.73,28.47
