epoch,loss,accuracy,f1,runtime,samples_per_second,steps_per_second
1.0,0.6265312433242798,0.6838235294117647,0.8122270742358079,0.2897,1408.226,24.161
2.0,0.6267299056053162,0.6838235294117647,0.8122270742358079,0.2916,1399.257,24.007
3.0,0.6248366236686707,0.6838235294117647,0.8122270742358079,0.2919,1397.509,23.977
4.0,0.6252638697624207,0.6838235294117647,0.8122270742358079,0.292,1397.294,23.973
5.0,0.6250909566879272,0.6838235294117647,0.8122270742358079,0.2914,1400.174,24.023
