epoch,loss,accuracy,runtime,samples_per_second,steps_per_second
1.0,0.7554292678833008,0.5270758122743683,0.5841,474.217,8.56
2.0,0.6989648938179016,0.5270758122743683,0.5859,472.748,8.533
3.0,0.6917870044708252,0.5270758122743683,0.588,471.099,8.504
4.0,0.6938107013702393,0.4729241877256318,0.5892,470.099,8.486
5.0,0.6925203800201416,0.5270758122743683,0.59,469.484,8.474
