epoch,loss,accuracy,f1,runtime,samples_per_second,steps_per_second
1.0,0.42641058564186096,0.8161764705882353,0.8752079866888519,0.2406,1695.889,29.096
2.0,0.4487442076206207,0.8578431372549019,0.902027027027027,0.2416,1688.467,28.969
3.0,0.3270838260650635,0.8725490196078431,0.9011406844106464,0.2414,1690.289,29.0
4.0,0.3498880863189697,0.8774509803921569,0.9131944444444444,0.2402,1698.389,29.139
5.0,0.4205477237701416,0.8725490196078431,0.9087719298245615,0.2497,1633.906,28.033
