epoch,loss,accuracy,runtime,samples_per_second,steps_per_second
1.0,0.725923478603363,0.4729241877256318,0.4319,641.299,11.576
2.0,0.5684832334518433,0.7184115523465704,0.4341,638.059,11.517
3.0,0.43838533759117126,0.8122743682310469,0.4334,639.076,11.536
4.0,0.4541482627391815,0.8303249097472925,0.443,625.326,11.287
5.0,0.48951148986816406,0.8303249097472925,0.4332,639.491,11.543
