epoch,loss,accuracy,runtime,samples_per_second,steps_per_second
1.0,0.6962026953697205,0.4729241877256318,0.165,1678.58,30.299
2.0,0.6899026036262512,0.516245487364621,0.1698,1631.683,29.453
3.0,0.6027299165725708,0.6823104693140795,0.1666,1662.877,30.016
4.0,0.5682180523872375,0.703971119133574,0.1661,1667.481,30.099
5.0,0.5558559894561768,0.7111913357400722,0.1655,1673.765,30.212
