epoch,loss,accuracy,runtime,samples_per_second,steps_per_second
1.0,0.6936272978782654,0.5270758122743683,0.1775,1560.89,28.175
2.0,0.708965003490448,0.4729241877256318,0.1791,1546.69,27.919
3.0,0.6920355558395386,0.5270758122743683,0.1817,1524.607,27.52
4.0,0.6985189318656921,0.4729241877256318,0.1778,1557.981,28.122
5.0,0.6940732598304749,0.4729241877256318,0.1919,1443.401,26.054
