epoch,loss,matthews_correlation,runtime,samples_per_second,steps_per_second
1.0,0.4280058443546295,0.5282217682774969,0.5977,1745.122,28.444
2.0,0.4173087477684021,0.5297786722658289,0.586,1779.975,29.012
3.0,0.4343256950378418,0.5677348492150284,0.5862,1779.347,29.002
4.0,0.4958188235759735,0.5701789905913004,0.5868,1777.51,28.972
5.0,0.48350703716278076,0.5931314229261737,0.5924,1760.699,28.698
