epoch,loss,accuracy,f1,runtime,samples_per_second,steps_per_second
1.0,0.6387652158737183,0.6838235294117647,0.8122270742358079,0.6412,636.34,10.918
2.0,0.721900463104248,0.6838235294117647,0.8122270742358079,0.6541,623.742,10.701
3.0,0.645263671875,0.6838235294117647,0.8122270742358079,0.6484,629.221,10.795
4.0,0.6874353885650635,0.6838235294117647,0.8122270742358079,0.6411,636.364,10.918
5.0,0.627173900604248,0.6838235294117647,0.8122270742358079,0.6434,634.112,10.879
