epoch,loss,matthews_correlation,runtime,samples_per_second,steps_per_second
1.0,0.6436370611190796,0.0,2.6764,389.7,6.352
2.0,0.6930227875709534,0.0,2.6789,389.34,6.346
3.0,0.6184793710708618,0.0,2.6731,390.189,6.36
4.0,0.6348194479942322,0.0,2.6929,387.31,6.313
5.0,0.6197845935821533,0.0,2.6838,388.629,6.334
