epoch,loss,accuracy,runtime,samples_per_second,steps_per_second
1.0,0.6919967532157898,0.5270758122743683,0.1649,1680.131,30.327
2.0,0.6921360492706299,0.5270758122743683,0.164,1688.661,30.481
3.0,0.6917182803153992,0.5270758122743683,0.1642,1686.513,30.442
4.0,0.6983603239059448,0.4729241877256318,0.1652,1677.213,30.275
5.0,0.6940644979476929,0.4729241877256318,0.1659,1669.709,30.139
