epoch,loss,accuracy,f1,runtime,samples_per_second,steps_per_second
1.0,0.6304447054862976,0.6838235294117647,0.8122270742358079,0.2581,1580.695,27.12
2.0,0.6240395903587341,0.6838235294117647,0.8122270742358079,0.2454,1662.284,28.52
3.0,0.6247905492782593,0.6838235294117647,0.8122270742358079,0.2625,1554.267,26.666
4.0,0.6322757601737976,0.6838235294117647,0.8122270742358079,0.2454,1662.632,28.526
5.0,0.6261381506919861,0.6838235294117647,0.8122270742358079,0.2461,1657.68,28.441
