epoch,loss,matthews_correlation,runtime,samples_per_second,steps_per_second
1.0,0.6208690404891968,0.0,2.0274,514.454,8.385
2.0,0.6227453947067261,0.0,2.045,510.026,8.313
3.0,0.6180512309074402,0.0,2.0251,515.04,8.395
4.0,0.6234293580055237,0.0,2.0202,516.29,8.415
5.0,0.6189290285110474,0.0,2.0356,512.374,8.351
