epoch,loss,accuracy,f1,runtime,samples_per_second,steps_per_second
1.0,0.6266192197799683,0.6838235294117647,0.8122270742358079,0.2454,1662.468,28.523
2.0,0.6273630261421204,0.6838235294117647,0.8122270742358079,0.2403,1697.871,29.13
3.0,0.6270596385002136,0.6838235294117647,0.8122270742358079,0.2401,1699.573,29.159
4.0,0.6250413060188293,0.6838235294117647,0.8122270742358079,0.2394,1703.986,29.235
5.0,0.6248653531074524,0.6838235294117647,0.8122270742358079,0.239,1707.45,29.294
