epoch,loss,accuracy,f1,runtime,samples_per_second,steps_per_second
1.0,0.4128710925579071,0.8063725490196079,0.851782363977486,0.2433,1677.01,28.772
2.0,0.35285013914108276,0.8602941176470589,0.902229845626072,0.2437,1674.217,28.724
3.0,0.3113754689693451,0.8676470588235294,0.8973384030418251,0.2397,1702.034,29.202
4.0,0.29190412163734436,0.8897058823529411,0.9197860962566845,0.2437,1673.875,28.718
5.0,0.309597909450531,0.8946078431372549,0.9222423146473779,0.2414,1690.189,28.998
