epoch,loss,accuracy,runtime,samples_per_second,steps_per_second
1.0,0.16862404346466064,0.9506880733944955,2.0984,415.554,6.672
2.0,0.16805753111839294,0.9575688073394495,2.1584,403.999,6.486
3.0,0.15732955932617188,0.9541284403669725,2.1771,400.53,6.431
4.0,0.15314313769340515,0.9621559633027523,2.1822,399.597,6.416
5.0,0.16235998272895813,0.9598623853211009,2.1643,402.897,6.469
