epoch,loss,accuracy,runtime,samples_per_second,steps_per_second
1.0,0.6923669576644897,0.49458483754512633,0.2197,1260.819,22.758
2.0,0.6920796036720276,0.5126353790613718,0.2168,1277.93,23.067
3.0,0.5863599181175232,0.6967509025270758,0.2187,1266.728,22.865
4.0,0.5805318355560303,0.6967509025270758,0.2185,1267.627,22.881
5.0,0.5834649205207825,0.7075812274368231,0.2372,1167.814,21.08
