epoch,loss,accuracy,runtime,samples_per_second,steps_per_second
1.0,0.7464207410812378,0.5270758122743683,0.4331,639.647,11.546
2.0,0.7853360772132874,0.4729241877256318,0.4324,640.549,11.562
3.0,0.7520059943199158,0.4729241877256318,0.4315,641.927,11.587
4.0,0.7029011249542236,0.5270758122743683,0.4333,639.309,11.54
5.0,0.6920743584632874,0.5270758122743683,0.4463,620.613,11.202
