epoch,loss,matthews_correlation,runtime,samples_per_second,steps_per_second
1.0,0.44995492696762085,0.5057726801015958,0.6478,1610.163,26.244
2.0,0.40811318159103394,0.5640893968881521,0.6489,1607.404,26.199
3.0,0.4669930636882782,0.5931328329100475,0.6491,1606.832,26.19
4.0,0.543863832950592,0.5892697064297465,0.6572,1586.928,25.866
5.0,0.551513671875,0.6156883886202732,0.6521,1599.477,26.07
