epoch,loss,accuracy,runtime,samples_per_second,steps_per_second
1.0,0.708471417427063,0.4729241877256318,0.1948,1421.923,25.666
2.0,0.7127125859260559,0.4729241877256318,0.196,1413.607,25.516
3.0,0.6917446851730347,0.5270758122743683,0.1969,1406.864,25.395
4.0,0.6974753737449646,0.4729241877256318,0.1946,1423.362,25.692
5.0,0.6940203905105591,0.4729241877256318,0.2027,1366.652,24.669
