epoch,loss,matthews_correlation,runtime,samples_per_second,steps_per_second
1.0,0.432205468416214,0.5458722532834043,1.4814,704.071,11.476
2.0,0.4054100215435028,0.5751032179659222,1.6677,625.403,10.194
3.0,0.5058602094650269,0.5854359148233064,1.7056,611.521,9.967
4.0,0.5714141130447388,0.5959248679518068,1.5011,694.817,11.325
5.0,0.6445916295051575,0.6232638366157678,0.5996,1739.469,28.352
