epoch,loss,accuracy,runtime,samples_per_second,steps_per_second
1.0,0.20940262079238892,0.9231651376146789,0.4951,1761.293,28.278
2.0,0.22974824905395508,0.926605504587156,0.4957,1759.196,28.244
3.0,0.20150963962078094,0.9346330275229358,0.4931,1768.537,28.394
4.0,0.20820178091526031,0.9403669724770642,0.4934,1767.241,28.373
5.0,0.21153035759925842,0.9380733944954128,0.4943,1764.287,28.326
