epoch,loss,accuracy,runtime,samples_per_second,steps_per_second
1.0,0.6877644062042236,0.5306859205776173,0.4514,613.648,11.077
2.0,0.4939953088760376,0.7725631768953068,0.4582,604.497,10.912
3.0,0.39436525106430054,0.8447653429602888,0.4421,626.615,11.311
4.0,0.4075297713279724,0.8592057761732852,0.4465,620.37,11.198
5.0,0.492883563041687,0.8483754512635379,0.4384,631.9,11.406
