epoch,loss,accuracy,runtime,samples_per_second,steps_per_second
1.0,0.7500995993614197,0.5270758122743683,0.4377,632.844,11.423
2.0,0.7339034676551819,0.4729241877256318,0.4402,629.214,11.358
3.0,0.6921271681785583,0.5270758122743683,0.4404,629.019,11.354
4.0,0.6969801187515259,0.4729241877256318,0.4383,632.009,11.408
5.0,0.6920285224914551,0.5270758122743683,0.4411,628.045,11.337
