epoch,loss,accuracy,runtime,samples_per_second,steps_per_second
1.0,0.2666494846343994,0.9028006589785832,3.1032,1760.417,27.713
2.0,0.33581700921058655,0.8696686802123376,3.0945,1765.413,27.792
3.0,0.3605594336986542,0.8612483983159436,3.0974,1763.73,27.765
4.0,0.3189767301082611,0.8791872597473915,3.1023,1760.959,27.721
5.0,0.2787078320980072,0.8927329306241991,3.1049,1759.462,27.698
