epoch,loss,accuracy,f1,runtime,samples_per_second,steps_per_second
1.0,0.6534543633460999,0.6838235294117647,0.8122270742358079,0.7055,578.295,9.922
2.0,0.6928459405899048,0.6838235294117647,0.8122270742358079,0.7124,572.699,9.826
3.0,0.6387831568717957,0.6838235294117647,0.8122270742358079,0.7061,577.806,9.913
4.0,0.6785637140274048,0.6838235294117647,0.8122270742358079,0.705,578.715,9.929
5.0,0.6265384554862976,0.6838235294117647,0.8122270742358079,0.7003,582.645,9.996
