epoch,loss,accuracy,f1,runtime,samples_per_second,steps_per_second
1.0,0.363217294216156,0.8284313725490197,0.8805460750853242,0.2425,1682.25,28.862
2.0,0.3081992268562317,0.875,0.9109947643979057,0.2436,1674.861,28.735
3.0,0.31955644488334656,0.8774509803921569,0.9074074074074074,0.247,1651.546,28.335
4.0,0.3480185270309448,0.8897058823529411,0.9203539823008849,0.2463,1656.594,28.422
5.0,0.38908088207244873,0.8921568627450981,0.921146953405018,0.2572,1586.527,27.22
