epoch,loss,accuracy,f1,runtime,samples_per_second,steps_per_second
1.0,0.5462909936904907,0.7205882352941176,0.821875,0.2388,1708.496,29.312
2.0,0.39993974566459656,0.8088235294117647,0.8704318936877077,0.2413,1690.864,29.01
3.0,0.3376484811306,0.8480392156862745,0.8880866425992779,0.2412,1691.425,29.02
4.0,0.323394775390625,0.8602941176470589,0.8983957219251337,0.2384,1711.079,29.357
5.0,0.31760579347610474,0.8651960784313726,0.9012567324955116,0.2468,1652.896,28.359
