epoch,loss,accuracy,runtime,samples_per_second,steps_per_second
1.0,0.6923229098320007,0.5270758122743683,1.0933,253.358,4.573
2.0,0.7000543475151062,0.4729241877256318,1.1328,244.528,4.414
3.0,0.698804497718811,0.5270758122743683,1.1392,243.16,4.389
4.0,0.695855438709259,0.4729241877256318,1.1429,242.375,4.375
5.0,0.6927054524421692,0.5270758122743683,1.1601,238.78,4.31
