epoch,loss,accuracy,runtime,samples_per_second,steps_per_second
1.0,0.7814871072769165,0.4729241877256318,0.4324,640.674,11.565
2.0,0.6959400177001953,0.4729241877256318,0.4336,638.853,11.532
3.0,0.7029011249542236,0.5270758122743683,0.4334,639.153,11.537
4.0,0.6971192955970764,0.49458483754512633,0.4337,638.764,11.53
5.0,0.691422164440155,0.5306859205776173,0.4555,608.153,10.977
