epoch,loss,accuracy,f1,runtime,samples_per_second,steps_per_second
1.0,0.624718189239502,0.6838235294117647,0.8122270742358079,0.2478,1646.625,28.251
2.0,0.6242209076881409,0.6838235294117647,0.8122270742358079,0.2673,1526.584,26.191
3.0,0.6275383234024048,0.6838235294117647,0.8122270742358079,0.2481,1644.64,28.217
4.0,0.6243926286697388,0.6838235294117647,0.8122270742358079,0.2574,1585.337,27.199
5.0,0.6246487498283386,0.6838235294117647,0.8122270742358079,0.2488,1640.113,28.139
