epoch,loss,accuracy,runtime,samples_per_second,steps_per_second
1.0,2.275770425796509,0.4729241877256318,7.4409,37.226,0.134
2.0,1.7565258741378784,0.4729241877256318,7.8503,35.285,0.127
3.0,0.7847549915313721,0.4729241877256318,8.095,34.219,0.124
4.0,0.7004333138465881,0.4729241877256318,5.866,47.222,0.17
5.0,0.6932268142700195,0.4729241877256318,6.8536,40.417,0.146
