epoch,loss,accuracy,runtime,samples_per_second,steps_per_second
1.0,0.6571383476257324,0.6101083032490975,0.0848,3266.886,58.969
2.0,0.5829558372497559,0.6895306859205776,0.0855,3241.212,58.506
3.0,0.622449517250061,0.7075812274368231,0.0854,3245.187,58.577
4.0,0.5943117737770081,0.776173285198556,0.0864,3204.302,57.839
5.0,0.6969950199127197,0.7942238267148014,0.0856,3235.246,58.398
