epoch,loss,accuracy,runtime,samples_per_second,steps_per_second
1.0,0.7090072631835938,0.4729241877256318,0.5961,464.655,8.387
2.0,0.7024075388908386,0.4729241877256318,0.6059,457.2,8.253
3.0,0.6970276832580566,0.5270758122743683,0.5979,463.279,8.362
4.0,0.6946020722389221,0.4729241877256318,0.6,461.666,8.333
5.0,0.6941754817962646,0.4729241877256318,0.6001,461.557,8.331
