epoch,loss,accuracy,f1,runtime,samples_per_second,steps_per_second
1.0,0.5525811314582825,0.7769607843137255,0.8539325842696629,0.648,629.656,10.803
2.0,0.40839147567749023,0.8823529411764706,0.9191919191919192,0.6467,630.889,10.824
3.0,0.3099408745765686,0.8651960784313726,0.8956356736242884,0.6474,630.262,10.813
4.0,0.31254658102989197,0.8823529411764706,0.9157894736842105,0.6489,628.715,10.787
5.0,0.33756354451179504,0.8970588235294118,0.925531914893617,0.6495,628.168,10.777
