epoch,loss,accuracy,f1,runtime,samples_per_second,steps_per_second
1.0,0.4322848618030548,0.7794117647058824,0.8548387096774194,0.2415,1689.777,28.991
2.0,0.3480873107910156,0.8700980392156863,0.9078260869565218,0.2493,1636.751,28.082
3.0,0.3202149271965027,0.8676470588235294,0.8977272727272727,0.2483,1642.888,28.187
4.0,0.2972779870033264,0.8872549019607843,0.9192982456140351,0.2554,1597.732,27.412
5.0,0.30848056077957153,0.8848039215686274,0.9153153153153153,0.242,1686.111,28.928
