epoch,loss,matthews_correlation,runtime,samples_per_second,steps_per_second
1.0,0.6190212368965149,0.0,2.5518,408.73,6.662
2.0,0.6262335777282715,0.0,2.568,406.149,6.62
3.0,0.618251621723175,0.0,2.558,407.742,6.646
4.0,0.6255826354026794,0.0,2.5577,407.786,6.647
5.0,0.6201351881027222,0.0,2.5707,405.734,6.613
