epoch,loss,accuracy,runtime,samples_per_second,steps_per_second
1.0,0.8142169713973999,0.4729241877256318,0.4361,635.218,11.466
2.0,0.7769162654876709,0.4729241877256318,0.4411,627.926,11.334
3.0,0.7021008729934692,0.4729241877256318,0.4377,632.917,11.424
4.0,0.6958307027816772,0.4729241877256318,0.4376,632.936,11.425
5.0,0.6921095848083496,0.5270758122743683,0.4401,629.427,11.361
