epoch,loss,accuracy,runtime,samples_per_second,steps_per_second
1.0,0.7002500295639038,0.4729241877256318,0.2585,1071.47,19.341
2.0,0.6255398392677307,0.6570397111913358,0.2182,1269.528,22.916
3.0,0.6610105037689209,0.6678700361010831,0.2177,1272.286,22.965
4.0,0.5950527787208557,0.703971119133574,0.2178,1271.637,22.954
5.0,0.6382356882095337,0.6714801444043321,0.2287,1211.137,21.862
