epoch,loss,accuracy,f1,runtime,samples_per_second,steps_per_second
1.0,0.6137085556983948,0.6838235294117647,0.8122270742358079,9.8694,41.34,0.101
2.0,0.4952349066734314,0.7622549019607843,0.8457869634340223,4.2654,95.654,0.234
3.0,0.331770658493042,0.8529411764705882,0.8936170212765957,4.251,95.978,0.235
4.0,0.302885502576828,0.8651960784313726,0.9029982363315696,7.533,54.162,0.133
5.0,0.3103606104850769,0.8676470588235294,0.906896551724138,5.295,77.053,0.189
