epoch,loss,accuracy,f1,runtime,samples_per_second,steps_per_second
1.0,0.6044975519180298,0.6936274509803921,0.8153618906942393,0.3568,1143.566,19.62
2.0,0.5307646989822388,0.7720588235294118,0.8482871125611745,0.3675,1110.219,19.048
3.0,0.6270219683647156,0.6862745098039216,0.8134110787172012,0.3608,1130.965,19.404
4.0,0.6235447525978088,0.6862745098039216,0.8134110787172012,0.3493,1168.035,20.04
5.0,0.622398853302002,0.6862745098039216,0.8134110787172012,0.3588,1137.261,19.512
