epoch,loss,accuracy,f1,runtime,samples_per_second,steps_per_second
1.0,0.6076292395591736,0.6838235294117647,0.8122270742358079,0.9571,426.283,7.314
2.0,0.40224093198776245,0.8480392156862745,0.8986928104575164,0.9765,417.82,7.168
3.0,0.27170610427856445,0.8651960784313726,0.8979591836734694,0.9858,413.876,7.101
4.0,0.2950303256511688,0.8848039215686274,0.9202037351443124,0.9973,409.121,7.019
5.0,0.2652834355831146,0.9068627450980392,0.9335664335664335,1.0017,407.299,6.988
