epoch,loss,matthews_correlation,runtime,samples_per_second,steps_per_second
1.0,0.6184409856796265,0.0,3.8238,272.765,4.446
2.0,0.622159481048584,0.0,4.0764,255.863,4.17
3.0,0.6183620691299438,0.0,4.0537,257.295,4.194
4.0,0.6215169429779053,0.0,3.8877,268.28,4.373
5.0,0.6197953224182129,0.0,3.9786,262.155,4.273
