epoch,loss,accuracy,runtime,samples_per_second,steps_per_second
1.0,0.698291540145874,0.5270758122743683,0.167,1658.763,29.942
2.0,0.6930808424949646,0.5270758122743683,0.1685,1643.722,29.67
3.0,0.692308783531189,0.5270758122743683,0.1702,1627.578,29.379
4.0,0.6957778930664062,0.4729241877256318,0.1734,1597.347,28.833
5.0,0.6944699287414551,0.4729241877256318,0.1679,1650.154,29.786
