epoch,loss,accuracy,f1,runtime,samples_per_second,steps_per_second
1.0,0.48913460969924927,0.7622549019607843,0.8448,0.2449,1666.079,28.585
2.0,0.34445661306381226,0.8480392156862745,0.89198606271777,0.2435,1675.612,28.748
3.0,0.3039937913417816,0.8676470588235294,0.9,0.2589,1576.192,27.043
4.0,0.30745217204093933,0.8700980392156863,0.9068541300527241,0.2441,1671.302,28.674
5.0,0.306694358587265,0.8725490196078431,0.9064748201438849,0.2663,1532.042,26.285
