epoch,loss,accuracy,f1,runtime,samples_per_second,steps_per_second
1.0,0.45234382152557373,0.7622549019607843,0.8289241622574955,0.2459,1659.492,28.472
2.0,0.3308712840080261,0.8651960784313726,0.9029982363315696,0.2457,1660.574,28.49
3.0,0.3636493682861328,0.8235294117647058,0.857707509881423,0.2491,1637.973,28.102
4.0,0.3219568133354187,0.8725490196078431,0.9068100358422939,0.2465,1655.27,28.399
5.0,0.36185571551322937,0.8774509803921569,0.910394265232975,0.2492,1636.958,28.085
