epoch,loss,matthews_correlation,runtime,samples_per_second,steps_per_second
1.0,0.4267730414867401,0.5096592329455375,0.5862,1779.117,28.998
2.0,0.40243667364120483,0.5665890872682902,0.5799,1798.718,29.318
3.0,0.42959409952163696,0.6056612573992737,0.5849,1783.317,29.067
4.0,0.46151623129844666,0.6106810410474487,0.6363,1639.097,26.716
5.0,0.5046694874763489,0.6082287537654698,0.5974,1745.858,28.456
