epoch,loss,accuracy,runtime,samples_per_second,steps_per_second
1.0,1.2810274362564087,0.5270758122743683,0.1738,1594.171,28.776
2.0,1.7833054065704346,0.5270758122743683,0.1746,1586.263,28.633
3.0,0.7565045356750488,0.5270758122743683,0.176,1573.946,28.411
4.0,0.7062574028968811,0.4729241877256318,0.1766,1568.381,28.31
5.0,0.6975793838500977,0.5270758122743683,0.1758,1575.989,28.447
