epoch,loss,accuracy,runtime,samples_per_second,steps_per_second
1.0,0.21442577242851257,0.9208715596330275,0.5015,1738.924,27.919
2.0,0.24794046580791473,0.9334862385321101,0.5054,1725.536,27.704
3.0,0.28283703327178955,0.930045871559633,0.495,1761.712,28.284
4.0,0.27790749073028564,0.9334862385321101,0.526,1657.638,26.613
5.0,0.3159789443016052,0.9334862385321101,0.5132,1699.263,27.282
