epoch,loss,matthews_correlation,runtime,samples_per_second,steps_per_second
1.0,0.42485255002975464,0.6133109050075183,1.6642,626.72,10.215
2.0,0.3441833257675171,0.6489861770450169,1.6651,626.378,10.209
3.0,0.36810895800590515,0.6505087408484611,1.6816,620.241,10.109
4.0,0.45547622442245483,0.6627190164852294,1.6809,620.507,10.114
5.0,0.4429337978363037,0.6602431665465701,1.6676,625.45,10.194
