epoch,loss,accuracy,runtime,samples_per_second,steps_per_second
1.0,0.2415023148059845,0.9126853377265239,3.0256,1805.609,28.424
2.0,0.2291717231273651,0.9115870400878638,3.0576,1786.706,28.127
3.0,0.19550712406635284,0.9240344133260113,3.0089,1815.636,28.582
4.0,0.20370332896709442,0.9262310086033315,3.0134,1812.925,28.54
5.0,0.20671315491199493,0.9275123558484349,3.0491,1791.671,28.205
