epoch,loss,accuracy,runtime,samples_per_second,steps_per_second
1.0,0.18985509872436523,0.9461009174311926,0.7656,1138.95,18.286
2.0,0.1972399353981018,0.9472477064220184,0.7365,1183.927,19.008
3.0,0.18839934468269348,0.9518348623853211,0.7552,1154.605,18.537
4.0,0.17493630945682526,0.9575688073394495,0.7524,1158.978,18.607
5.0,0.21390977501869202,0.9552752293577982,0.7634,1142.236,18.339
