epoch,loss,accuracy,runtime,samples_per_second,steps_per_second
1.0,0.7017791271209717,0.5270758122743683,0.4399,629.639,11.365
2.0,0.46382302045822144,0.8231046931407943,0.4393,630.581,11.382
3.0,0.5200953483581543,0.8122743682310469,0.4405,628.847,11.351
4.0,0.5445483922958374,0.8231046931407943,0.4485,617.649,11.149
5.0,0.6946564316749573,0.8339350180505415,0.4377,632.811,11.423
