epoch,loss,accuracy,runtime,samples_per_second,steps_per_second
1.0,0.6917111873626709,0.5631768953068592,0.1646,1683.047,30.38
2.0,0.6923810243606567,0.5270758122743683,0.1648,1680.629,30.336
3.0,0.6918416619300842,0.5270758122743683,0.164,1688.764,30.483
4.0,0.6997140645980835,0.4729241877256318,0.1637,1691.885,30.539
5.0,0.6936326622962952,0.4729241877256318,0.1652,1677.053,30.272
