epoch,loss,matthews_correlation,runtime,samples_per_second,steps_per_second
1.0,0.624241828918457,0.0,0.6993,1491.41,24.309
2.0,0.6314274668693542,0.0,0.7031,1483.33,24.177
3.0,0.637497067451477,0.0,0.7266,1435.453,23.397
4.0,0.6180886626243591,0.0,0.7048,1479.934,24.122
5.0,0.6183910965919495,0.0,0.7032,1483.198,24.175
