epoch,loss,accuracy,f1,runtime,samples_per_second,steps_per_second
1.0,0.5189701318740845,0.6838235294117647,0.8122270742358079,0.3,1359.797,23.33
2.0,0.3265458047389984,0.8799019607843137,0.9123434704830053,0.2969,1373.972,23.573
3.0,0.30703526735305786,0.8725490196078431,0.9026217228464419,0.3083,1323.547,22.708
4.0,0.308383971452713,0.8872549019607843,0.9198606271777003,0.3034,1344.794,23.072
5.0,0.2828221023082733,0.8872549019607843,0.9184397163120568,0.3002,1359.001,23.316
