epoch,loss,accuracy,runtime,samples_per_second,steps_per_second
1.0,1.0270546674728394,0.5270758122743683,0.574,482.603,8.711
2.0,1.0270546674728394,0.5270758122743683,0.5745,482.155,8.703
3.0,1.0270546674728394,0.5270758122743683,0.572,484.303,8.742
4.0,1.0270546674728394,0.5270758122743683,0.5749,481.817,8.697
5.0,1.0270546674728394,0.5270758122743683,0.5751,481.684,8.695
