epoch,loss,accuracy,runtime,samples_per_second,steps_per_second
1.0,0.17980629205703735,0.9346330275229358,1.1214,777.601,12.484
2.0,0.20576074719429016,0.9357798165137615,0.4782,1823.401,29.275
3.0,0.1770191192626953,0.9415137614678899,0.5095,1711.462,27.478
4.0,0.18650366365909576,0.9438073394495413,0.483,1805.296,28.984
5.0,0.1960631161928177,0.9403669724770642,0.476,1831.849,29.41
