epoch,loss,accuracy,runtime,samples_per_second,steps_per_second
1.0,0.6960299611091614,0.4729241877256318,0.1685,1643.662,29.669
2.0,0.6917887926101685,0.5631768953068592,0.1614,1716.64,30.986
3.0,0.6891463994979858,0.5270758122743683,0.1768,1566.919,28.284
4.0,0.689453125,0.5848375451263538,0.3902,709.97,12.815
5.0,0.688970148563385,0.5776173285198556,0.3665,755.703,13.641
