epoch,loss,matthews_correlation,runtime,samples_per_second,steps_per_second
1.0,0.6259753704071045,0.0,1.868,558.339,9.1
2.0,0.6324129104614258,0.0,1.8691,558.031,9.095
3.0,0.6218444108963013,0.0,1.8579,561.388,9.15
4.0,0.6364713311195374,0.0,1.8518,563.248,9.18
5.0,0.6188660264015198,0.0,1.8487,564.17,9.195
