epoch,loss,matthews_correlation,runtime,samples_per_second,steps_per_second
1.0,0.4911375641822815,0.5343001138193059,0.6088,1713.076,27.922
2.0,0.37641796469688416,0.6118470333963919,0.6012,1734.946,28.278
3.0,0.4747447967529297,0.5957258748412207,0.5823,1791.161,29.194
4.0,0.6128519177436829,0.5791579814417055,0.6842,1524.326,24.845
5.0,0.6253724098205566,0.6282273595071006,0.6667,1564.498,25.5
