epoch,loss,matthews_correlation,runtime,samples_per_second,steps_per_second
1.0,0.618030846118927,0.0,0.7349,1419.249,23.133
2.0,0.6205219030380249,0.0,0.7338,1421.296,23.166
3.0,0.6184763312339783,0.0,0.7327,1423.545,23.203
4.0,0.6219822764396667,0.0,0.7356,1417.814,23.109
5.0,0.618763267993927,0.0,0.7375,1414.165,23.05
