epoch,loss,accuracy,f1,runtime,samples_per_second,steps_per_second
1.0,0.6607570052146912,0.6838235294117647,0.8122270742358079,0.2664,1531.528,26.276
2.0,0.6901532411575317,0.6838235294117647,0.8122270742358079,0.2585,1578.234,27.078
3.0,0.627593994140625,0.6838235294117647,0.8122270742358079,0.2601,1568.553,26.911
4.0,0.6328986883163452,0.6838235294117647,0.8122270742358079,0.2591,1574.977,27.022
5.0,0.6241269707679749,0.6838235294117647,0.8122270742358079,0.2596,1571.58,26.963
