epoch,loss,accuracy,runtime,samples_per_second,steps_per_second
1.0,0.694390594959259,0.4729241877256318,0.2379,1164.588,21.021
2.0,0.7180431485176086,0.4729241877256318,0.2372,1167.699,21.078
3.0,0.6965111494064331,0.5270758122743683,0.2343,1182.134,21.338
4.0,0.7072939276695251,0.4729241877256318,0.2359,1174.322,21.197
5.0,0.6947625279426575,0.4729241877256318,0.2366,1170.645,21.131
