epoch,loss,accuracy,runtime,samples_per_second,steps_per_second
1.0,0.6924780011177063,0.5234657039711191,0.1804,1535.498,27.717
2.0,0.6911277174949646,0.5415162454873647,0.1814,1527.218,27.567
3.0,0.687440037727356,0.5740072202166066,0.1794,1543.911,27.868
4.0,0.6613090634346008,0.6498194945848376,0.18,1538.672,27.774
5.0,0.642548143863678,0.6678700361010831,0.1808,1531.686,27.648
