epoch,loss,matthews_correlation,runtime,samples_per_second,steps_per_second
1.0,0.4230855703353882,0.537773817191238,0.5844,1784.727,29.09
2.0,0.4296626150608063,0.556015225978778,0.5881,1773.4,28.905
3.0,0.448101669549942,0.5650034395953757,0.5896,1768.878,28.831
4.0,0.48868992924690247,0.5779841591999347,0.5988,1741.878,28.391
5.0,0.46799638867378235,0.605712540622093,0.5981,1743.742,28.421
