epoch,loss,accuracy,runtime,samples_per_second,steps_per_second
1.0,0.8020107746124268,0.4729241877256318,0.436,635.259,11.467
2.0,0.7305295467376709,0.5270758122743683,0.4378,632.723,11.421
3.0,0.7351602911949158,0.4729241877256318,0.437,633.867,11.442
4.0,0.6974665522575378,0.4729241877256318,0.4377,632.921,11.425
5.0,0.6956685781478882,0.4729241877256318,0.438,632.487,11.417
