epoch,loss,accuracy,f1,runtime,samples_per_second,steps_per_second
1.0,0.6298887729644775,0.6838235294117647,0.8122270742358079,0.7125,572.644,9.825
2.0,0.6248270869255066,0.6838235294117647,0.8122270742358079,0.7073,576.835,9.897
3.0,0.6278111934661865,0.6838235294117647,0.8122270742358079,0.7161,569.755,9.775
4.0,0.6250669956207275,0.6838235294117647,0.8122270742358079,0.716,569.838,9.777
5.0,0.6242358684539795,0.6838235294117647,0.8122270742358079,0.7169,569.109,9.764
