epoch,loss,accuracy,f1,runtime,samples_per_second,steps_per_second
1.0,0.626619815826416,0.6838235294117647,0.8122270742358079,0.2854,1429.608,24.528
2.0,0.625145435333252,0.6838235294117647,0.8122270742358079,0.2879,1417.367,24.318
3.0,0.6434194445610046,0.6838235294117647,0.8122270742358079,0.2863,1425.206,24.452
4.0,0.6243100762367249,0.6838235294117647,0.8122270742358079,0.2915,1399.528,24.012
5.0,0.6252585053443909,0.6838235294117647,0.8122270742358079,0.2878,1417.749,24.324
