epoch,loss,accuracy,f1,runtime,samples_per_second,steps_per_second
1.0,0.4347248375415802,0.7965686274509803,0.8614357262103506,0.2648,1540.778,26.435
2.0,0.3202681541442871,0.8676470588235294,0.9018181818181819,0.2458,1659.768,28.476
3.0,0.3743385672569275,0.8333333333333334,0.8656126482213439,0.2474,1649.451,28.299
4.0,0.3094664216041565,0.8799019607843137,0.9132743362831859,0.2453,1663.497,28.54
5.0,0.3002086579799652,0.8872549019607843,0.9169675090252708,0.2469,1652.58,28.353
