epoch,loss,accuracy,f1,runtime,samples_per_second,steps_per_second
1.0,0.4134930670261383,0.8161764705882353,0.8739495798319328,0.2422,1684.882,28.907
2.0,0.30298787355422974,0.8774509803921569,0.9131944444444444,0.2655,1536.795,26.367
3.0,0.2994559109210968,0.8700980392156863,0.8994307400379506,0.2422,1684.514,28.901
4.0,0.3047110438346863,0.8872549019607843,0.9181494661921709,0.2417,1687.905,28.959
5.0,0.30299800634384155,0.8872549019607843,0.9175627240143369,0.2581,1580.496,27.116
