epoch,loss,accuracy,f1,runtime,samples_per_second,steps_per_second
1.0,0.6241778135299683,0.6838235294117647,0.8122270742358079,0.664,614.413,10.541
2.0,0.6240264177322388,0.6838235294117647,0.8122270742358079,0.6564,621.576,10.664
3.0,0.6250401139259338,0.6838235294117647,0.8122270742358079,0.6511,626.603,10.751
4.0,0.6240856647491455,0.6838235294117647,0.8122270742358079,0.661,617.237,10.59
5.0,0.624448299407959,0.6838235294117647,0.8122270742358079,0.6534,624.418,10.713
