epoch,loss,accuracy,f1,runtime,samples_per_second,steps_per_second
1.0,0.7165204286575317,0.3161764705882353,0.0,0.9577,426.025,7.309
2.0,0.6289044618606567,0.6838235294117647,0.8122270742358079,0.9605,424.793,7.288
3.0,0.6241778135299683,0.6838235294117647,0.8122270742358079,0.9596,425.164,7.294
4.0,0.6283695101737976,0.6838235294117647,0.8122270742358079,0.9618,424.209,7.278
5.0,0.6254685521125793,0.6838235294117647,0.8122270742358079,0.9646,422.962,7.257
