epoch,loss,accuracy,runtime,samples_per_second,steps_per_second
1.0,0.6983585953712463,0.4729241877256318,1.0495,263.933,4.764
2.0,0.6969535946846008,0.4729241877256318,0.8519,325.163,5.869
3.0,0.6931707859039307,0.5270758122743683,1.1062,250.398,4.52
4.0,0.6924339532852173,0.5270758122743683,1.0849,255.312,4.609
5.0,0.692811131477356,0.5270758122743683,1.0952,252.914,4.565
