epoch,loss,accuracy,f1,runtime,samples_per_second,steps_per_second
1.0,0.6268149018287659,0.6838235294117647,0.8122270742358079,0.2536,1608.811,27.602
2.0,0.6238905787467957,0.6838235294117647,0.8122270742358079,0.2401,1699.472,29.158
3.0,0.6406968235969543,0.6838235294117647,0.8122270742358079,0.2396,1702.725,29.213
4.0,0.6258527040481567,0.6838235294117647,0.8122270742358079,0.2425,1682.416,28.865
5.0,0.625032901763916,0.6838235294117647,0.8122270742358079,0.2404,1697.311,29.121
