epoch,loss,accuracy,f1,runtime,samples_per_second,steps_per_second
1.0,0.8272947669029236,0.6838235294117647,0.8122270742358079,0.6637,614.749,10.547
2.0,0.7031375765800476,0.6838235294117647,0.8122270742358079,0.6644,614.067,10.535
3.0,0.638099193572998,0.6838235294117647,0.8122270742358079,0.6645,614.009,10.534
4.0,0.6395586729049683,0.6838235294117647,0.8122270742358079,0.6648,613.706,10.529
5.0,0.6280769109725952,0.6838235294117647,0.8122270742358079,0.6645,613.968,10.534
