epoch,loss,accuracy,runtime,samples_per_second,steps_per_second
1.0,0.7667964100837708,0.4908256880733945,0.4886,1784.784,28.655
2.0,0.69803386926651,0.4908256880733945,0.5035,1731.864,27.805
3.0,0.6953774690628052,0.5091743119266054,0.5015,1738.929,27.919
4.0,0.7015459537506104,0.4908256880733945,0.4912,1775.308,28.503
5.0,0.6992680430412292,0.5091743119266054,0.5021,1736.786,27.884
