epoch,loss,matthews_correlation,runtime,samples_per_second,steps_per_second
1.0,0.6262209415435791,0.0,1.8234,572.017,9.323
2.0,0.6209334135055542,0.0,1.8295,570.101,9.292
3.0,0.6193128824234009,0.0,1.8479,564.426,9.2
4.0,0.6223917007446289,0.0,1.8337,568.798,9.271
5.0,0.6187092065811157,0.0,1.8287,570.359,9.296
