epoch,loss,accuracy,f1,runtime,samples_per_second,steps_per_second
1.0,0.6259029507637024,0.6838235294117647,0.8122270742358079,0.6636,614.842,10.549
2.0,0.6242382526397705,0.6838235294117647,0.8122270742358079,0.6443,633.251,10.865
3.0,0.6760122179985046,0.6838235294117647,0.8122270742358079,0.6434,634.102,10.879
4.0,0.6246230006217957,0.6838235294117647,0.8122270742358079,0.6421,635.402,10.902
5.0,0.6251035332679749,0.6838235294117647,0.8122270742358079,0.6443,633.244,10.864
