epoch,loss,accuracy,runtime,samples_per_second,steps_per_second
1.0,0.6920055747032166,0.5270758122743683,0.5219,530.717,9.58
2.0,0.7017942070960999,0.4729241877256318,0.5208,531.851,9.6
3.0,0.6916953325271606,0.5270758122743683,0.5214,531.226,9.589
4.0,0.6970770359039307,0.4729241877256318,0.5186,534.159,9.642
5.0,0.6917094588279724,0.5270758122743683,0.5177,535.013,9.657
