epoch,loss,accuracy,runtime,samples_per_second,steps_per_second
1.0,0.7094461917877197,0.4729241877256318,0.1712,1617.704,29.2
2.0,0.6992945671081543,0.4729241877256318,0.1655,1673.28,30.204
3.0,0.8789388537406921,0.4729241877256318,0.17,1629.827,29.419
4.0,0.7029399275779724,0.5270758122743683,0.1712,1618.328,29.212
5.0,0.6976587176322937,0.5270758122743683,0.1669,1660.154,29.967
