epoch,loss,accuracy,f1,runtime,samples_per_second,steps_per_second
1.0,0.5514451861381531,0.6838235294117647,0.8122270742358079,0.2997,1361.461,23.358
2.0,0.39702630043029785,0.8137254901960784,0.8716216216216216,0.2974,1372.11,23.541
3.0,0.3461948037147522,0.8700980392156863,0.9058614564831261,0.2998,1360.729,23.346
4.0,0.3150012493133545,0.8774509803921569,0.9094202898550725,0.2986,1366.155,23.439
5.0,0.31706228852272034,0.8799019607843137,0.9123434704830053,0.2991,1363.988,23.402
