epoch,loss,accuracy,runtime,samples_per_second,steps_per_second
1.0,1.210837483406067,0.5270758122743683,0.4322,640.876,11.568
2.0,1.5311185121536255,0.4729241877256318,0.4315,641.897,11.587
3.0,0.6922030448913574,0.5270758122743683,0.4311,642.56,11.599
4.0,0.7977696061134338,0.4729241877256318,0.4299,644.386,11.632
5.0,0.6924656629562378,0.5270758122743683,0.4323,640.734,11.566
