epoch,loss,accuracy,f1,runtime,samples_per_second,steps_per_second
1.0,0.5888630151748657,0.6985294117647058,0.815592203898051,0.6463,631.27,10.831
2.0,0.4524601101875305,0.8014705882352942,0.869983948635634,0.644,633.494,10.869
3.0,0.31138595938682556,0.8651960784313726,0.897196261682243,0.6416,635.888,10.91
4.0,0.316736102104187,0.8676470588235294,0.9028776978417267,0.6734,605.844,10.394
5.0,0.3175808787345886,0.875,0.9084380610412927,0.6461,631.501,10.835
