epoch,loss,matthews_correlation,runtime,samples_per_second,steps_per_second
1.0,0.426350474357605,0.5314083843246411,0.5756,1812.141,29.536
2.0,0.39145901799201965,0.6023811786509762,0.5964,1748.725,28.503
3.0,0.4629803001880646,0.5831689659260509,0.5771,1807.271,29.457
4.0,0.5134974718093872,0.5931328329100475,0.5709,1826.996,29.778
5.0,0.49758362770080566,0.598349211554662,0.5692,1832.356,29.866
