epoch,loss,accuracy,runtime,samples_per_second,steps_per_second
1.0,0.6996558904647827,0.4729241877256318,0.1665,1663.303,30.024
2.0,0.7084537744522095,0.4729241877256318,0.167,1658.346,29.934
3.0,0.641845703125,0.6462093862815884,0.1665,1663.327,30.024
4.0,0.5758836269378662,0.7075812274368231,0.166,1669.119,30.129
5.0,0.5560653209686279,0.7220216606498195,0.1748,1585.043,28.611
