epoch,loss,accuracy,f1,runtime,samples_per_second,steps_per_second
1.0,0.5917974710464478,0.7083333333333334,0.8215892053973014,1.6807,242.753,4.165
2.0,0.40044471621513367,0.8137254901960784,0.8778135048231511,1.644,248.179,4.258
3.0,0.28683289885520935,0.8848039215686274,0.9150090415913201,1.6672,244.716,4.199
4.0,0.28431522846221924,0.8774509803921569,0.9107142857142857,1.6737,243.767,4.182
5.0,0.2922874391078949,0.8872549019607843,0.9181494661921709,1.7247,236.56,4.059
