epoch,loss,accuracy,runtime,samples_per_second,steps_per_second
1.0,0.24190296232700348,0.9208715596330275,0.7013,1243.416,19.963
2.0,0.2400093823671341,0.9311926605504587,0.6993,1246.891,20.019
3.0,0.23253172636032104,0.9197247706422018,0.701,1244.019,19.973
4.0,0.23842547833919525,0.9288990825688074,0.695,1254.603,20.143
5.0,0.27189457416534424,0.9288990825688074,0.6961,1252.689,20.112
