epoch,loss,matthews_correlation,runtime,samples_per_second,steps_per_second
1.0,0.400678426027298,0.582897151722857,0.5896,1768.867,28.831
2.0,0.38029998540878296,0.5926984455449654,0.5891,1770.635,28.86
3.0,0.4625309705734253,0.6192367438114164,0.6108,1707.499,27.831
4.0,0.5990647077560425,0.5875952430434519,0.5832,1788.309,29.148
5.0,0.5137282609939575,0.6284798621045304,0.5924,1760.743,28.699
