epoch,loss,accuracy,f1,runtime,samples_per_second,steps_per_second
1.0,0.5027065873146057,0.7230392156862745,0.8315946348733234,0.2412,1691.747,29.025
2.0,0.35207757353782654,0.8333333333333334,0.8712121212121212,0.2434,1676.525,28.764
3.0,0.357151597738266,0.8602941176470589,0.8969258589511754,0.2747,1485.047,25.479
4.0,0.2855500876903534,0.875,0.9103690685413005,0.2531,1612.043,27.658
5.0,0.39115405082702637,0.8676470588235294,0.90625,0.2513,1623.523,27.855
