epoch,loss,accuracy,f1,runtime,samples_per_second,steps_per_second
1.0,0.6268095374107361,0.6838235294117647,0.8122270742358079,0.8446,483.041,8.287
2.0,0.6312159895896912,0.6838235294117647,0.8122270742358079,0.8269,493.431,8.466
3.0,0.6316258907318115,0.6838235294117647,0.8122270742358079,0.826,493.944,8.475
4.0,0.6263601183891296,0.6838235294117647,0.8122270742358079,0.8282,492.648,8.452
5.0,0.6252788305282593,0.6838235294117647,0.8122270742358079,0.8358,488.147,8.375
