epoch,loss,accuracy,f1,runtime,samples_per_second,steps_per_second
1.0,0.6127486824989319,0.6838235294117647,0.8122270742358079,1.9364,210.701,3.615
2.0,0.5371610522270203,0.7156862745098039,0.8242424242424242,1.8551,219.933,3.773
3.0,0.36593934893608093,0.8504901960784313,0.8957264957264958,1.8903,215.84,3.703
4.0,0.3174018859863281,0.875,0.9109947643979057,1.9519,209.028,3.586
5.0,0.30958420038223267,0.8799019607843137,0.9135802469135802,1.9688,207.235,3.556
