epoch,loss,accuracy,runtime,samples_per_second,steps_per_second
1.0,0.22514909505844116,0.908256880733945,0.4795,1818.728,29.2
2.0,0.2501750588417053,0.9174311926605505,0.478,1824.29,29.289
3.0,0.20361830294132233,0.9311926605504587,0.4789,1820.745,29.232
4.0,0.20108787715435028,0.9392201834862385,0.4878,1787.686,28.701
5.0,0.21186591684818268,0.9369266055045872,0.4785,1822.424,29.259
