epoch,loss,accuracy,runtime,samples_per_second,steps_per_second
1.0,0.7058079242706299,0.4729241877256318,0.2014,1375.629,24.831
2.0,0.6933999061584473,0.4729241877256318,0.2045,1354.269,24.445
3.0,0.6918363571166992,0.5270758122743683,0.2016,1374.206,24.805
4.0,0.6929927468299866,0.5270758122743683,0.2071,1337.637,24.145
5.0,0.6930068135261536,0.5270758122743683,0.1991,1391.447,25.116
