epoch,loss,matthews_correlation,runtime,samples_per_second,steps_per_second
1.0,0.6124374270439148,0.0,12.2069,85.443,0.246
2.0,0.5917704105377197,0.0,18.2696,57.089,0.164
3.0,0.574393630027771,0.0,12.9217,80.717,0.232
4.0,0.5684441924095154,0.0,20.4818,50.923,0.146
5.0,0.5711647868156433,0.0,20.5477,50.76,0.146
