epoch,loss,accuracy,f1,runtime,samples_per_second,steps_per_second
1.0,0.6630563139915466,0.6838235294117647,0.8122270742358079,0.6373,640.226,10.984
2.0,0.918609619140625,0.3161764705882353,0.0,0.6353,642.201,11.018
3.0,0.6546774506568909,0.6838235294117647,0.8122270742358079,0.6425,635.054,10.896
4.0,0.737494945526123,0.6838235294117647,0.8122270742358079,0.6369,640.574,10.99
5.0,0.626319408416748,0.6838235294117647,0.8122270742358079,0.6498,627.902,10.773
