epoch,loss,accuracy,runtime,samples_per_second,steps_per_second
1.0,0.1797131896018982,0.9346330275229358,0.4661,1870.803,30.036
2.0,0.20566558837890625,0.9357798165137615,0.4641,1878.736,30.163
3.0,0.17705494165420532,0.9415137614678899,0.4622,1886.811,30.293
4.0,0.18660175800323486,0.9438073394495413,0.463,1883.568,30.241
5.0,0.19614090025424957,0.9403669724770642,0.4633,1882.178,30.218
