epoch,loss,matthews_correlation,runtime,samples_per_second,steps_per_second
1.0,0.43004679679870605,0.5211120728046958,0.5788,1801.937,29.37
2.0,0.3769492506980896,0.6098411506701341,0.5785,1802.915,29.386
3.0,0.4438319206237793,0.5701176712316939,0.5792,1800.88,29.353
4.0,0.5068859457969666,0.5863075494785002,0.5837,1786.728,29.122
5.0,0.5242586135864258,0.6081727293932068,0.5804,1797.172,29.292
