epoch,loss,accuracy,runtime,samples_per_second,steps_per_second
1.0,0.7426125407218933,0.5270758122743683,0.4445,623.217,11.249
2.0,0.5123748183250427,0.8086642599277978,0.4443,623.418,11.253
3.0,0.44826439023017883,0.8267148014440433,0.4545,609.526,11.002
4.0,0.475127637386322,0.8592057761732852,0.4436,624.399,11.271
5.0,0.5582113265991211,0.855595667870036,0.4449,622.553,11.237
