epoch,loss,matthews_correlation,runtime,samples_per_second,steps_per_second
1.0,0.625883162021637,0.0,1.6221,643.011,10.481
2.0,0.6202564835548401,0.0,1.6294,640.094,10.433
3.0,0.6880460977554321,0.0,1.63,639.887,10.43
4.0,0.6313902735710144,0.0,1.628,640.66,10.442
5.0,0.6199121475219727,0.0,1.6301,639.832,10.429
