epoch,loss,accuracy,f1,runtime,samples_per_second,steps_per_second
1.0,0.8038671016693115,0.3161764705882353,0.0,0.6636,614.873,10.549
2.0,0.982374906539917,0.6838235294117647,0.8122270742358079,0.6295,648.09,11.119
3.0,0.6765555739402771,0.6838235294117647,0.8122270742358079,0.6325,645.107,11.068
4.0,1.1218535900115967,0.6838235294117647,0.8122270742358079,0.6296,647.989,11.117
5.0,0.6311699151992798,0.6838235294117647,0.8122270742358079,0.6296,648.053,11.119
