epoch,loss,accuracy,runtime,samples_per_second,steps_per_second
1.0,0.7107048034667969,0.5270758122743683,0.4412,627.86,11.333
2.0,0.734125554561615,0.4729241877256318,0.4404,628.91,11.352
3.0,0.7567328214645386,0.5270758122743683,0.4445,623.225,11.25
4.0,0.6979160308837891,0.4729241877256318,0.444,623.944,11.263
5.0,0.6916371583938599,0.5270758122743683,0.4399,629.733,11.367
