epoch,loss,matthews_correlation,runtime,samples_per_second,steps_per_second
1.0,0.5517369508743286,0.0,0.5817,1792.966,29.224
2.0,0.5329991579055786,0.4141934673602211,0.5825,1790.606,29.185
3.0,0.5188885927200317,0.46994423874863644,0.5844,1784.595,29.087
4.0,0.513386070728302,0.475807613606693,0.5891,1770.569,28.859
5.0,0.5044839382171631,0.4952437657124396,0.5882,1773.304,28.903
