epoch,loss,accuracy,runtime,samples_per_second,steps_per_second
1.0,0.1530674248933792,0.9518348623853211,1.3465,647.608,10.397
2.0,0.15191078186035156,0.9552752293577982,1.3302,655.555,10.525
3.0,0.14063073694705963,0.9518348623853211,1.3341,653.617,10.494
4.0,0.1431087702512741,0.9518348623853211,1.332,654.64,10.51
5.0,0.15029750764369965,0.9529816513761468,1.3428,649.386,10.426
