epoch,loss,accuracy,runtime,samples_per_second,steps_per_second
1.0,0.6924462914466858,0.5270758122743683,0.8387,330.259,5.961
2.0,0.7005725502967834,0.4729241877256318,0.8411,329.349,5.945
3.0,0.697783887386322,0.5270758122743683,0.8268,335.022,6.047
4.0,0.6950004696846008,0.4729241877256318,0.8317,333.057,6.012
5.0,0.6926243305206299,0.5270758122743683,0.8751,316.525,5.713
