epoch,loss,matthews_correlation,runtime,samples_per_second,steps_per_second
1.0,0.6201913952827454,0.0,2.6726,390.262,6.361
2.0,0.6206536889076233,0.0,2.6887,387.914,6.323
3.0,0.6188979148864746,0.0,2.6835,388.666,6.335
4.0,0.6209675669670105,0.0,2.6827,388.787,6.337
5.0,0.6187635064125061,0.0,2.6956,386.923,6.307
