epoch,loss,accuracy,runtime,samples_per_second,steps_per_second
1.0,1.0781326293945312,0.5053999633900788,3.0872,1769.536,27.857
2.0,0.8630359768867493,0.4946000366099213,3.031,1802.4,28.374
3.0,1.6887438297271729,0.5053999633900788,3.016,1811.325,28.514
4.0,0.704776406288147,0.5053999633900788,3.0653,1782.181,28.056
5.0,0.693436324596405,0.5053999633900788,3.0148,1812.049,28.526
