epoch,loss,accuracy,f1,runtime,samples_per_second,steps_per_second
1.0,0.6392415165901184,0.6838235294117647,0.8122270742358079,0.3083,1323.296,22.704
2.0,0.6355710625648499,0.6838235294117647,0.8122270742358079,0.3118,1308.6,22.451
3.0,0.6238971948623657,0.6838235294117647,0.8122270742358079,0.3119,1308.039,22.442
4.0,0.6244907975196838,0.6838235294117647,0.8122270742358079,0.3117,1308.946,22.457
5.0,0.6246553063392639,0.6838235294117647,0.8122270742358079,0.3128,1304.476,22.381
