epoch,loss,accuracy,runtime,samples_per_second,steps_per_second
1.0,0.6890040636062622,0.5595667870036101,0.4598,602.412,10.874
2.0,0.48893555998802185,0.8303249097472925,0.4623,599.184,10.816
3.0,0.46048083901405334,0.8303249097472925,0.456,607.439,10.965
4.0,0.5735951066017151,0.8339350180505415,0.4556,607.936,10.974
5.0,0.7452664971351624,0.8339350180505415,0.4545,609.462,11.001
