epoch,loss,accuracy,f1,runtime,samples_per_second,steps_per_second
1.0,1.0228469371795654,0.3161764705882353,0.0,0.6632,615.231,10.555
2.0,0.7654890418052673,0.6838235294117647,0.8122270742358079,0.6654,613.189,10.52
3.0,0.653191089630127,0.6838235294117647,0.8122270742358079,0.6698,609.129,10.451
4.0,0.6843836307525635,0.6838235294117647,0.8122270742358079,0.6632,615.177,10.555
5.0,0.6258527040481567,0.6838235294117647,0.8122270742358079,0.6657,612.913,10.516
