epoch,loss,matthews_correlation,runtime,samples_per_second,steps_per_second
1.0,0.6656275391578674,0.0,2.0752,502.6,8.192
2.0,0.622346043586731,0.0,2.087,499.752,8.146
3.0,0.6187787652015686,0.0,2.0796,501.527,8.174
4.0,0.6252774000167847,0.0,2.0774,502.062,8.183
5.0,0.6194947957992554,0.0,2.0801,501.429,8.173
