epoch,loss,accuracy,runtime,samples_per_second,steps_per_second
1.0,0.14167897403240204,0.9564220183486238,1.3721,635.521,10.203
2.0,0.1475207805633545,0.9541284403669725,1.3671,637.857,10.241
3.0,0.1347922533750534,0.9541284403669725,1.3644,639.112,10.261
4.0,0.13643769919872284,0.9575688073394495,1.365,638.817,10.256
5.0,0.13781248033046722,0.9598623853211009,1.3684,637.261,10.231
