epoch,loss,accuracy,runtime,samples_per_second,steps_per_second
1.0,0.6859223246574402,0.5451263537906137,0.4464,620.552,11.201
2.0,0.6266340613365173,0.6498194945848376,0.4489,617.08,11.139
3.0,0.4582149386405945,0.7906137184115524,0.4476,618.879,11.171
4.0,0.4266384541988373,0.8014440433212996,0.4493,616.538,11.129
5.0,0.4672180712223053,0.8086642599277978,0.446,621.109,11.211
