epoch,loss,matthews_correlation,runtime,samples_per_second,steps_per_second
1.0,0.4395117163658142,0.5345003692853719,0.9101,1146.027,18.679
2.0,0.3986525535583496,0.6479909469624856,0.9474,1100.88,17.943
3.0,0.4393235445022583,0.6145088100945076,0.9682,1077.302,17.559
4.0,0.5307662487030029,0.6457236074037789,0.9768,1067.735,17.403
5.0,0.5538533329963684,0.6528715835800886,0.9748,1069.938,17.439
