epoch,loss,accuracy,runtime,samples_per_second,steps_per_second
1.0,0.6936818957328796,0.4908256880733945,0.4939,1765.53,28.346
2.0,0.8362253308296204,0.4908256880733945,0.4889,1783.66,28.637
3.0,0.6961748600006104,0.4908256880733945,0.487,1790.726,28.75
4.0,0.69402015209198,0.4908256880733945,0.4896,1781.048,28.595
5.0,0.6958299279212952,0.5091743119266054,0.4886,1784.542,28.651
