epoch,loss,accuracy,f1,runtime,samples_per_second,steps_per_second
1.0,0.695183277130127,0.3161764705882353,0.0,0.6825,597.772,10.256
2.0,0.6282767653465271,0.6838235294117647,0.8122270742358079,0.6575,620.559,10.647
3.0,0.6357224583625793,0.6838235294117647,0.8122270742358079,0.6472,630.395,10.816
4.0,0.6264408826828003,0.6838235294117647,0.8122270742358079,0.64,637.538,10.938
5.0,0.625236988067627,0.6838235294117647,0.8122270742358079,0.6427,634.794,10.891
