epoch,loss,accuracy,runtime,samples_per_second,steps_per_second
1.0,0.6936290860176086,0.4729241877256318,0.4377,632.842,11.423
2.0,0.7258062958717346,0.4729241877256318,0.4356,635.954,11.479
3.0,0.6975283026695251,0.4729241877256318,0.4364,634.733,11.457
4.0,0.6964318156242371,0.4729241877256318,0.4397,630.02,11.372
5.0,0.6917217373847961,0.5270758122743683,0.4386,631.574,11.4
