epoch,loss,accuracy,runtime,samples_per_second,steps_per_second
1.0,0.7496289610862732,0.4729241877256318,0.4415,627.405,11.325
2.0,0.697797954082489,0.48014440433212996,0.4436,624.4,11.271
3.0,0.6982774138450623,0.5270758122743683,0.4581,604.669,10.915
4.0,0.6068040132522583,0.6823104693140795,0.4422,626.429,11.307
5.0,0.579613983631134,0.6931407942238267,0.442,626.69,11.312
