epoch,loss,accuracy,f1,runtime,samples_per_second,steps_per_second
1.0,0.623868465423584,0.6838235294117647,0.8122270742358079,0.8082,504.852,8.662
2.0,0.6242364645004272,0.6838235294117647,0.8122270742358079,0.8158,500.151,8.581
3.0,0.6245248913764954,0.6838235294117647,0.8122270742358079,0.8107,503.271,8.635
4.0,0.626955509185791,0.6838235294117647,0.8122270742358079,0.8109,503.118,8.632
5.0,0.6249144077301025,0.6838235294117647,0.8122270742358079,0.8083,504.751,8.66
