epoch,loss,accuracy,f1,runtime,samples_per_second,steps_per_second
1.0,0.6224796175956726,0.6838235294117647,0.8122270742358079,1.7901,227.924,3.91
2.0,0.5973331332206726,0.7107843137254902,0.8233532934131736,1.8241,223.669,3.837
3.0,0.563051700592041,0.7132352941176471,0.8229954614220878,1.7153,237.855,4.081
4.0,0.4610092341899872,0.7696078431372549,0.8401360544217688,1.6693,244.411,4.193
5.0,0.4323842227458954,0.803921568627451,0.8615916955017301,1.8003,226.634,3.888
