epoch,loss,matthews_correlation,runtime,samples_per_second,steps_per_second
1.0,0.4886041581630707,0.5444111532535151,2.6863,388.272,6.329
2.0,0.351026326417923,0.6117495208004406,2.6921,387.428,6.315
3.0,0.37768492102622986,0.6454833331679224,2.694,387.151,6.31
4.0,0.45281556248664856,0.6489208803286214,2.696,386.865,6.306
5.0,0.4603404104709625,0.6577792181478197,2.7123,384.538,6.268
