epoch,loss,accuracy,runtime,samples_per_second,steps_per_second
1.0,0.8909409642219543,0.4729241877256318,0.4351,636.674,11.492
2.0,0.6916354298591614,0.5270758122743683,0.4369,634.004,11.444
3.0,0.7033788561820984,0.4729241877256318,0.4338,638.508,11.525
4.0,0.6917587518692017,0.5270758122743683,0.4307,643.104,11.608
5.0,0.6925291419029236,0.5270758122743683,0.433,639.782,11.548
