epoch,loss,accuracy,runtime,samples_per_second,steps_per_second
1.0,0.695776104927063,0.5270758122743683,0.1624,1705.53,30.786
2.0,0.6037540435791016,0.6750902527075813,0.1608,1723.097,31.103
3.0,0.5846527814865112,0.6895306859205776,0.1614,1716.651,30.986
4.0,0.5165748596191406,0.7436823104693141,0.163,1699.564,30.678
5.0,0.5634980201721191,0.7509025270758123,0.1624,1705.662,30.788
