epoch,loss,accuracy,runtime,samples_per_second,steps_per_second
1.0,0.20935937762260437,0.9220183486238532,0.5333,1635.255,26.254
2.0,0.22993266582489014,0.9311926605504587,0.5296,1646.386,26.433
3.0,0.20422695577144623,0.9334862385321101,1.4682,593.911,9.535
4.0,0.21156109869480133,0.9369266055045872,1.4004,622.669,9.997
5.0,0.21081732213497162,0.9357798165137615,1.4057,620.331,9.959
