epoch,loss,accuracy,f1,runtime,samples_per_second,steps_per_second
1.0,0.6311393976211548,0.6838235294117647,0.8122270742358079,2.7615,147.748,2.535
2.0,0.6324774026870728,0.6838235294117647,0.8122270742358079,4.1093,99.288,1.703
3.0,0.624565601348877,0.6838235294117647,0.8122270742358079,4.0527,100.675,1.727
4.0,0.6241933703422546,0.6838235294117647,0.8122270742358079,3.8654,105.551,1.811
5.0,0.6242783665657043,0.6838235294117647,0.8122270742358079,4.0841,99.899,1.714
