epoch,loss,accuracy,runtime,samples_per_second,steps_per_second
1.0,0.7881699204444885,0.4908256880733945,0.6895,1264.724,20.305
2.0,0.7023634314537048,0.4908256880733945,0.6924,1259.396,20.22
3.0,0.7181766033172607,0.5091743119266054,0.6935,1257.444,20.188
4.0,0.6958299279212952,0.5091743119266054,0.6901,1263.562,20.287
5.0,0.6960068345069885,0.5091743119266054,0.6924,1259.311,20.218
