epoch,loss,accuracy,runtime,samples_per_second,steps_per_second
1.0,0.6938899755477905,0.4729241877256318,0.18,1539.139,27.782
2.0,0.6285466551780701,0.6859205776173285,0.1814,1526.699,27.558
3.0,0.5374861359596252,0.7148014440433214,0.1808,1531.807,27.65
4.0,0.5280566215515137,0.7184115523465704,0.1826,1516.668,27.377
5.0,0.5630372166633606,0.7220216606498195,0.183,1514.073,27.33
