epoch,loss,accuracy,f1,runtime,samples_per_second,steps_per_second
1.0,0.5781331062316895,0.6838235294117647,0.8122270742358079,0.2568,1588.635,27.256
2.0,0.4760077893733978,0.7401960784313726,0.8364197530864198,0.3003,1358.819,23.313
3.0,0.41518327593803406,0.821078431372549,0.8760611205432938,0.2492,1637.029,28.086
4.0,0.37631532549858093,0.8431372549019608,0.8861209964412812,0.2509,1626.022,27.897
5.0,0.38499587774276733,0.8431372549019608,0.8873239436619719,0.2486,1641.2,28.158
