epoch,loss,matthews_correlation,runtime,samples_per_second,steps_per_second
1.0,0.619567334651947,0.0,2.0136,517.969,8.442
2.0,0.6227502822875977,0.0,2.0302,513.748,8.374
3.0,0.6181579828262329,0.0,2.0146,517.712,8.438
4.0,0.6216262578964233,0.0,2.0154,517.503,8.435
5.0,0.618954062461853,0.0,2.0268,514.606,8.388
