epoch,loss,accuracy,f1,runtime,samples_per_second,steps_per_second
1.0,1.97914719581604,0.3161764705882353,0.0,0.9384,434.805,7.46
2.0,4.261165142059326,0.3161764705882353,0.0,0.9404,433.856,7.444
3.0,4.261165142059326,0.3161764705882353,0.0,0.9445,431.957,7.411
4.0,4.261165142059326,0.3161764705882353,0.0,0.9404,433.842,7.443
5.0,4.261165142059326,0.3161764705882353,0.0,0.9392,434.431,7.453
