epoch,loss,accuracy,runtime,samples_per_second,steps_per_second
1.0,0.20954002439975739,0.9174311926605505,0.4649,1875.681,30.114
2.0,0.21519087255001068,0.9231651376146789,0.466,1871.091,30.04
3.0,0.19437719881534576,0.926605504587156,0.4639,1879.819,30.181
4.0,0.19947373867034912,0.9254587155963303,0.4637,1880.655,30.194
5.0,0.19793476164340973,0.9277522935779816,0.4644,1877.638,30.146
