epoch,loss,accuracy,f1,runtime,samples_per_second,steps_per_second
1.0,0.5863111615180969,0.6838235294117647,0.8122270742358079,0.2658,1534.818,26.333
2.0,0.4846775531768799,0.7303921568627451,0.8307692307692308,0.2657,1535.555,26.345
3.0,0.4107276201248169,0.8014705882352942,0.8638655462184874,0.2703,1509.577,25.9
4.0,0.35962095856666565,0.8357843137254902,0.8830715532286213,0.2652,1538.621,26.398
5.0,0.3531716763973236,0.8504901960784313,0.8927943760984183,0.2648,1540.63,26.432
