epoch,loss,accuracy,f1,runtime,samples_per_second,steps_per_second
1.0,0.49554353952407837,0.7818627450980392,0.8499156829679595,0.26,1569.317,26.925
2.0,0.40997928380966187,0.8504901960784313,0.8950086058519794,0.26,1568.968,26.919
3.0,0.34017544984817505,0.8529411764705882,0.8920863309352518,0.2606,1565.69,26.862
4.0,0.37285667657852173,0.8676470588235294,0.90625,0.2594,1572.942,26.987
5.0,0.3814195990562439,0.8799019607843137,0.9129662522202486,0.2592,1574.223,27.009
