epoch,loss,accuracy,runtime,samples_per_second,steps_per_second
1.0,0.6935797333717346,0.5270758122743683,0.1669,1659.748,29.959
2.0,0.7055240869522095,0.4729241877256318,0.166,1668.563,30.118
3.0,0.6998639106750488,0.5270758122743683,0.1651,1678.245,30.293
4.0,0.6953019499778748,0.4729241877256318,0.1657,1671.954,30.18
5.0,0.6927353739738464,0.5270758122743683,0.165,1679.138,30.309
