epoch,loss,accuracy,runtime,samples_per_second,steps_per_second
1.0,0.6917288303375244,0.5270758122743683,0.1659,1669.676,30.139
2.0,0.6993244886398315,0.4729241877256318,0.1663,1665.989,30.072
3.0,0.6948347687721252,0.4729241877256318,0.1647,1682.079,30.362
4.0,0.6958836317062378,0.4729241877256318,0.1778,1557.534,28.114
5.0,0.6942055225372314,0.4729241877256318,0.1655,1673.558,30.209
