epoch,loss,accuracy,runtime,samples_per_second,steps_per_second
1.0,0.4145588278770447,0.8428935303107489,5.3967,1818.691,28.536
2.0,0.38388630747795105,0.8533876719307183,5.3927,1820.049,28.557
3.0,0.40303725004196167,0.8508405501782985,5.4051,1815.894,28.492
4.0,0.35479724407196045,0.866632705043301,5.4026,1816.709,28.505
5.0,0.36094099283218384,0.8712175241976566,5.414,1812.886,28.445
