epoch,loss,accuracy,f1,runtime,samples_per_second,steps_per_second
1.0,0.6641570329666138,0.6838235294117647,0.8122270742358079,0.24,1699.698,29.161
2.0,0.6402875185012817,0.6838235294117647,0.8122270742358079,0.2422,1684.574,28.902
3.0,0.6369616985321045,0.6838235294117647,0.8122270742358079,0.2407,1694.831,29.078
4.0,0.6243124604225159,0.6838235294117647,0.8122270742358079,0.2399,1700.591,29.177
5.0,0.6254332065582275,0.6838235294117647,0.8122270742358079,0.2415,1689.22,28.982
