epoch,loss,accuracy,runtime,samples_per_second,steps_per_second
1.0,0.9069576859474182,0.5270758122743683,0.4452,622.245,11.232
2.0,0.6917076706886292,0.5270758122743683,0.4388,631.289,11.395
3.0,0.6971140503883362,0.4729241877256318,0.4363,634.861,11.46
4.0,0.6983444094657898,0.5270758122743683,0.4377,632.852,11.423
5.0,0.6925678849220276,0.5270758122743683,0.437,633.795,11.44
