epoch,loss,accuracy,runtime,samples_per_second,steps_per_second
1.0,0.3142301142215729,0.8830275229357798,0.2606,3345.731,53.716
2.0,0.39693284034729004,0.8612385321100917,0.257,3392.88,54.473
3.0,0.6958253979682922,0.5091743119266054,0.2544,3427.692,55.032
4.0,0.697397768497467,0.5091743119266054,0.2572,3390.106,54.428
5.0,0.4093073606491089,0.8612385321100917,0.2561,3405.396,54.674
