epoch,loss,matthews_correlation,runtime,samples_per_second,steps_per_second
1.0,0.6187785267829895,0.0,0.5981,1743.796,28.422
2.0,0.6195310354232788,0.0,0.6025,1731.048,28.215
3.0,0.6181809306144714,0.0,0.6244,1670.271,27.224
4.0,0.6204252243041992,0.0,0.6026,1730.842,28.211
5.0,0.6190201044082642,0.0,0.5994,1740.003,28.361
