epoch,loss,accuracy,runtime,samples_per_second,steps_per_second
1.0,0.7003319263458252,0.5091743119266054,0.6422,1357.82,21.8
2.0,0.6982186436653137,0.5091743119266054,0.6401,1362.254,21.871
3.0,0.7024418711662292,0.5091743119266054,0.6403,1361.954,21.866
4.0,0.6996583342552185,0.5091743119266054,0.6428,1356.597,21.78
5.0,0.7033109068870544,0.5091743119266054,0.6407,1360.965,21.85
