epoch,loss,matthews_correlation,runtime,samples_per_second,steps_per_second
1.0,0.6186062097549438,0.0,2.8518,365.73,5.961
2.0,0.6204603314399719,0.0,3.0125,346.222,5.643
3.0,0.618076503276825,0.0,1.7199,606.417,9.884
4.0,0.6218392848968506,0.0,2.9022,359.384,5.858
5.0,0.6188684105873108,0.0,2.4053,433.622,7.068
