epoch,loss,accuracy,runtime,samples_per_second,steps_per_second
1.0,0.18388471007347107,0.9311926605504587,0.5245,1662.498,26.691
2.0,0.20319366455078125,0.9403669724770642,0.4942,1764.567,28.33
3.0,0.19977980852127075,0.9438073394495413,0.4915,1774.01,28.482
4.0,0.2269352227449417,0.9380733944954128,0.5074,1718.683,27.594
5.0,0.24358771741390228,0.9369266055045872,0.4951,1761.201,28.276
