epoch,loss,accuracy,runtime,samples_per_second,steps_per_second
1.0,0.1642400175333023,0.9472477064220184,1.3568,642.704,10.319
2.0,0.160475954413414,0.9529816513761468,1.3494,646.202,10.375
3.0,0.1384567767381668,0.9541284403669725,1.3561,643.028,10.324
4.0,0.1445898562669754,0.9541284403669725,1.386,629.152,10.101
5.0,0.1558847725391388,0.9575688073394495,1.3546,643.731,10.335
