epoch,loss,matthews_correlation,runtime,samples_per_second,steps_per_second
1.0,0.619009792804718,0.0,1.5956,653.677,10.654
2.0,0.6200680136680603,0.0,2.5282,412.544,6.724
3.0,0.6182042956352234,0.0,2.5036,416.608,6.79
4.0,0.6212568879127502,0.0,1.7574,593.498,9.674
5.0,0.6195778846740723,0.0,2.553,408.537,6.659
