epoch,loss,accuracy,runtime,samples_per_second,steps_per_second
1.0,0.6980221271514893,0.4908256880733945,0.5033,1732.709,27.819
2.0,0.6928442120552063,0.5091743119266054,0.487,1790.541,28.747
3.0,0.7234995365142822,0.5091743119266054,0.4856,1795.811,28.832
4.0,0.7043188214302063,0.5091743119266054,0.5231,1667.03,26.764
5.0,0.6946808695793152,0.5091743119266054,0.4883,1785.757,28.67
