epoch,loss,accuracy,runtime,samples_per_second,steps_per_second
1.0,0.2238876074552536,0.9254587155963303,0.2573,3389.051,54.411
2.0,0.22860245406627655,0.9403669724770642,0.2536,3438.387,55.203
3.0,0.24289003014564514,0.9426605504587156,0.2648,3292.852,52.867
4.0,0.24037618935108185,0.9380733944954128,0.2535,3439.577,55.223
5.0,0.2911713719367981,0.9334862385321101,0.2525,3453.334,55.443
