epoch,loss,matthews_correlation,runtime,samples_per_second,steps_per_second
1.0,1.1678882837295532,0.0,0.6501,1604.35,26.15
2.0,1.1678882837295532,0.0,0.6286,1659.151,27.043
3.0,1.1678882837295532,0.0,0.6279,1661.162,27.076
4.0,1.1678882837295532,0.0,0.6515,1600.915,26.094
5.0,1.1678882837295532,0.0,0.6707,1555.012,25.345
