epoch,loss,matthews_correlation,runtime,samples_per_second,steps_per_second
1.0,0.6214802265167236,0.0,0.9752,1069.478,17.432
2.0,0.6212540864944458,0.0,0.9836,1060.43,17.284
3.0,0.6182675361633301,0.0,0.9843,1059.608,17.271
4.0,0.6306688189506531,0.0,0.9838,1060.138,17.279
5.0,0.6210291385650635,0.0,0.9831,1060.9,17.292
