epoch,loss,accuracy,f1,runtime,samples_per_second,steps_per_second
1.0,0.7601237297058105,0.6838235294117647,0.8122270742358079,0.2419,1686.804,28.94
2.0,0.6239588260650635,0.6838235294117647,0.8122270742358079,0.2452,1664.246,28.553
3.0,0.6310759782791138,0.6838235294117647,0.8122270742358079,0.2395,1703.539,29.227
4.0,0.623908519744873,0.6838235294117647,0.8122270742358079,0.2378,1715.371,29.43
5.0,0.6242873072624207,0.6838235294117647,0.8122270742358079,0.2378,1715.89,29.439
