epoch,loss,accuracy,runtime,samples_per_second,steps_per_second
1.0,0.15620695054531097,0.9518348623853211,1.6858,517.253,8.305
2.0,0.15973907709121704,0.9529816513761468,1.6785,519.504,8.341
3.0,0.13780635595321655,0.9552752293577982,1.7001,512.896,8.235
4.0,0.14478793740272522,0.963302752293578,1.6728,521.267,8.369
5.0,0.16118760406970978,0.963302752293578,1.6803,518.955,8.332
