epoch,loss,accuracy,runtime,samples_per_second,steps_per_second
1.0,0.21011324226856232,0.9284276038806517,5.0292,1086.249,17.1
2.0,0.18245990574359894,0.9353834889254988,5.01,1090.411,17.166
3.0,0.17763090133666992,0.9445359692476661,5.0779,1075.83,16.936
4.0,0.2575263977050781,0.9447190188541095,5.0098,1090.452,17.166
5.0,0.29829955101013184,0.943986820428336,5.0305,1085.982,17.096
