epoch,loss,accuracy,runtime,samples_per_second,steps_per_second
1.0,0.690991997718811,0.555956678700361,0.1664,1664.208,30.04
2.0,0.7050737738609314,0.4729241877256318,0.1671,1657.925,29.926
3.0,0.5801778435707092,0.6859205776173285,0.1666,1662.777,30.014
4.0,0.4924006164073944,0.7617328519855595,0.169,1638.989,29.585
5.0,0.5527918934822083,0.7436823104693141,0.1673,1655.885,29.89
