epoch,loss,accuracy,f1,runtime,samples_per_second,steps_per_second
1.0,0.6239277124404907,0.6838235294117647,0.8122270742358079,2.8032,145.55,2.497
2.0,0.626732349395752,0.6838235294117647,0.8122270742358079,2.5844,157.871,2.709
3.0,0.6240880489349365,0.6838235294117647,0.8122270742358079,2.5066,162.767,2.793
4.0,0.6243220567703247,0.6838235294117647,0.8122270742358079,2.7089,150.615,2.584
5.0,0.6242448687553406,0.6838235294117647,0.8122270742358079,2.6549,153.678,2.637
