epoch,loss,matthews_correlation,runtime,samples_per_second,steps_per_second
1.0,0.5216654539108276,0.29829242486052737,1.6019,651.115,10.613
2.0,0.4728235900402069,0.48005831507919794,0.6193,1684.259,27.452
3.0,0.4941861033439636,0.48170038113970914,1.4437,722.458,11.775
4.0,0.7151257991790771,0.4753167087246919,1.4359,726.357,11.839
5.0,0.7154131531715393,0.4965573354876954,1.6648,626.489,10.211
