epoch,loss,accuracy,f1,runtime,samples_per_second,steps_per_second
1.0,0.5928675532341003,0.6838235294117647,0.8122270742358079,0.2424,1683.358,28.881
2.0,0.38837501406669617,0.8235294117647058,0.861003861003861,0.2401,1699.35,29.156
3.0,0.35303953289985657,0.8602941176470589,0.8946395563770795,0.246,1658.245,28.45
4.0,0.36826178431510925,0.8431372549019608,0.887719298245614,0.2504,1629.498,27.957
5.0,0.4254935681819916,0.8627450980392157,0.9041095890410958,0.24,1699.818,29.164
