epoch,loss,matthews_correlation,runtime,samples_per_second,steps_per_second
1.0,0.618039071559906,0.0,1.7227,605.437,9.868
2.0,0.6220319271087646,0.0,1.8643,559.448,9.119
3.0,0.6182579398155212,0.0,1.479,705.218,11.494
4.0,0.6209542155265808,0.0,1.5511,672.438,10.96
5.0,0.6189416646957397,0.0,1.7176,607.243,9.898
