epoch,loss,accuracy,runtime,samples_per_second,steps_per_second
1.0,0.1819588840007782,0.9334862385321101,0.5904,1476.909,23.712
2.0,0.219800665974617,0.9323394495412844,0.5921,1472.719,23.645
3.0,0.2062031775712967,0.9380733944954128,0.5917,1473.799,23.662
4.0,0.21354162693023682,0.9392201834862385,0.5905,1476.801,23.71
5.0,0.24419325590133667,0.9392201834862385,0.5925,1471.773,23.629
