epoch,loss,matthews_correlation,runtime,samples_per_second,steps_per_second
1.0,0.4652668535709381,0.5435363833045903,4.3529,239.61,3.905
2.0,0.37403103709220886,0.6407608691674828,4.1343,252.281,4.112
3.0,0.3759067952632904,0.6331818186325034,4.0666,256.477,4.18
4.0,0.4538375437259674,0.6675801687368478,4.3521,239.653,3.906
5.0,0.457446426153183,0.6602349111824563,4.2549,245.127,3.995
