epoch,loss,matthews_correlation,runtime,samples_per_second,steps_per_second
1.0,0.5972478985786438,0.24316892062216255,1.6244,642.065,10.465
2.0,0.553009569644928,0.43363279903062896,1.6036,650.41,10.601
3.0,0.41271838545799255,0.5521390429003941,1.6141,646.181,10.532
4.0,0.5222248435020447,0.5004077836235508,1.6171,644.972,10.512
5.0,0.4750535786151886,0.5475140727239077,1.6216,643.195,10.484
