epoch,loss,matthews_correlation,runtime,samples_per_second,steps_per_second
1.0,0.45626136660575867,0.48314426803731003,0.5809,1795.499,29.265
2.0,0.4476127624511719,0.53388112595817,0.5815,1793.616,29.234
3.0,0.5266143679618835,0.5546831669515506,0.5797,1799.334,29.328
4.0,0.5229279398918152,0.605723479357827,0.5935,1757.494,28.646
5.0,0.5958473682403564,0.6086838399461341,0.5807,1796.112,29.275
