epoch,loss,accuracy,f1,runtime,samples_per_second,steps_per_second
1.0,0.6273295283317566,0.6838235294117647,0.8122270742358079,0.6595,618.69,10.615
2.0,0.6252118349075317,0.6838235294117647,0.8122270742358079,0.6364,641.106,10.999
3.0,0.6299803256988525,0.6838235294117647,0.8122270742358079,0.6729,606.329,10.403
4.0,0.6263463497161865,0.6838235294117647,0.8122270742358079,0.6442,633.349,10.866
5.0,0.6253177523612976,0.6838235294117647,0.8122270742358079,0.655,622.897,10.687
