epoch,loss,accuracy,f1,runtime,samples_per_second,steps_per_second
1.0,0.38118070363998413,0.8137254901960784,0.8733333333333333,0.2491,1638.019,28.103
2.0,0.42263704538345337,0.8529411764705882,0.8993288590604027,0.2395,1703.35,29.224
3.0,0.29876908659935,0.8700980392156863,0.9001883239171374,0.2417,1688.377,28.967
4.0,0.3274054527282715,0.8897058823529411,0.9220103986135182,0.2394,1704.412,29.242
5.0,0.36643677949905396,0.8946078431372549,0.9246935201401051,0.239,1706.792,29.283
