epoch,loss,accuracy,f1,runtime,samples_per_second,steps_per_second
1.0,0.6242777705192566,0.6838235294117647,0.8122270742358079,0.9706,420.348,7.212
2.0,0.6252614855766296,0.6838235294117647,0.8122270742358079,0.9711,420.128,7.208
3.0,0.6367079615592957,0.6838235294117647,0.8122270742358079,0.9733,419.204,7.192
4.0,0.6336071491241455,0.6838235294117647,0.8122270742358079,0.9729,419.345,7.195
5.0,0.6259263157844543,0.6838235294117647,0.8122270742358079,0.9732,419.24,7.193
