epoch,loss,accuracy,f1,runtime,samples_per_second,steps_per_second
1.0,0.630190372467041,0.6838235294117647,0.8122270742358079,0.2375,1718.207,29.479
2.0,0.6310161352157593,0.6838235294117647,0.8122270742358079,0.2381,1713.317,29.395
3.0,0.625953197479248,0.6838235294117647,0.8122270742358079,0.238,1714.381,29.413
4.0,0.6280769109725952,0.6838235294117647,0.8122270742358079,0.238,1714.424,29.414
5.0,0.6256414651870728,0.6838235294117647,0.8122270742358079,0.237,1721.521,29.536
