epoch,loss,accuracy,runtime,samples_per_second,steps_per_second
1.0,0.1615980565547943,0.9421563243639026,8.6148,634.144,9.983
2.0,0.16170044243335724,0.9394105802672524,23.4599,232.865,3.666
3.0,0.15821592509746552,0.947098663737873,8.766,623.204,9.811
4.0,0.16935284435749054,0.9491122094087497,8.6922,628.491,9.894
5.0,0.1959531307220459,0.9460003660992129,19.6952,277.377,4.367
