epoch,loss,accuracy,runtime,samples_per_second,steps_per_second
1.0,0.6937349438667297,0.4946000366099213,3.0754,1776.344,27.964
2.0,0.6933964490890503,0.5053999633900788,2.9991,1821.538,28.675
3.0,0.822027862071991,0.5053999633900788,2.9931,1825.221,28.733
4.0,0.6946058869361877,0.5053999633900788,3.0078,1816.303,28.593
5.0,0.6938297152519226,0.5053999633900788,3.04,1797.012,28.289
