epoch,loss,accuracy,f1,runtime,samples_per_second,steps_per_second
1.0,0.6245769262313843,0.6838235294117647,0.8122270742358079,0.987,413.367,7.092
2.0,0.6277346014976501,0.6838235294117647,0.8122270742358079,0.9902,412.043,7.069
3.0,0.6238678693771362,0.6838235294117647,0.8122270742358079,0.9936,410.631,7.045
4.0,0.6241880059242249,0.6838235294117647,0.8122270742358079,0.9968,409.327,7.023
5.0,0.6241275668144226,0.6838235294117647,0.8122270742358079,0.9959,409.681,7.029
