epoch,loss,matthews_correlation,runtime,samples_per_second,steps_per_second
1.0,0.7671717405319214,0.0,1.6485,632.691,10.312
2.0,0.6181837320327759,0.0,1.6352,637.842,10.396
3.0,0.8233007192611694,0.0,1.6229,642.665,10.475
4.0,0.773452639579773,0.0,1.6162,645.348,10.519
5.0,0.6287948489189148,0.0,1.6239,642.279,10.469
