epoch,loss,accuracy,runtime,samples_per_second,steps_per_second
1.0,0.6909531950950623,0.5270758122743683,0.2185,1267.724,22.883
2.0,0.6926119923591614,0.516245487364621,0.2171,1275.836,23.03
3.0,0.6461388468742371,0.628158844765343,0.218,1270.447,22.932
4.0,0.610999345779419,0.6678700361010831,0.2206,1255.592,22.664
5.0,0.6031082272529602,0.6714801444043321,0.2185,1267.842,22.885
