epoch,loss,accuracy,f1,runtime,samples_per_second,steps_per_second
1.0,0.7044228911399841,0.6838235294117647,0.8122270742358079,0.8096,503.946,8.646
2.0,0.7297829985618591,0.3161764705882353,0.0,0.8099,503.757,8.643
3.0,0.6392642855644226,0.6838235294117647,0.8122270742358079,0.8074,505.319,8.67
4.0,0.6409014463424683,0.6838235294117647,0.8122270742358079,0.8191,498.088,8.546
5.0,0.6259029507637024,0.6838235294117647,0.8122270742358079,0.8078,505.095,8.666
