epoch,loss,matthews_correlation,runtime,samples_per_second,steps_per_second
1.0,0.6182652115821838,0.0,1.7519,595.357,9.704
2.0,0.6220040917396545,0.0,1.7101,609.889,9.941
3.0,0.6180233955383301,0.0,0.6639,1570.923,25.605
4.0,0.6206908822059631,0.0,1.5693,664.639,10.833
5.0,0.548483669757843,0.3445255641743413,1.7045,611.922,9.974
