epoch,loss,accuracy,runtime,samples_per_second,steps_per_second
1.0,0.7159762978553772,0.4729241877256318,0.4518,613.06,11.066
2.0,0.577151894569397,0.6823104693140795,0.4416,627.32,11.323
3.0,0.47334933280944824,0.7978339350180506,0.4433,624.828,11.278
4.0,0.3936631977558136,0.855595667870036,0.4455,621.775,11.223
5.0,0.4419057071208954,0.8375451263537906,0.4399,629.664,11.366
