epoch,loss,matthews_correlation,runtime,samples_per_second,steps_per_second
1.0,0.4575396776199341,0.5657013531937315,2.1179,492.469,8.027
2.0,0.4668525457382202,0.5552559851126241,1.8501,563.741,9.188
3.0,0.41446712613105774,0.620765149261144,1.855,562.268,9.164
4.0,0.46557143330574036,0.59178748848792,1.8516,563.307,9.181
5.0,0.4377758204936981,0.6031694400672379,1.8521,563.151,9.179
