epoch,loss,matthews_correlation,runtime,samples_per_second,steps_per_second
1.0,0.9963582754135132,0.0,0.6128,1702.005,27.741
2.0,0.8002945780754089,0.0,0.5948,1753.662,28.583
3.0,0.6464507579803467,0.0,0.6228,1674.715,27.296
4.0,0.8039791584014893,0.0,0.596,1749.911,28.522
5.0,0.631921112537384,0.0,0.5947,1753.699,28.584
