epoch,loss,accuracy,runtime,samples_per_second,steps_per_second
1.0,0.1615002453327179,0.9432546220025627,8.6065,634.755,9.992
2.0,0.16116859018802643,0.9401427786930258,8.4855,643.801,10.135
3.0,0.1432471126317978,0.9483800109829764,8.5398,639.711,10.071
4.0,0.15770882368087769,0.9458173164927696,8.5876,636.147,10.014
5.0,0.16907110810279846,0.9443529196412228,8.5211,641.111,10.093
