epoch,loss,accuracy,runtime,samples_per_second,steps_per_second
1.0,0.7579931616783142,0.4729241877256318,0.4488,617.208,11.141
2.0,0.699238121509552,0.48014440433212996,0.4512,613.917,11.082
3.0,0.702642023563385,0.5270758122743683,0.4446,623.023,11.246
4.0,0.6906500458717346,0.5306859205776173,0.4524,612.224,11.051
5.0,0.6729027032852173,0.592057761732852,0.4517,613.274,11.07
