epoch,loss,accuracy,f1,runtime,samples_per_second,steps_per_second
1.0,0.623415470123291,0.6838235294117647,0.8122270742358079,1.9894,205.087,3.519
2.0,0.6590145230293274,0.6838235294117647,0.8122270742358079,1.9414,210.152,3.606
3.0,0.6245817542076111,0.6838235294117647,0.8122270742358079,1.7568,232.245,3.985
4.0,0.6248832941055298,0.6838235294117647,0.8122270742358079,1.6848,242.158,4.155
5.0,0.6243351697921753,0.6838235294117647,0.8122270742358079,1.8692,218.271,3.745
