epoch,loss,matthews_correlation,runtime,samples_per_second,steps_per_second
1.0,0.4824891686439514,0.44113488112476795,1.6011,651.421,10.618
2.0,0.39707544445991516,0.5966862853893407,1.6567,629.548,10.261
3.0,0.5280015468597412,0.585467058423594,1.6481,632.846,10.315
4.0,0.5817681550979614,0.564136238897088,1.527,683.027,11.133
5.0,0.5574797987937927,0.5905123335559759,1.4255,731.671,11.926
