epoch,loss,accuracy,f1,runtime,samples_per_second,steps_per_second
1.0,0.623927116394043,0.6838235294117647,0.8122270742358079,0.9848,414.277,7.108
2.0,0.6311771273612976,0.6838235294117647,0.8122270742358079,0.9775,417.384,7.161
3.0,0.629946231842041,0.6838235294117647,0.8122270742358079,0.9788,416.854,7.152
4.0,0.6240407824516296,0.6838235294117647,0.8122270742358079,0.9782,417.109,7.156
5.0,0.6240850687026978,0.6838235294117647,0.8122270742358079,0.9814,415.728,7.133
