epoch,loss,accuracy,f1,runtime,samples_per_second,steps_per_second
1.0,0.6062260270118713,0.6862745098039216,0.8134110787172012,0.6454,632.181,10.846
2.0,0.4153677523136139,0.8186274509803921,0.8774834437086093,0.6494,628.287,10.779
3.0,0.3375888168811798,0.8529411764705882,0.8872180451127819,0.6487,628.975,10.791
4.0,0.3130528926849365,0.8578431372549019,0.8960573476702509,0.6517,626.09,10.742
5.0,0.3177536725997925,0.8627450980392157,0.8992805755395683,0.6486,629.037,10.792
