epoch,loss,accuracy,runtime,samples_per_second,steps_per_second
1.0,0.7497496604919434,0.5270758122743683,0.4636,597.459,10.784
2.0,0.953393816947937,0.4729241877256318,0.4624,599.002,10.812
3.0,0.953393816947937,0.4729241877256318,0.4737,584.813,10.556
4.0,0.953393816947937,0.4729241877256318,0.463,598.331,10.8
5.0,0.953393816947937,0.4729241877256318,0.4633,597.873,10.792
