epoch,loss,accuracy,f1,runtime,samples_per_second,steps_per_second
1.0,0.3929644525051117,0.8357843137254902,0.8873949579831932,0.2429,1679.624,28.817
2.0,0.31642434000968933,0.8553921568627451,0.8905380333951762,0.2605,1566.011,26.868
3.0,0.289113312959671,0.8848039215686274,0.9140767824497258,0.2362,1727.438,29.637
4.0,0.3460325002670288,0.875,0.9116117850953206,0.2406,1695.635,29.092
5.0,0.3720005750656128,0.8774509803921569,0.9100719424460432,0.237,1721.484,29.535
