epoch,loss,accuracy,runtime,samples_per_second,steps_per_second
1.0,0.7043681144714355,0.5103211009174312,0.5252,1660.304,26.656
2.0,0.6996790170669556,0.5091743119266054,0.5258,1658.291,26.624
3.0,0.7096787095069885,0.5091743119266054,0.5209,1674.013,26.876
4.0,0.7015582323074341,0.5091743119266054,0.5215,1672.072,26.845
5.0,0.7096697688102722,0.5091743119266054,0.5226,1668.457,26.787
