epoch,loss,matthews_correlation,runtime,samples_per_second,steps_per_second
1.0,0.6504930257797241,0.0,1.6654,626.278,10.208
2.0,0.6251580119132996,0.0,1.6677,625.4,10.193
3.0,0.6185240745544434,0.0,1.6623,627.449,10.227
4.0,0.6260842084884644,0.0,1.6662,625.972,10.203
5.0,0.6189734935760498,0.0,1.6624,627.388,10.226
