epoch,loss,matthews_correlation,runtime,samples_per_second,steps_per_second
1.0,0.682898998260498,0.0,0.5851,1782.682,29.056
2.0,0.7316353917121887,0.0,0.5842,1785.264,29.098
3.0,0.9582924246788025,0.0,0.5848,1783.547,29.07
4.0,0.6725107431411743,0.0,0.5834,1787.873,29.141
5.0,0.6322832703590393,0.0,0.584,1785.856,29.108
