epoch,loss,matthews_correlation,runtime,samples_per_second,steps_per_second
1.0,1.7702046632766724,0.0,1.6566,629.603,10.262
2.0,0.8470664024353027,0.0,1.6559,629.859,10.266
3.0,0.9990566968917847,0.0,1.6585,628.897,10.25
4.0,0.8966772556304932,0.0,1.6592,628.632,10.246
5.0,0.6261027455329895,0.0,1.6595,628.51,10.244
