epoch,loss,accuracy,runtime,samples_per_second,steps_per_second
1.0,0.16439476609230042,0.9472477064220184,1.3367,652.366,10.474
2.0,0.15624740719795227,0.9587155963302753,1.3777,632.955,10.162
3.0,0.13180851936340332,0.9564220183486238,1.3375,651.959,10.467
4.0,0.1361919492483139,0.9621559633027523,1.349,646.385,10.378
5.0,0.13987869024276733,0.963302752293578,1.3384,651.543,10.461
