epoch,loss,accuracy,runtime,samples_per_second,steps_per_second
1.0,0.6937559843063354,0.4729241877256318,0.5783,479.018,8.647
2.0,0.6960369944572449,0.5270758122743683,0.5799,477.672,8.622
3.0,0.6956192255020142,0.4729241877256318,0.5823,475.7,8.587
4.0,0.7255913019180298,0.5270758122743683,0.5842,474.13,8.558
5.0,0.6921572089195251,0.5270758122743683,0.5782,479.038,8.647
