epoch,loss,matthews_correlation,runtime,samples_per_second,steps_per_second
1.0,0.6280198097229004,0.0,0.7044,1480.797,24.136
2.0,0.7755118608474731,0.0,0.7084,1472.335,23.998
3.0,0.7322666645050049,0.0,0.7087,1471.777,23.989
4.0,0.658926784992218,0.0,0.7107,1467.542,23.92
5.0,0.6203646063804626,0.0,0.723,1442.672,23.514
