epoch,loss,accuracy,runtime,samples_per_second,steps_per_second
1.0,0.24465976655483246,0.8976752699981695,3.0201,1808.854,28.475
2.0,0.23779967427253723,0.9057294526816767,3.0482,1792.22,28.214
3.0,0.21238110959529877,0.9168954786747209,3.0573,1786.872,28.129
4.0,0.20936906337738037,0.9189090243455976,3.0329,1801.253,28.356
5.0,0.20737510919570923,0.9192751235584844,3.0295,1803.243,28.387
