epoch,loss,accuracy,f1,runtime,samples_per_second,steps_per_second
1.0,0.6305966973304749,0.6838235294117647,0.8122270742358079,0.2396,1702.535,29.21
2.0,0.6294741034507751,0.6838235294117647,0.8122270742358079,0.2399,1700.517,29.176
3.0,0.6264618635177612,0.6838235294117647,0.8122270742358079,0.2569,1588.007,27.245
4.0,0.6234286427497864,0.6838235294117647,0.8122270742358079,0.2511,1624.853,27.877
5.0,0.6255552768707275,0.6838235294117647,0.8122270742358079,0.2397,1702.22,29.205
