epoch,loss,accuracy,f1,runtime,samples_per_second,steps_per_second
1.0,1.2794090509414673,0.3161764705882353,0.0,0.6386,638.894,10.961
2.0,1.9908298254013062,0.3161764705882353,0.0,0.6368,640.668,10.992
3.0,0.796337366104126,0.6838235294117647,0.8122270742358079,0.6376,639.899,10.979
4.0,0.6723597049713135,0.6838235294117647,0.8122270742358079,0.6375,639.975,10.98
5.0,0.6384995579719543,0.6838235294117647,0.8122270742358079,0.638,639.527,10.972
