epoch,loss,accuracy,f1,runtime,samples_per_second,steps_per_second
1.0,0.6293179392814636,0.6838235294117647,0.8122270742358079,0.7201,566.572,9.721
2.0,0.6243124604225159,0.6838235294117647,0.8122270742358079,0.7264,561.675,9.637
3.0,0.6244512796401978,0.6838235294117647,0.8122270742358079,0.7267,561.426,9.632
4.0,0.6289002895355225,0.6838235294117647,0.8122270742358079,0.7265,561.579,9.635
5.0,0.625302791595459,0.6838235294117647,0.8122270742358079,0.7283,560.199,9.611
