epoch,loss,accuracy,f1,runtime,samples_per_second,steps_per_second
1.0,0.47677573561668396,0.7720588235294118,0.8472906403940886,1.741,234.343,4.021
2.0,0.30907362699508667,0.8774509803921569,0.9140893470790378,1.8908,215.787,3.702
3.0,0.28539466857910156,0.8995098039215687,0.9266547406082289,1.9277,211.652,3.631
4.0,0.26768261194229126,0.8946078431372549,0.9238938053097345,0.7319,557.431,9.564
5.0,0.2864099442958832,0.8995098039215687,0.9269162210338681,0.7302,558.729,9.586
