epoch,loss,matthews_correlation,runtime,samples_per_second,steps_per_second
1.0,0.6180772185325623,0.0,0.9808,1063.39,17.332
2.0,0.6248628497123718,0.0,0.9825,1061.632,17.304
3.0,0.6191614866256714,0.0,0.988,1055.689,17.207
4.0,0.6298456192016602,0.0,0.9865,1057.267,17.233
5.0,0.6198091506958008,0.0,0.9868,1056.986,17.228
