epoch,loss,matthews_correlation,runtime,samples_per_second,steps_per_second
1.0,0.6781210899353027,0.0,1.8206,572.903,9.338
2.0,0.6307233572006226,0.0,1.8177,573.791,9.352
3.0,0.6196993589401245,0.0,1.8184,573.576,9.349
4.0,0.7049601674079895,0.0,1.8178,573.785,9.352
5.0,0.6208706498146057,0.0,1.8296,570.066,9.292
