epoch,loss,accuracy,runtime,samples_per_second,steps_per_second
1.0,0.36984363198280334,0.8581762608252674,2.9045,3379.185,53.02
2.0,0.3416057527065277,0.8752929190015283,3.0049,3266.349,51.25
3.0,0.36945393681526184,0.8732552215995925,2.965,3310.3,51.94
4.0,0.38459882140159607,0.8787570045848192,2.985,3288.087,51.591
5.0,0.430370956659317,0.8777381558838513,2.9635,3311.957,51.965
