epoch,loss,accuracy,runtime,samples_per_second,steps_per_second
1.0,0.928659975528717,0.4908256880733945,0.5201,1676.54,26.917
2.0,1.8241854906082153,0.4908256880733945,0.4956,1759.364,28.247
3.0,1.3122974634170532,0.48853211009174313,0.5129,1700.179,27.296
4.0,0.8956097364425659,0.4908256880733945,0.4908,1776.533,28.522
5.0,0.6992411613464355,0.5091743119266054,0.512,1703.194,27.345
