epoch,loss,accuracy,f1,runtime,samples_per_second,steps_per_second
1.0,0.6288775205612183,0.6838235294117647,0.8122270742358079,0.2459,1659.281,28.468
2.0,0.6470193266868591,0.6838235294117647,0.8122270742358079,0.2474,1649.262,28.296
3.0,0.6484129428863525,0.6838235294117647,0.8122270742358079,0.2428,1680.498,28.832
4.0,0.6734619140625,0.6838235294117647,0.8122270742358079,0.2447,1667.127,28.603
5.0,0.6244040131568909,0.6838235294117647,0.8122270742358079,0.2453,1662.959,28.531
