epoch,loss,accuracy,runtime,samples_per_second,steps_per_second
1.0,0.700634241104126,0.4729241877256318,0.7187,385.407,6.957
2.0,0.6931301951408386,0.4729241877256318,0.7206,384.397,6.939
3.0,0.6919950246810913,0.5270758122743683,0.7215,383.924,6.93
4.0,0.6927617788314819,0.5270758122743683,0.7167,386.518,6.977
5.0,0.6929239630699158,0.5270758122743683,0.7057,392.543,7.086
