epoch,loss,accuracy,runtime,samples_per_second,steps_per_second
1.0,0.7644591927528381,0.4908256880733945,0.5577,1563.676,25.105
2.0,0.6939260363578796,0.5091743119266054,0.546,1596.947,25.639
3.0,0.6986313462257385,0.5091743119266054,0.551,1582.564,25.408
4.0,0.7028942704200745,0.5091743119266054,0.5475,1592.705,25.571
5.0,0.6956322193145752,0.5091743119266054,0.5465,1595.682,25.619
