epoch,loss,accuracy,f1,runtime,samples_per_second,steps_per_second
1.0,0.5462909936904907,0.7205882352941176,0.821875,0.2346,1739.222,29.84
2.0,0.39993974566459656,0.8088235294117647,0.8704318936877077,0.2325,1755.119,30.112
3.0,0.3376484811306,0.8480392156862745,0.8880866425992779,0.2345,1739.719,29.848
4.0,0.323394775390625,0.8602941176470589,0.8983957219251337,0.2359,1729.759,29.677
5.0,0.31760579347610474,0.8651960784313726,0.9012567324955116,0.237,1721.322,29.532
