epoch,loss,matthews_correlation,runtime,samples_per_second,steps_per_second
1.0,0.620174765586853,0.0,0.5892,1770.304,28.854
2.0,1.0914397239685059,0.0,0.5845,1784.379,29.084
3.0,0.6679867506027222,0.0,0.5932,1758.286,28.659
4.0,0.6441568732261658,0.0,0.5927,1759.66,28.681
5.0,0.6181984543800354,0.0,0.585,1782.768,29.058
