epoch,loss,accuracy,runtime,samples_per_second,steps_per_second
1.0,0.7343794107437134,0.4729241877256318,0.5967,464.229,8.38
2.0,0.7147431969642639,0.4729241877256318,0.5962,464.618,8.387
3.0,0.7114433646202087,0.5270758122743683,0.5994,462.146,8.342
4.0,0.7168003916740417,0.4729241877256318,0.5983,463.005,8.357
5.0,0.6944522857666016,0.4729241877256318,0.5975,463.566,8.368
