epoch,loss,matthews_correlation,runtime,samples_per_second,steps_per_second
1.0,0.6233375668525696,0.0,2.0708,503.673,8.209
2.0,0.6406198740005493,0.0,2.0788,501.744,8.178
3.0,0.6184489130973816,0.0,2.0758,502.449,8.189
4.0,0.6350839734077454,0.0,2.0767,502.239,8.186
5.0,0.6195907592773438,0.0,2.0808,501.255,8.17
