epoch,loss,matthews_correlation,runtime,samples_per_second,steps_per_second
1.0,0.6344884634017944,0.0,2.0524,508.177,8.283
2.0,0.7268869280815125,0.0,2.0606,506.156,8.25
3.0,0.6438291668891907,0.0,2.0614,505.958,8.247
4.0,0.6194135546684265,0.0,2.0582,506.742,8.259
5.0,0.6183082461357117,0.0,2.0753,502.585,8.192
