epoch,loss,accuracy,f1,runtime,samples_per_second,steps_per_second
1.0,0.34109339118003845,0.8504901960784313,0.8953687821612349,0.3634,1122.588,19.26
2.0,0.354902982711792,0.8823529411764706,0.9183673469387755,0.3651,1117.48,19.172
3.0,0.37403690814971924,0.875,0.9035916824196597,0.3649,1117.994,19.181
4.0,0.5080865621566772,0.8823529411764706,0.916955017301038,0.3675,1110.212,19.048
5.0,0.5654706358909607,0.8823529411764706,0.9163763066202091,0.3645,1119.387,19.205
