epoch,loss,accuracy,f1,runtime,samples_per_second,steps_per_second
1.0,0.35206520557403564,0.8627450980392157,0.901060070671378,0.1227,3325.417,57.054
2.0,0.3650127351284027,0.8725490196078431,0.9115646258503401,0.1217,3353.405,57.534
3.0,0.3065266013145447,0.8774509803921569,0.9094202898550725,0.1229,3318.484,56.935
4.0,0.4148014187812805,0.8872549019607843,0.9195804195804196,0.1223,3335.099,57.22
5.0,0.5618885159492493,0.8651960784313726,0.9036777583187391,0.1234,3307.472,56.746
