epoch,loss,accuracy,f1,runtime,samples_per_second,steps_per_second
1.0,0.4147488474845886,0.8578431372549019,0.9013605442176871,0.2656,1535.964,26.352
2.0,0.3138173818588257,0.8627450980392157,0.8955223880597015,0.2646,1542.01,26.456
3.0,0.33966588973999023,0.8627450980392157,0.89272030651341,0.2618,1558.451,26.738
4.0,0.32015812397003174,0.8946078431372549,0.9225225225225225,0.2704,1509.124,25.892
5.0,0.39759787917137146,0.8848039215686274,0.9143897996357013,0.2646,1541.818,26.453
