epoch,loss,matthews_correlation,runtime,samples_per_second,steps_per_second
1.0,0.5033652782440186,0.4894438592062726,1.6697,624.665,10.181
2.0,0.3959615230560303,0.5882977917441249,1.6684,625.157,10.19
3.0,0.3931976556777954,0.6008788381144764,1.6635,626.985,10.219
4.0,0.469841331243515,0.5962108323383991,1.6675,625.482,10.195
5.0,0.40950092673301697,0.613211494270806,1.6653,626.318,10.208
