epoch,loss,matthews_correlation,runtime,samples_per_second,steps_per_second
1.0,0.5093514323234558,0.5701365244041533,1.6465,633.48,10.325
2.0,0.3573499023914337,0.6521917905809458,1.6497,632.236,10.305
3.0,0.3818158209323883,0.6308492465006725,1.6474,633.106,10.319
4.0,0.4598730802536011,0.6227491046509999,1.6526,631.119,10.287
5.0,0.41656625270843506,0.6506260334047431,1.6476,633.028,10.318
