epoch,loss,accuracy,runtime,samples_per_second,steps_per_second
1.0,0.7080466151237488,0.4729241877256318,0.1671,1657.357,29.916
2.0,0.7127602100372314,0.4729241877256318,0.1692,1637.31,29.554
3.0,0.6946532130241394,0.5270758122743683,0.1663,1665.358,30.061
4.0,0.6988821029663086,0.4729241877256318,0.1675,1653.905,29.854
5.0,0.6940010786056519,0.4729241877256318,0.1662,1666.696,30.085
