epoch,loss,accuracy,runtime,samples_per_second,steps_per_second
1.0,0.14930851757526398,0.9495412844036697,1.3979,623.796,10.015
2.0,0.16453881561756134,0.9552752293577982,2.7943,312.068,5.01
3.0,0.14488381147384644,0.9529816513761468,2.886,302.147,4.851
4.0,0.147677943110466,0.9529816513761468,2.8846,302.29,4.853
5.0,0.14637798070907593,0.9587155963302753,2.8862,302.122,4.851
