epoch,loss,accuracy,runtime,samples_per_second,steps_per_second
1.0,0.7107877135276794,0.4729241877256318,0.4705,588.736,10.627
2.0,0.7004526853561401,0.5270758122743683,0.4731,585.534,10.569
3.0,0.6921184659004211,0.5270758122743683,0.4681,591.725,10.681
4.0,0.7037419080734253,0.4729241877256318,0.4684,591.383,10.675
5.0,0.6921871304512024,0.5270758122743683,0.4723,586.476,10.586
