epoch,loss,accuracy,f1,runtime,samples_per_second,steps_per_second
1.0,0.5866917371749878,0.6838235294117647,0.8122270742358079,0.2411,1692.068,29.031
2.0,0.442812979221344,0.7867647058823529,0.853781512605042,0.2425,1682.328,28.863
3.0,0.34661537408828735,0.8480392156862745,0.8900709219858156,0.2422,1684.886,28.907
4.0,0.3354202210903168,0.8504901960784313,0.8908765652951699,0.2449,1665.676,28.578
5.0,0.3367253541946411,0.8627450980392157,0.901060070671378,0.2473,1649.892,28.307
