epoch,loss,accuracy,runtime,samples_per_second,steps_per_second
1.0,0.7361606359481812,0.4729241877256318,0.4656,594.978,10.74
2.0,0.7111032605171204,0.4729241877256318,0.4378,632.777,11.422
3.0,0.7046533226966858,0.5270758122743683,0.4427,625.658,11.293
4.0,0.6933664083480835,0.4729241877256318,0.4385,631.67,11.402
5.0,0.6927212476730347,0.5270758122743683,0.4388,631.268,11.395
