epoch,loss,accuracy,f1,runtime,samples_per_second,steps_per_second
1.0,0.6246499419212341,0.6838235294117647,0.8122270742358079,0.9449,431.773,7.408
2.0,0.62750244140625,0.6838235294117647,0.8122270742358079,0.9391,434.476,7.454
3.0,0.6266216039657593,0.6838235294117647,0.8122270742358079,0.9412,433.503,7.438
4.0,0.6249138116836548,0.6838235294117647,0.8122270742358079,0.9435,432.433,7.419
5.0,0.6247259378433228,0.6838235294117647,0.8122270742358079,0.9482,430.283,7.382
