epoch,loss,accuracy,f1,runtime,samples_per_second,steps_per_second
1.0,0.7958450317382812,0.6838235294117647,0.8122270742358079,0.2462,1657.454,28.437
2.0,0.6325539946556091,0.6838235294117647,0.8122270742358079,0.2391,1706.517,29.278
3.0,0.7946274876594543,0.3161764705882353,0.0,0.2402,1698.444,29.14
4.0,0.6247636675834656,0.6838235294117647,0.8122270742358079,0.2409,1693.511,29.055
5.0,0.6239067316055298,0.6838235294117647,0.8122270742358079,0.2412,1691.242,29.016
