epoch,loss,accuracy,runtime,samples_per_second,steps_per_second
1.0,0.25524646043777466,0.8944954128440367,0.5251,1660.727,26.663
2.0,0.22799207270145416,0.9231651376146789,0.5212,1672.949,26.859
3.0,0.2558177709579468,0.9174311926605505,0.5232,1666.644,26.758
4.0,0.26113542914390564,0.926605504587156,0.523,1667.235,26.768
5.0,0.2929861545562744,0.930045871559633,0.524,1664.034,26.716
