epoch,loss,accuracy,f1,runtime,samples_per_second,steps_per_second
1.0,0.6775476932525635,0.6838235294117647,0.8122270742358079,0.9368,435.543,7.473
2.0,0.6775476932525635,0.6838235294117647,0.8122270742358079,0.9386,434.676,7.458
3.0,0.6775476932525635,0.6838235294117647,0.8122270742358079,0.9393,434.367,7.452
4.0,0.6775476932525635,0.6838235294117647,0.8122270742358079,0.9386,434.671,7.458
5.0,0.6775476932525635,0.6838235294117647,0.8122270742358079,0.9381,434.9,7.462
