epoch,loss,accuracy,runtime,samples_per_second,steps_per_second
1.0,0.6946020722389221,0.4729241877256318,0.4711,588.045,10.615
2.0,0.697364330291748,0.4729241877256318,0.4719,586.987,10.595
3.0,0.6989508271217346,0.5270758122743683,0.4716,587.35,10.602
4.0,0.702716052532196,0.4729241877256318,0.469,590.619,10.661
5.0,0.6954341530799866,0.4729241877256318,0.4725,586.224,10.582
