epoch,loss,accuracy,f1,runtime,samples_per_second,steps_per_second
1.0,0.5167754888534546,0.8137254901960784,0.8733333333333333,0.1226,3328.877,57.113
2.0,0.3789404630661011,0.8431372549019608,0.891156462585034,0.1388,2938.943,50.423
3.0,0.32420894503593445,0.8799019607843137,0.911070780399274,0.1472,2771.136,47.544
4.0,0.32096368074417114,0.875,0.9090909090909091,0.1583,2576.738,44.209
5.0,0.4122011661529541,0.8725490196078431,0.9090909090909091,0.1235,3304.285,56.691
