epoch,loss,accuracy,runtime,samples_per_second,steps_per_second
1.0,0.19880235195159912,0.9311926605504587,0.4938,1765.87,28.351
2.0,0.21678122878074646,0.9311926605504587,0.4929,1769.006,28.401
3.0,0.20077888667583466,0.9380733944954128,0.4967,1755.595,28.186
4.0,0.20616668462753296,0.9438073394495413,0.5051,1726.343,27.717
5.0,0.22028833627700806,0.9369266055045872,0.494,1765.302,28.342
