epoch,loss,accuracy,f1,runtime,samples_per_second,steps_per_second
1.0,0.39916056394577026,0.8357843137254902,0.882661996497373,0.1222,3337.786,57.266
2.0,0.2988055646419525,0.8700980392156863,0.9071803852889667,0.1254,3252.307,55.799
3.0,0.2994912266731262,0.8872549019607843,0.916058394160584,0.1228,3321.164,56.981
4.0,0.3071664869785309,0.8921568627450981,0.92,0.122,3343.204,57.359
5.0,0.34369516372680664,0.9044117647058824,0.9299820466786356,0.1312,3109.647,53.352
