epoch,loss,accuracy,runtime,samples_per_second,steps_per_second
1.0,0.6999979615211487,0.5270758122743683,0.209,1325.425,23.925
2.0,0.7037137746810913,0.4729241877256318,0.2108,1314.308,23.724
3.0,0.6924303770065308,0.5270758122743683,0.2148,1289.479,23.276
4.0,0.7034969329833984,0.4729241877256318,0.231,1199.182,21.646
5.0,0.6919068694114685,0.5270758122743683,0.212,1306.535,23.584
