epoch,loss,matthews_correlation,runtime,samples_per_second,steps_per_second
1.0,0.4526185691356659,0.4890652579027221,0.57,1829.839,29.825
2.0,0.44990745186805725,0.508446504598424,0.5991,1740.93,28.376
3.0,0.4620080888271332,0.5390322970786539,0.564,1849.173,30.14
4.0,0.4790676236152649,0.5598962230809679,0.6003,1737.575,28.321
5.0,0.4654962420463562,0.5678267214677118,0.5651,1845.622,30.082
