epoch,loss,accuracy,f1,runtime,samples_per_second,steps_per_second
1.0,0.47763195633888245,0.7107843137254902,0.8233532934131736,0.1229,3318.813,56.94
2.0,0.33484455943107605,0.8602941176470589,0.8942486085343229,0.1188,3433.615,58.91
3.0,0.341552734375,0.8700980392156863,0.9058614564831261,0.1197,3407.111,58.455
4.0,0.32844752073287964,0.8627450980392157,0.8985507246376812,0.1262,3233.985,55.485
5.0,0.3464340567588806,0.8676470588235294,0.9014598540145985,0.1235,3303.462,56.677
