epoch,loss,accuracy,runtime,samples_per_second,steps_per_second
1.0,0.20143216848373413,0.926605504587156,1.4442,603.811,9.694
2.0,0.21491821110248566,0.9311926605504587,1.4578,598.147,9.603
3.0,0.21268175542354584,0.9415137614678899,0.5956,1464.179,23.507
4.0,0.21379317343235016,0.944954128440367,0.5964,1462.064,23.474
5.0,0.2350231111049652,0.9403669724770642,0.5944,1467.036,23.553
