epoch,loss,accuracy,f1,runtime,samples_per_second,steps_per_second
1.0,0.6176279187202454,0.6838235294117647,0.8122270742358079,0.6519,625.848,10.738
2.0,0.5610756874084473,0.7303921568627451,0.8264984227129337,0.6495,628.2,10.778
3.0,0.4479159116744995,0.8088235294117647,0.8673469387755102,0.6611,617.123,10.588
4.0,0.3641822040081024,0.8553921568627451,0.8981001727115717,0.6524,625.371,10.729
5.0,0.34777286648750305,0.8553921568627451,0.8963093145869947,0.6504,627.352,10.763
