epoch,loss,accuracy,f1,runtime,samples_per_second,steps_per_second
1.0,0.5397348403930664,0.7450980392156863,0.8395061728395061,0.6466,631.002,10.826
2.0,0.39779791235923767,0.8406862745098039,0.8903878583473862,0.6509,626.806,10.754
3.0,0.2882188558578491,0.8676470588235294,0.9003690036900369,0.6486,629.093,10.793
4.0,0.3312095105648041,0.8946078431372549,0.9233511586452763,0.6468,630.755,10.822
5.0,0.3309478759765625,0.8970588235294118,0.9247311827956989,0.6497,628.03,10.775
