epoch,loss,matthews_correlation,runtime,samples_per_second,steps_per_second
1.0,0.6221796274185181,0.0,2.0834,500.614,8.16
2.0,0.6249520182609558,0.0,2.0796,501.546,8.175
3.0,0.618370532989502,0.0,2.0808,501.26,8.17
4.0,0.6231318712234497,0.0,2.0767,502.231,8.186
5.0,0.619094729423523,0.0,2.0815,501.085,8.167
