epoch,loss,matthews_correlation,runtime,samples_per_second,steps_per_second
1.0,0.6182054877281189,0.0,1.6392,636.287,10.371
2.0,0.6255472898483276,0.0,1.6418,635.273,10.354
3.0,0.6183630228042603,0.0,1.6409,635.644,10.36
4.0,0.6219359636306763,0.0,1.6398,636.043,10.367
5.0,0.6185854077339172,0.0,1.6433,634.702,10.345
