epoch,loss,accuracy,runtime,samples_per_second,steps_per_second
1.0,0.19378378987312317,0.9278784550613216,8.5351,640.064,10.076
2.0,0.1859094798564911,0.932820794435292,8.5073,642.154,10.109
3.0,0.15144963562488556,0.9452681676734395,23.6622,230.875,3.634
4.0,0.1568859964609146,0.9427054731832326,24.7302,220.904,3.478
5.0,0.15828688442707062,0.9419732747574593,9.7566,559.926,8.815
