epoch,loss,accuracy,runtime,samples_per_second,steps_per_second
1.0,0.6957232356071472,0.4729241877256318,0.7286,380.194,6.863
2.0,0.6932342052459717,0.4729241877256318,0.6736,411.225,7.423
3.0,0.6917535066604614,0.5270758122743683,0.7231,383.064,6.915
4.0,0.6925573348999023,0.5270758122743683,0.7191,385.222,6.953
5.0,0.6921077966690063,0.5270758122743683,0.5403,512.668,9.254
