epoch,loss,matthews_correlation,runtime,samples_per_second,steps_per_second
1.0,0.47183874249458313,0.43566147276776424,0.5891,1770.357,28.855
2.0,0.49431443214416504,0.47350830753131157,0.5919,1762.212,28.723
3.0,0.48571619391441345,0.5258663312307151,0.5922,1761.127,28.705
4.0,0.5041793584823608,0.4997185526543391,0.6053,1722.986,28.083
5.0,0.4808162450790405,0.5255827322697563,0.5933,1757.977,28.654
