epoch,loss,accuracy,f1,runtime,samples_per_second,steps_per_second
1.0,0.7425153851509094,0.6838235294117647,0.8122270742358079,0.2417,1687.852,28.958
2.0,0.6835593581199646,0.6838235294117647,0.8122270742358079,0.2457,1660.26,28.485
3.0,1.1148720979690552,0.3161764705882353,0.0,0.2393,1704.667,29.247
4.0,0.6646971106529236,0.6838235294117647,0.8122270742358079,0.2343,1741.587,29.88
5.0,0.625248908996582,0.6838235294117647,0.8122270742358079,0.2348,1737.98,29.818
