epoch,loss,accuracy,runtime,samples_per_second,steps_per_second
1.0,0.23074373602867126,0.9254587155963303,0.253,3445.981,55.325
2.0,0.23035910725593567,0.9346330275229358,0.2565,3400.16,54.59
3.0,0.24466806650161743,0.9380733944954128,0.2656,3282.93,52.708
4.0,0.23513200879096985,0.9288990825688074,0.2529,3448.04,55.358
5.0,0.30121657252311707,0.9392201834862385,0.2589,3367.557,54.066
