epoch,loss,accuracy,f1,runtime,samples_per_second,steps_per_second
1.0,0.6315014362335205,0.6838235294117647,0.8122270742358079,4.1466,98.393,1.688
2.0,0.630373477935791,0.6838235294117647,0.8122270742358079,4.1707,97.825,1.678
3.0,0.6253033876419067,0.6838235294117647,0.8122270742358079,4.0012,101.969,1.749
4.0,0.6245733499526978,0.6838235294117647,0.8122270742358079,3.8016,107.323,1.841
5.0,0.6247654557228088,0.6838235294117647,0.8122270742358079,3.9952,102.123,1.752
