epoch,loss,accuracy,f1,runtime,samples_per_second,steps_per_second
1.0,0.37563323974609375,0.8529411764705882,0.8913043478260869,0.2496,1634.902,28.05
2.0,0.34346553683280945,0.8774509803921569,0.9090909090909091,0.2545,1603.18,27.506
3.0,0.28609833121299744,0.8921568627450981,0.921146953405018,0.2538,1607.529,27.58
4.0,0.4445335566997528,0.8897058823529411,0.9228130360205832,0.2498,1633.182,28.02
5.0,0.44534608721733093,0.8823529411764706,0.9145907473309609,0.2504,1629.154,27.951
