epoch,loss,accuracy,f1,runtime,samples_per_second,steps_per_second
1.0,0.39109382033348083,0.8259803921568627,0.8798646362098139,0.335,1217.983,20.897
2.0,0.3455883860588074,0.8553921568627451,0.8925318761384335,0.332,1228.856,21.083
3.0,0.3212689459323883,0.8676470588235294,0.8992537313432836,0.3346,1219.445,20.922
4.0,0.36836209893226624,0.8676470588235294,0.9021739130434783,0.3338,1222.34,20.972
5.0,0.4077531397342682,0.8823529411764706,0.9136690647482014,0.3339,1222.021,20.966
