epoch,loss,accuracy,runtime,samples_per_second,steps_per_second
1.0,0.874078094959259,0.5270758122743683,0.4292,645.416,11.65
2.0,1.2523666620254517,0.4729241877256318,0.428,647.136,11.681
3.0,0.8128930926322937,0.4729241877256318,0.4291,645.588,11.653
4.0,0.8985987901687622,0.4729241877256318,0.4286,646.23,11.665
5.0,0.7030192613601685,0.5270758122743683,0.4272,648.432,11.705
