epoch,loss,accuracy,runtime,samples_per_second,steps_per_second
1.0,0.6935374140739441,0.4729241877256318,0.6118,452.76,8.173
2.0,0.5164167284965515,0.7581227436823105,0.6107,453.569,8.187
3.0,0.43071550130844116,0.8158844765342961,0.6134,451.581,8.151
4.0,0.46373486518859863,0.8050541516245487,0.6115,453.012,8.177
5.0,0.48119720816612244,0.8375451263537906,0.6113,453.161,8.18
