epoch,loss,matthews_correlation,runtime,samples_per_second,steps_per_second
1.0,0.4181552529335022,0.5728480346888059,0.5935,1757.331,28.643
2.0,0.38398391008377075,0.5915349390534375,0.61,1709.947,27.871
3.0,0.5724395513534546,0.5780839016534659,0.5883,1772.941,28.897
4.0,0.5515321493148804,0.5981073556597793,0.5897,1768.752,28.829
5.0,0.6194508671760559,0.6007221525351318,0.5909,1765.101,28.77
