epoch,loss,matthews_correlation,runtime,samples_per_second,steps_per_second
1.0,0.6348761320114136,0.0,1.6423,635.087,10.351
2.0,0.6198596954345703,0.0,1.6496,632.278,10.306
3.0,0.6327418088912964,0.0,1.6465,633.455,10.325
4.0,0.6182520985603333,0.0,1.6503,632.001,10.301
5.0,0.6182122826576233,0.0,1.6492,632.446,10.308
