epoch,loss,accuracy,runtime,samples_per_second,steps_per_second
1.0,0.7181180715560913,0.5270758122743683,0.441,628.172,11.339
2.0,0.7065147757530212,0.4729241877256318,0.4383,631.928,11.407
3.0,0.7551270127296448,0.4729241877256318,0.4474,619.135,11.176
4.0,0.7123935222625732,0.5270758122743683,0.4369,633.954,11.443
5.0,0.6925326585769653,0.5270758122743683,0.439,631.028,11.39
