epoch,loss,accuracy,runtime,samples_per_second,steps_per_second
1.0,0.6916212439537048,0.5270758122743683,0.1715,1615.547,29.161
2.0,0.6992980241775513,0.4729241877256318,0.17,1629.864,29.42
3.0,0.6929239630699158,0.5270758122743683,0.1698,1631.699,29.453
4.0,0.6933135390281677,0.4729241877256318,0.1759,1574.635,28.423
5.0,0.6928905248641968,0.5270758122743683,0.1711,1619.163,29.227
