epoch,loss,accuracy,runtime,samples_per_second,steps_per_second
1.0,0.6974157094955444,0.5091743119266054,0.6979,1249.458,20.06
2.0,0.6962016820907593,0.5091743119266054,0.6905,1262.94,20.277
3.0,0.6963965892791748,0.5091743119266054,0.6978,1249.627,20.063
4.0,0.6954076886177063,0.5091743119266054,0.6949,1254.848,20.147
5.0,0.6976105570793152,0.5091743119266054,0.6903,1263.157,20.28
