epoch,loss,matthews_correlation,runtime,samples_per_second,steps_per_second
1.0,0.4296307861804962,0.5598962230809679,1.6442,634.359,10.34
2.0,0.34649035334587097,0.6586120970818117,1.6446,634.214,10.337
3.0,0.3807354271411896,0.6382762835780119,1.6482,632.808,10.314
4.0,0.41783568263053894,0.6433797092875907,1.646,633.662,10.328
5.0,0.4620197117328644,0.6528696803276511,1.6702,624.478,10.178
