epoch,loss,accuracy,f1,runtime,samples_per_second,steps_per_second
1.0,0.623908519744873,0.6838235294117647,0.8122270742358079,0.672,607.152,10.417
2.0,0.6270368695259094,0.6838235294117647,0.8122270742358079,0.6714,607.678,10.426
3.0,0.6278806328773499,0.6838235294117647,0.8122270742358079,0.6753,604.156,10.365
4.0,0.6241682171821594,0.6838235294117647,0.8122270742358079,0.6756,603.921,10.361
5.0,0.6240683197975159,0.6838235294117647,0.8122270742358079,0.6763,603.311,10.351
