epoch,loss,accuracy,runtime,samples_per_second,steps_per_second
1.0,0.7103028893470764,0.5270758122743683,0.1975,1402.354,25.313
2.0,0.736059308052063,0.4729241877256318,0.1966,1409.028,25.434
3.0,0.7092655301094055,0.5270758122743683,0.1979,1399.759,25.266
4.0,0.7014697790145874,0.4729241877256318,0.1963,1411.141,25.472
5.0,0.6917763948440552,0.5270758122743683,0.1965,1409.954,25.45
