epoch,loss,matthews_correlation,runtime,samples_per_second,steps_per_second
1.0,0.5490302443504333,0.3975155383693661,0.5934,1757.695,28.649
2.0,0.38878676295280457,0.5900017494459828,0.5938,1756.495,28.629
3.0,0.4521379768848419,0.5783323107334525,0.5935,1757.387,28.644
4.0,0.5282608866691589,0.5417325184178179,0.5914,1763.56,28.745
5.0,0.5097646117210388,0.5778184033685675,0.5903,1766.934,28.8
