epoch,loss,accuracy,runtime,samples_per_second,steps_per_second
1.0,0.8909409642219543,0.4729241877256318,0.4371,633.676,11.438
2.0,0.6916354298591614,0.5270758122743683,0.4318,641.51,11.58
3.0,0.7033788561820984,0.4729241877256318,0.4382,632.063,11.409
4.0,0.6917587518692017,0.5270758122743683,0.4357,635.732,11.475
5.0,0.6925291419029236,0.5270758122743683,0.4346,637.359,11.505
