epoch,loss,matthews_correlation,runtime,samples_per_second,steps_per_second
1.0,0.6187897324562073,0.0,0.5854,1781.574,29.038
2.0,0.6264664530754089,0.0,0.5851,1782.675,29.056
3.0,0.6180128455162048,0.0,0.59,1767.688,28.812
4.0,0.6202845573425293,0.0,0.6199,1682.522,27.424
5.0,0.6188749670982361,0.0,0.5813,1794.102,29.242
