epoch,loss,accuracy,f1,runtime,samples_per_second,steps_per_second
1.0,0.6268244981765747,0.6838235294117647,0.8122270742358079,0.2601,1568.868,26.917
2.0,0.6326707005500793,0.6838235294117647,0.8122270742358079,0.2585,1578.337,27.079
3.0,0.648735523223877,0.6838235294117647,0.8122270742358079,0.2583,1579.615,27.101
4.0,0.6245464086532593,0.6838235294117647,0.8122270742358079,0.2595,1572.084,26.972
5.0,0.6253010034561157,0.6838235294117647,0.8122270742358079,0.2557,1595.674,27.377
