epoch,loss,matthews_correlation,runtime,samples_per_second,steps_per_second
1.0,0.5790318250656128,0.27337224820619854,1.6498,632.18,10.304
2.0,0.4512827694416046,0.5454001814167142,1.4706,709.245,11.56
3.0,0.4499073922634125,0.6061605762137284,1.6047,649.966,10.594
4.0,0.5934153199195862,0.5231813591910682,1.5707,664.042,10.823
5.0,0.5949984788894653,0.5803968070604221,1.4451,721.734,11.764
