epoch,loss,accuracy,runtime,samples_per_second,steps_per_second
1.0,0.7083233594894409,0.4729241877256318,0.2384,1162.001,20.975
2.0,0.7092452645301819,0.4729241877256318,0.236,1173.649,21.185
3.0,0.6949740648269653,0.5270758122743683,0.2432,1138.79,20.556
4.0,0.6926560401916504,0.5270758122743683,0.2341,1183.405,21.361
5.0,0.6926032304763794,0.5270758122743683,0.2368,1169.553,21.111
