epoch,loss,accuracy,runtime,samples_per_second,steps_per_second
1.0,0.7466860413551331,0.4729241877256318,0.6738,411.09,7.42
2.0,0.7211984395980835,0.4729241877256318,0.6825,405.84,7.326
3.0,0.707464873790741,0.5270758122743683,0.675,410.394,7.408
4.0,0.6921924352645874,0.5270758122743683,0.6738,411.109,7.421
5.0,0.6920919418334961,0.5270758122743683,0.6787,408.148,7.367
