epoch,loss,accuracy,f1,runtime,samples_per_second,steps_per_second
1.0,0.6256349086761475,0.6838235294117647,0.8122270742358079,0.3102,1315.397,22.568
2.0,0.6301521062850952,0.6838235294117647,0.8122270742358079,0.3102,1315.232,22.565
3.0,0.6238935589790344,0.6838235294117647,0.8122270742358079,0.3111,1311.492,22.501
4.0,0.6245889067649841,0.6838235294117647,0.8122270742358079,0.3104,1314.298,22.549
5.0,0.6245135068893433,0.6838235294117647,0.8122270742358079,0.3118,1308.518,22.45
