epoch,loss,accuracy,runtime,samples_per_second,steps_per_second
1.0,0.6948260068893433,0.4729241877256318,0.1698,1630.992,29.44
2.0,0.6881434321403503,0.5595667870036101,0.1699,1629.9,29.421
3.0,0.5794986486434937,0.7111913357400722,0.1688,1641.085,29.622
4.0,0.539858341217041,0.7184115523465704,0.1689,1640.313,29.609
5.0,0.553074061870575,0.703971119133574,0.1699,1630.705,29.435
