epoch,loss,accuracy,f1,runtime,samples_per_second,steps_per_second
1.0,0.4579639434814453,0.7867647058823529,0.8580750407830342,0.2496,1634.616,28.045
2.0,0.3312464654445648,0.8676470588235294,0.9072164948453608,0.2504,1629.227,27.952
3.0,0.2975626587867737,0.8700980392156863,0.9020332717190388,0.2472,1650.398,28.316
4.0,0.3027060925960541,0.8872549019607843,0.9178571428571428,0.2476,1647.568,28.267
5.0,0.31561294198036194,0.875,0.9081081081081082,0.2472,1650.688,28.321
