epoch,loss,accuracy,runtime,samples_per_second,steps_per_second
1.0,0.6991015076637268,0.49097472924187724,0.9943,278.58,5.029
2.0,0.529373288154602,0.7364620938628159,0.9978,277.601,5.011
3.0,0.45153459906578064,0.8122743682310469,1.0,277.008,5.0
4.0,0.5472573041915894,0.8194945848375451,0.997,277.828,5.015
5.0,0.7684403657913208,0.8303249097472925,0.982,282.077,5.092
