epoch,loss,accuracy,runtime,samples_per_second,steps_per_second
1.0,0.7216233015060425,0.4729241877256318,0.4559,607.604,10.968
2.0,0.690503716468811,0.555956678700361,0.4497,615.919,11.118
3.0,0.6840071082115173,0.5487364620938628,0.4464,620.578,11.202
4.0,0.6834157109260559,0.5415162454873647,0.4462,620.74,11.205
5.0,0.6362956762313843,0.631768953068592,0.4494,616.42,11.127
