epoch,loss,matthews_correlation,runtime,samples_per_second,steps_per_second
1.0,0.6188866496086121,0.0,2.073,503.138,8.201
2.0,0.6213149428367615,0.0,2.0716,503.476,8.206
3.0,0.6212077736854553,0.0,2.0693,504.043,8.215
4.0,0.6316196322441101,0.0,2.0689,504.132,8.217
5.0,0.6194788813591003,0.0,2.0643,505.268,8.235
