epoch,loss,accuracy,f1,runtime,samples_per_second,steps_per_second
1.0,0.642819881439209,0.678921568627451,0.7848932676518884,1.7652,231.135,3.966
2.0,0.36950600147247314,0.8627450980392157,0.903114186851211,1.756,232.34,3.986
3.0,0.3158283233642578,0.8823529411764706,0.9104477611940298,1.7547,232.517,3.989
4.0,0.28088122606277466,0.8921568627450981,0.9222614840989399,1.747,233.543,4.007
5.0,0.2943517565727234,0.8872549019607843,0.9184397163120568,1.7453,233.776,4.011
