epoch,loss,accuracy,runtime,samples_per_second,steps_per_second
1.0,0.6964477300643921,0.5270758122743683,0.4414,627.601,11.329
2.0,0.7460417747497559,0.4729241877256318,0.4359,635.515,11.471
3.0,0.696269690990448,0.5270758122743683,0.4514,613.623,11.076
4.0,0.6964036226272583,0.4729241877256318,0.4412,627.825,11.333
5.0,0.6922752857208252,0.5270758122743683,0.4374,633.224,11.43
