epoch,loss,accuracy,runtime,samples_per_second,steps_per_second
1.0,0.6967791318893433,0.5270758122743683,0.1642,1686.506,30.442
2.0,0.6964583396911621,0.4729241877256318,0.1648,1680.819,30.34
3.0,0.6919174194335938,0.5270758122743683,0.164,1689.496,30.496
4.0,0.699766993522644,0.4729241877256318,0.1657,1671.345,30.169
5.0,0.6936044096946716,0.4729241877256318,0.1669,1659.917,29.962
