epoch,loss,accuracy,f1,runtime,samples_per_second,steps_per_second
1.0,0.6241676211357117,0.6838235294117647,0.8122270742358079,0.9407,433.726,7.441
2.0,0.6312931776046753,0.6838235294117647,0.8122270742358079,0.9369,435.482,7.472
3.0,0.626220703125,0.6838235294117647,0.8122270742358079,0.9365,435.657,7.475
4.0,0.6273235082626343,0.6838235294117647,0.8122270742358079,0.9353,436.238,7.484
5.0,0.6245518326759338,0.6838235294117647,0.8122270742358079,0.9351,436.302,7.486
