epoch,loss,accuracy,runtime,samples_per_second,steps_per_second
1.0,0.6895694732666016,0.5270758122743683,0.9785,283.096,5.11
2.0,0.5658383965492249,0.703971119133574,0.9983,277.465,5.008
3.0,0.4822397530078888,0.7581227436823105,0.9697,285.653,5.156
4.0,0.3889697790145874,0.855595667870036,1.0021,276.424,4.99
5.0,0.4375821352005005,0.855595667870036,1.0108,274.049,4.947
