epoch,loss,accuracy,runtime,samples_per_second,steps_per_second
1.0,0.7257304787635803,0.4729241877256318,0.4487,617.326,11.143
2.0,0.6765031218528748,0.5595667870036101,0.4508,614.471,11.092
3.0,0.4876961410045624,0.7581227436823105,0.4504,615.042,11.102
4.0,0.4096069931983948,0.8194945848375451,0.4477,618.69,11.168
5.0,0.4389215409755707,0.8050541516245487,0.4444,623.341,11.252
