epoch,loss,accuracy,runtime,samples_per_second,steps_per_second
1.0,0.6986282467842102,0.4729241877256318,0.0841,3292.755,59.436
2.0,0.686079204082489,0.5451263537906137,0.0841,3295.37,59.483
3.0,0.6118133068084717,0.6787003610108303,0.0853,3245.857,58.589
4.0,0.6176134347915649,0.6967509025270758,0.085,3260.459,58.853
5.0,0.6495071649551392,0.7111913357400722,0.0838,3307.067,59.694
