epoch,loss,accuracy,runtime,samples_per_second,steps_per_second
1.0,0.7099820971488953,0.5270758122743683,0.4447,622.826,11.242
2.0,0.7243573069572449,0.4729241877256318,0.4402,629.246,11.358
3.0,0.6920020580291748,0.5270758122743683,0.4443,623.437,11.253
4.0,0.6950463056564331,0.4729241877256318,0.4378,632.696,11.421
5.0,0.6919580101966858,0.5270758122743683,0.4382,632.164,11.411
