epoch,loss,matthews_correlation,runtime,samples_per_second,steps_per_second
1.0,0.42706409096717834,0.5390406008281052,1.6839,619.387,10.095
2.0,0.3488706052303314,0.6569300311970928,1.6877,617.984,10.073
3.0,0.4108361303806305,0.6215112656101351,1.6853,618.887,10.087
4.0,0.5546505451202393,0.6236578483861547,1.6903,617.045,10.057
5.0,0.5458227396011353,0.6504245143813093,1.6867,618.361,10.079
