epoch,loss,accuracy,runtime,samples_per_second,steps_per_second
1.0,0.6923069953918457,0.5270758122743683,0.1962,1411.762,25.483
2.0,0.6993244886398315,0.4729241877256318,0.197,1406.152,25.382
3.0,0.692284107208252,0.5270758122743683,0.196,1413.363,25.512
4.0,0.6959893703460693,0.4729241877256318,0.1967,1408.059,25.416
5.0,0.6925203800201416,0.5270758122743683,0.1973,1403.677,25.337
