epoch,loss,accuracy,runtime,samples_per_second,steps_per_second
1.0,0.7289378046989441,0.4729241877256318,0.5215,531.158,9.588
2.0,0.7755193710327148,0.5270758122743683,0.5238,528.812,9.545
3.0,0.7040786147117615,0.4729241877256318,0.5245,528.088,9.532
4.0,0.6920831799507141,0.5270758122743683,0.5233,529.34,9.555
5.0,0.6926172375679016,0.5270758122743683,0.5222,530.465,9.575
