epoch,loss,accuracy,runtime,samples_per_second,steps_per_second
1.0,0.23972734808921814,0.9139908256880734,0.5067,1720.832,27.628
2.0,0.2460559904575348,0.9174311926605505,0.5072,1719.289,27.603
3.0,0.21285380423069,0.9277522935779816,0.5101,1709.418,27.445
4.0,0.21224139630794525,0.9346330275229358,0.5076,1717.807,27.579
5.0,0.22098936140537262,0.9369266055045872,0.5077,1717.481,27.574
