epoch,loss,accuracy,runtime,samples_per_second,steps_per_second
1.0,0.4039498269557953,0.8425878757004585,9.6686,1015.143,15.928
2.0,0.35979408025741577,0.8621497707590423,5.3165,1846.123,28.966
3.0,0.37329310178756714,0.8601120733571065,5.2796,1859.055,29.169
4.0,0.3487810492515564,0.8681609780947529,5.3167,1846.065,28.965
5.0,0.35282212495803833,0.8688741721854305,5.4016,1817.037,28.51
