epoch,loss,accuracy,f1,runtime,samples_per_second,steps_per_second
1.0,0.40480729937553406,0.8186274509803921,0.8697183098591549,0.6555,622.409,10.679
2.0,0.3433576226234436,0.875,0.9109947643979057,0.6521,625.701,10.735
3.0,0.2785618305206299,0.8946078431372549,0.9228007181328546,0.6543,623.562,10.698
4.0,0.3048114478588104,0.9068627450980392,0.9316546762589928,0.6577,620.345,10.643
5.0,0.35967135429382324,0.9044117647058824,0.9297297297297298,0.6577,620.361,10.643
