epoch,loss,accuracy,f1,runtime,samples_per_second,steps_per_second
1.0,0.6348541975021362,0.6838235294117647,0.8122270742358079,0.8084,504.701,8.659
2.0,0.6276131272315979,0.6838235294117647,0.8122270742358079,0.8105,503.373,8.636
3.0,0.6579649448394775,0.6838235294117647,0.8122270742358079,0.8146,500.849,8.593
4.0,0.6256103515625,0.6838235294117647,0.8122270742358079,0.8192,498.068,8.545
5.0,0.6264169812202454,0.6838235294117647,0.8122270742358079,0.8177,498.97,8.561
