epoch,loss,accuracy,f1,runtime,samples_per_second,steps_per_second
1.0,0.6010622382164001,0.6985294117647058,0.8177777777777778,1.828,223.191,3.829
2.0,0.37687698006629944,0.8357843137254902,0.8846815834767642,1.9066,213.991,3.671
3.0,0.30294063687324524,0.8700980392156863,0.9016697588126159,1.8787,217.169,3.726
4.0,0.3027912974357605,0.8725490196078431,0.9090909090909091,1.7923,227.637,3.906
5.0,0.3282131254673004,0.8725490196078431,0.9084507042253521,1.8015,226.478,3.886
