epoch,loss,accuracy,runtime,samples_per_second,steps_per_second
1.0,0.7187975645065308,0.5270758122743683,0.4556,607.99,10.975
2.0,0.7395715117454529,0.5270758122743683,0.4463,620.635,11.203
3.0,0.8736955523490906,0.4729241877256318,0.4344,637.728,11.511
4.0,0.746401309967041,0.4729241877256318,0.4329,639.872,11.55
5.0,0.694877028465271,0.5270758122743683,0.4326,640.326,11.558
