epoch,loss,matthews_correlation,runtime,samples_per_second,steps_per_second
1.0,0.8469778895378113,0.0,1.6642,626.719,10.215
2.0,0.6300745010375977,0.0,1.6605,628.126,10.238
3.0,0.8416571617126465,0.0,1.6672,625.605,10.197
4.0,0.6805329918861389,0.0,1.6672,625.588,10.197
5.0,0.6279378533363342,0.0,1.6671,625.655,10.198
